GP code,0,1,2,3,4,5,6,7,8,9,10,11,12,13,14,15,16,17,18,19,20,21,22,23,24,25,26,27,28,29,30,31,32,33,34,35,36,37,38,39,40,41,42,43,44,45,46,47,48,49,50,51,52,53,54,55,56,57,58,59,60,61,62,63,64,65,66,67,68,69,70,71,72,73,74,75,76,77,78,79,80,81,82,83,84,85,86,87,88,89,90,91,92,93,94,95
E84002,36,29,25,33,36,14,29,32,39,38,30,43,35,36,50,37,43,41,44,31,57,50,63,58,57,66,76,56,52,61,69,45,56,51,77,52,61,70,52,65,67,38,51,55,61,53,49,55,50,39,52,44,36,34,40,61,47,42,53,53,49,50,56,53,61,41,42,43,34,32,37,27,21,30,28,20,30,26,17,25,14,20,19,16,13,17,12,14,15,9,12,5,5,6,8,16
E84003,84,106,84,72,75,86,51,74,63,69,59,51,56,63,45,49,51,36,67,123,110,155,200,208,255,269,235,254,243,197,198,174,176,151,135,163,129,114,113,123,106,106,97,106,79,99,84,59,79,65,71,57,63,58,57,48,59,49,59,46,56,52,45,50,43,49,48,50,61,37,32,44,35,19,37,29,25,22,19,15,19,18,19,9,4,12,10,11,8,6,8,7,5,2,4,8
E84004,26,25,29,28,30,39,41,40,52,40,38,54,52,58,51,45,47,49,47,44,40,46,36,39,46,50,66,46,54,55,50,45,45,45,48,50,54,53,49,57,54,43,50,48,56,46,51,46,43,47,52,29,48,46,47,46,50,68,45,59,54,51,65,55,61,69,48,47,59,42,49,39,30,31,51,29,28,35,37,31,36,20,20,25,20,23,18,16,16,14,11,3,11,4,6,20
E84005,24,27,23,35,36,33,43,44,40,46,35,28,34,45,40,45,39,37,37,29,49,49,46,57,55,54,76,69,65,73,52,56,68,54,50,40,53,52,52,54,48,51,49,49,41,54,48,54,51,46,54,39,38,39,54,37,49,47,38,54,48,43,51,40,40,38,35,24,30,29,30,21,20,36,21,27,20,29,27,20,29,27,13,21,15,17,16,19,18,8,15,7,11,9,5,14
E84006,51,65,64,58,71,78,66,75,79,87,71,78,86,90,78,112,114,113,102,68,86,92,108,93,94,112,101,109,122,114,124,113,114,118,109,118,117,126,123,129,117,137,125,131,130,114,129,124,125,128,122,111,141,125,142,142,129,117,137,116,109,128,90,103,95,113,104,83,68,66,73,72,64,70,64,47,49,61,53,38,45,32,39,40,34,47,41,29,30,33,29,17,14,11,7,29
E84007,27,32,26,33,30,24,32,23,28,39,24,29,51,35,36,38,25,24,25,33,22,26,26,38,38,36,38,47,39,37,47,33,50,44,41,45,43,44,49,31,40,50,51,47,38,39,38,35,32,35,28,36,36,27,26,41,41,25,33,22,44,22,31,21,33,32,28,28,41,35,29,37,29,24,19,29,24,33,38,19,23,27,19,16,18,18,13,12,12,6,8,13,7,4,6,18
E84008,40,32,36,41,48,39,43,60,55,58,58,68,68,54,64,63,63,60,49,51,43,52,59,72,57,63,89,81,82,67,84,97,65,74,78,79,65,69,67,77,72,69,74,62,64,84,58,56,62,45,64,55,54,63,54,53,74,60,58,82,67,70,77,80,55,67,71,69,63,68,64,59,42,38,43,49,49,47,52,34,28,32,29,28,23,33,9,16,17,17,9,12,6,4,7,12
E84009,46,46,53,52,58,53,64,70,61,58,72,75,72,61,88,91,91,67,70,57,69,50,64,83,79,78,80,89,110,92,84,94,72,86,83,74,96,72,84,96,83,79,74,86,73,73,72,74,69,68,58,54,81,70,88,64,70,78,94,82,88,79,72,75,78,65,73,55,57,52,71,56,68,55,54,60,40,58,42,50,31,40,42,31,28,28,18,25,22,29,21,17,16,8,10,31
E84011,3,,2,4,5,4,2,9,6,7,4,13,7,5,9,11,11,9,8,8,7,5,10,5,5,8,11,11,6,13,9,6,10,9,9,10,9,9,9,12,12,7,11,7,7,10,13,11,9,9,5,6,16,12,5,12,9,6,6,8,6,18,10,7,8,8,15,9,5,9,7,8,10,7,5,4,12,6,4,4,6,4,7,7,3,5,3,2,4,3,2,4,1,1,3,1
E84012,17,35,26,28,31,29,31,31,41,33,37,35,43,53,26,44,39,33,48,40,34,38,33,52,56,65,61,69,73,66,72,67,61,78,62,53,60,64,68,69,58,75,65,69,54,51,60,69,43,63,60,70,59,56,47,47,59,54,42,56,52,54,59,49,47,50,41,43,38,31,38,30,37,38,32,37,29,30,23,15,21,17,17,17,9,15,15,15,8,7,5,6,7,3,2,3
E84013,27,37,53,40,49,35,40,64,50,58,60,53,54,79,72,61,58,76,68,62,64,66,74,63,51,61,71,80,86,75,56,62,58,55,57,60,70,65,48,64,69,69,53,63,56,66,62,47,54,42,46,48,67,54,43,58,57,51,64,53,49,52,37,40,43,42,45,28,22,38,24,27,22,25,24,27,19,16,8,19,16,16,25,12,13,10,8,7,14,7,6,7,4,7,1,9
E84014,68,52,60,49,55,46,62,39,58,56,47,43,42,59,55,43,58,50,54,54,39,42,57,74,65,81,96,90,76,72,91,76,70,75,79,65,79,82,97,85,79,65,65,69,73,70,53,59,66,40,61,44,45,52,47,45,40,63,53,50,54,42,68,47,48,44,48,42,38,42,41,32,41,33,34,40,47,42,29,32,27,36,25,21,31,17,30,19,13,10,18,13,3,6,4,11
E84015,52,62,68,86,90,90,100,71,80,69,82,79,84,101,94,88,86,105,77,70,96,86,94,96,104,110,120,109,119,119,110,121,128,103,121,127,121,130,117,121,97,123,108,119,101,101,91,98,89,89,92,121,98,91,89,109,89,92,108,98,110,95,99,97,93,102,85,74,75,65,68,60,58,61,54,48,47,46,52,47,40,36,34,38,25,30,22,22,23,13,11,11,13,4,7,20
E84017,26,22,29,25,35,31,34,35,33,39,30,38,39,38,36,34,57,54,47,50,31,36,45,48,64,65,53,54,53,54,61,60,68,63,59,56,61,69,68,63,56,52,52,56,55,57,45,50,38,52,44,42,47,48,38,59,55,49,56,47,40,46,50,42,43,37,50,46,32,24,29,31,37,26,29,29,30,31,20,19,36,19,24,13,15,18,14,17,16,15,9,7,4,4,4,10
E84018,32,28,28,27,39,40,39,54,39,45,38,54,41,57,39,37,43,38,31,33,40,43,39,39,50,63,67,50,63,67,50,57,59,48,48,51,69,51,67,70,73,52,67,54,52,49,52,54,41,57,50,38,44,44,41,41,49,42,36,56,45,50,39,44,44,48,55,50,49,44,44,49,55,29,41,35,47,42,30,35,37,29,22,23,24,17,17,11,9,9,6,9,8,7,3,14
E84020,24,41,36,39,41,37,27,33,32,34,25,36,33,37,28,39,36,28,27,28,27,39,23,37,51,42,51,45,46,55,57,44,57,50,54,51,51,66,48,46,50,42,40,45,45,37,44,25,45,30,33,37,40,42,38,47,41,33,35,26,36,38,27,31,37,35,42,28,29,23,34,29,16,30,29,23,18,25,18,18,19,21,9,20,15,11,5,13,12,6,7,4,4,2,3,8
E84021,79,64,94,74,82,87,88,92,96,76,87,73,74,88,75,73,58,75,94,87,90,107,104,128,168,184,180,194,177,187,182,178,160,153,160,145,160,145,131,117,120,109,108,105,117,116,93,110,88,74,98,86,85,60,78,98,86,66,79,75,80,84,81,64,70,70,57,48,56,44,52,42,43,33,40,23,31,29,30,17,19,24,12,16,16,16,16,14,12,11,6,8,5,1,5,7
E84022,33,31,24,29,35,24,35,29,33,40,33,36,55,43,38,46,48,47,39,34,37,37,40,43,53,60,62,65,57,59,53,65,56,47,62,67,48,54,60,47,52,50,50,60,57,56,55,49,49,42,43,31,45,23,50,39,50,49,47,52,47,36,43,37,38,28,37,42,36,35,31,33,29,23,23,18,17,21,24,18,20,15,9,15,18,14,20,11,14,3,14,7,5,7,3,13
E84024,73,75,97,109,103,106,103,106,130,128,118,143,139,115,130,132,130,126,124,90,81,77,99,103,97,113,97,109,118,112,109,129,119,168,120,121,126,150,166,185,159,174,194,189,182,171,192,151,154,137,168,133,137,153,124,112,142,147,123,139,105,138,119,133,123,93,110,104,114,113,108,103,109,112,83,92,99,124,102,93,94,72,75,55,53,48,50,41,48,37,34,27,20,13,13,36
E84025,86,95,95,79,87,98,103,96,105,96,84,114,105,83,105,105,88,120,103,81,82,92,107,115,160,158,164,187,168,148,165,176,163,162,165,172,172,176,178,154,172,158,164,160,164,177,167,155,163,147,152,137,164,151,160,153,136,142,139,135,153,120,135,114,106,92,92,77,84,85,69,60,56,55,57,50,46,52,45,48,42,35,33,27,22,21,27,22,24,9,10,9,7,6,5,14
E84028,10,26,24,36,29,26,28,37,31,35,35,28,31,36,46,35,33,36,41,35,35,30,33,34,41,41,47,48,44,43,55,47,61,36,52,53,47,47,46,49,48,40,41,40,37,47,37,37,26,32,39,28,36,53,41,47,51,43,45,48,50,45,48,50,38,36,39,23,29,29,26,17,24,20,11,13,11,9,15,15,12,10,18,11,13,10,11,11,13,9,4,8,5,5,2,7
E84030,32,20,24,22,26,41,30,34,26,23,18,25,26,21,15,29,25,29,19,22,21,30,35,39,28,40,43,32,48,31,39,26,20,38,25,27,32,53,46,29,27,29,30,38,34,45,35,16,22,22,28,23,26,21,22,20,21,19,25,24,20,28,17,20,22,19,17,21,24,15,18,13,19,13,14,13,16,18,10,11,8,6,5,8,6,5,7,6,5,2,6,1,1,5,1,2
E84031,40,44,40,54,43,50,51,66,48,62,62,67,79,71,64,83,66,76,64,66,61,72,78,74,75,86,71,88,85,71,73,59,61,61,45,70,64,69,64,58,56,63,55,58,60,50,51,61,58,48,67,57,53,68,64,66,63,57,63,72,73,56,69,59,61,55,55,37,44,41,30,28,20,22,24,30,24,22,18,21,21,21,19,15,7,17,8,12,15,9,3,9,4,4,3,8
E84032,14,30,21,38,30,45,30,35,35,48,50,45,46,50,57,51,47,62,42,63,67,54,68,87,108,76,71,63,59,59,55,52,46,42,39,48,47,62,64,49,51,50,40,45,69,42,40,49,46,39,44,42,36,39,36,46,39,38,42,40,36,52,30,29,37,24,39,19,18,33,16,27,17,16,16,16,20,10,19,13,14,10,11,19,9,15,12,5,7,10,7,5,,3,,13
E84033,30,50,40,30,42,42,42,47,52,43,57,46,51,56,57,64,49,60,59,64,55,58,74,46,65,57,72,67,58,43,63,46,50,66,58,65,50,54,68,65,44,42,57,51,64,65,44,48,55,47,42,46,39,36,42,33,28,28,29,30,18,24,29,31,15,25,20,14,18,13,19,13,13,20,16,10,13,16,10,11,10,12,8,10,6,11,10,8,9,2,3,4,3,,1,9
E84036,43,41,43,48,51,59,59,44,49,61,63,65,53,69,64,70,73,70,72,51,70,66,64,83,72,77,67,66,75,72,65,68,60,58,60,93,62,70,68,70,81,61,69,88,71,90,53,53,65,70,78,59,73,70,56,59,59,61,61,56,52,39,40,45,38,42,30,25,29,23,28,18,19,24,15,21,17,13,18,11,12,18,20,8,12,7,5,10,6,3,5,7,2,7,3,4
E84039,86,95,88,91,88,94,84,104,102,92,99,93,110,91,91,89,104,77,88,86,73,88,90,121,140,146,160,158,161,157,153,139,166,127,130,137,142,129,146,139,137,136,128,144,99,105,111,104,90,99,92,67,94,79,75,98,71,86,86,78,92,81,93,85,83,86,72,83,84,75,74,64,63,61,65,50,43,46,54,36,31,31,40,37,34,30,25,32,30,20,18,16,15,15,11,25
E84040,24,24,21,29,17,19,28,20,20,25,25,28,24,12,22,16,26,24,14,27,14,30,22,37,24,45,55,35,41,49,44,36,32,41,42,40,44,36,26,43,33,27,29,31,26,31,30,25,15,30,32,27,26,25,30,22,26,26,24,20,24,17,16,19,16,10,25,9,22,21,15,15,13,14,14,9,14,9,11,13,13,11,7,10,8,7,7,4,8,2,4,2,,,3,7
E84042,18,19,19,18,21,19,32,27,41,34,24,37,36,25,53,36,35,32,42,46,33,33,45,46,56,54,40,59,46,39,42,41,42,60,61,58,43,42,43,58,37,35,33,39,43,45,51,55,50,53,46,35,44,45,46,69,54,42,29,55,43,45,40,37,33,38,34,27,16,26,10,25,21,15,21,17,20,18,12,17,18,13,13,7,8,7,9,9,10,8,2,2,1,3,1,9
E84044,50,48,65,61,53,58,46,53,62,61,63,58,55,65,59,74,53,50,56,58,44,58,59,59,93,75,95,88,104,95,111,110,112,105,103,107,120,117,103,124,98,99,79,85,80,74,75,65,72,78,63,59,53,52,65,61,58,60,70,59,53,58,41,48,49,65,57,43,48,38,47,51,43,29,36,39,33,34,34,26,34,25,20,19,19,26,16,27,15,14,14,11,2,3,7,15
E84048,17,23,31,22,24,25,26,21,32,39,44,38,37,54,43,40,38,36,27,33,42,18,40,44,53,67,50,62,52,51,44,57,67,46,50,57,53,47,61,46,49,45,61,61,44,74,56,39,48,53,44,52,50,34,33,43,46,36,39,41,43,47,46,41,40,55,46,38,49,37,49,34,34,36,29,25,29,21,24,21,22,17,17,26,13,15,12,18,11,20,15,8,4,5,4,11
E84049,39,48,54,46,49,57,45,41,67,48,57,48,43,52,43,53,49,50,55,52,57,55,40,53,71,69,74,73,75,56,70,52,76,51,54,60,58,48,62,48,44,48,35,30,40,40,41,39,38,50,45,40,24,27,34,29,35,33,33,23,23,22,22,21,26,21,14,19,13,15,21,13,17,9,13,16,21,12,11,6,13,12,10,10,6,5,5,7,7,3,8,4,5,2,1,8
E84051,26,38,24,31,31,27,35,44,31,32,39,25,37,35,28,29,38,34,31,29,27,35,42,36,42,53,63,64,67,54,59,64,56,62,69,43,59,45,41,72,47,53,44,45,41,55,44,47,17,42,35,38,30,45,42,26,38,38,27,40,32,47,25,42,27,29,27,23,24,31,26,15,18,25,19,21,18,17,17,10,9,10,13,10,8,12,10,6,9,4,5,8,1,3,2,5
E84053,8,5,5,8,13,14,12,11,18,13,18,20,18,21,15,22,25,15,16,12,14,11,12,13,14,11,10,16,8,15,17,20,21,25,9,16,18,19,16,25,22,21,26,19,20,26,23,22,18,25,19,19,25,22,17,26,25,18,32,18,26,19,18,31,28,25,23,23,19,22,23,20,27,29,31,21,25,29,23,19,16,14,10,20,10,12,10,15,8,4,3,3,4,3,,4
E84057,43,42,60,65,55,79,76,82,91,76,69,62,82,93,78,104,92,98,69,63,66,63,54,73,72,72,79,85,83,83,90,101,75,87,85,98,75,64,83,98,90,102,78,86,85,100,97,88,96,90,97,75,90,76,93,86,91,79,82,64,77,88,60,70,72,61,54,63,53,68,54,52,41,56,52,47,46,54,67,54,43,39,40,36,38,37,33,29,23,28,23,25,11,9,5,48
E84058,178,128,170,180,186,178,165,177,178,186,160,171,170,175,195,189,179,163,141,142,130,133,138,152,178,194,221,267,262,224,245,247,247,266,244,266,280,263,256,285,275,220,240,208,233,226,209,209,194,180,172,133,146,145,140,139,127,140,130,123,112,82,99,87,77,86,84,76,72,76,73,73,63,66,63,56,51,53,54,44,35,38,26,24,22,31,22,19,14,14,15,14,8,8,6,10
E84059,15,19,17,29,19,18,21,27,14,13,17,24,22,14,30,25,34,22,24,23,25,24,38,43,44,40,34,37,50,50,37,35,34,35,29,53,43,30,34,44,40,35,22,33,32,42,31,29,33,25,33,26,26,31,23,33,31,17,27,20,17,26,20,20,27,14,29,19,18,17,30,21,13,24,18,18,12,18,13,11,10,5,17,11,6,14,9,7,9,5,4,3,2,2,1,4
E84061,34,38,46,51,52,57,64,64,62,71,53,80,62,63,61,55,59,63,53,44,30,42,53,65,75,66,64,76,59,75,77,94,69,69,61,69,73,72,72,96,76,82,97,93,89,89,84,71,77,54,66,71,82,51,75,80,62,86,74,86,83,88,87,80,93,81,78,77,70,71,83,57,68,59,67,53,62,60,61,61,59,46,46,32,28,29,41,31,19,29,21,16,18,14,14,26
E84062,16,18,23,29,25,37,30,36,35,27,33,41,30,36,33,35,42,38,38,26,34,23,36,37,51,43,51,68,44,39,44,51,38,45,54,30,44,47,40,52,38,41,43,40,37,39,44,32,26,38,44,32,26,24,39,32,37,30,32,31,20,32,28,34,27,30,31,23,21,13,11,16,18,15,19,10,11,11,16,7,8,8,10,4,11,9,5,7,3,4,5,4,4,,6,8
E84063,35,33,47,26,39,36,30,30,35,35,28,39,36,44,38,42,42,39,51,22,31,37,42,46,46,67,64,78,65,63,72,58,63,62,67,62,67,64,59,52,72,56,69,62,50,46,52,43,58,36,41,37,48,30,28,33,24,37,34,25,26,34,31,30,15,15,21,22,15,16,19,13,17,11,9,5,10,9,10,10,6,9,5,5,4,7,8,2,1,5,4,2,2,1,1,5
E84066,132,127,134,152,143,164,131,133,129,132,115,160,127,124,103,116,126,163,269,570,976,1172,1517,2057,2606,2658,2605,2310,2017,1740,1441,1266,1173,1019,862,766,693,683,515,531,456,384,372,365,317,265,266,250,274,243,202,199,202,184,166,146,148,129,143,115,112,115,99,99,93,93,76,69,64,57,48,45,38,59,40,28,29,27,24,27,20,18,13,13,17,21,13,21,10,8,10,5,8,5,3,13
E84067,38,37,52,42,56,56,49,70,52,67,47,72,75,57,58,78,74,75,61,60,80,51,77,59,83,68,71,93,95,69,76,72,64,64,67,69,64,56,69,74,78,78,87,71,61,81,75,64,85,70,65,65,67,68,55,53,52,45,38,36,39,38,34,40,30,42,33,23,29,26,27,22,13,15,12,15,17,16,11,11,11,9,9,9,8,8,5,3,4,9,5,2,4,2,1,6
E84068,51,55,53,62,69,72,76,83,91,92,106,111,85,99,105,98,93,87,83,65,47,75,64,71,84,83,88,93,95,103,103,86,88,103,120,107,123,115,131,134,129,121,113,130,126,133,124,117,104,96,79,76,72,85,82,91,102,89,96,91,71,80,74,93,81,69,77,77,68,84,60,78,70,74,50,73,67,61,50,55,40,54,49,27,32,33,38,25,21,25,20,11,6,14,5,25
E84069,76,92,101,81,100,118,126,121,117,123,109,108,125,121,119,113,107,105,95,94,88,88,99,109,136,122,120,173,165,146,141,146,149,149,130,145,136,135,141,156,152,144,137,140,129,112,127,125,101,113,94,113,102,121,103,103,106,125,94,86,93,101,92,90,78,79,101,75,86,84,66,55,61,69,64,69,68,57,67,39,46,46,25,27,37,37,28,27,16,20,13,10,10,8,14,20
E84070,22,22,25,35,37,37,41,30,39,32,28,25,35,39,35,22,28,31,18,23,17,27,22,27,37,33,29,51,27,45,37,41,51,47,49,57,55,62,69,60,54,54,60,50,48,49,38,24,35,27,28,32,28,33,21,25,30,36,30,33,26,35,30,34,39,18,21,31,19,25,27,29,19,33,22,27,13,17,15,14,14,11,16,16,6,9,10,3,5,5,4,2,6,6,2,10
E84074,49,65,66,71,70,61,67,80,62,74,69,62,69,68,72,69,75,77,82,81,78,79,86,89,105,106,127,123,106,119,120,110,95,98,95,109,116,84,113,87,93,83,98,91,87,77,79,69,72,76,72,67,81,81,81,89,67,82,66,73,78,62,54,65,48,58,51,43,29,33,29,23,35,36,23,23,22,22,11,12,15,11,23,14,13,14,6,11,9,8,4,9,5,2,5,4
E84075,82,84,65,100,70,79,70,79,89,64,57,55,54,46,48,50,44,54,47,53,56,77,92,91,134,167,154,128,127,171,156,132,119,135,123,128,109,95,127,106,95,89,72,76,65,64,70,63,53,57,48,44,45,44,45,39,41,45,33,43,28,34,40,32,37,34,38,40,32,40,19,27,23,12,12,19,17,13,11,12,16,7,12,7,10,4,8,2,8,2,3,,3,1,1,2
E84076,29,24,39,26,37,47,36,39,39,39,38,37,40,34,42,50,50,36,35,38,41,55,31,42,38,52,39,59,50,45,36,33,50,60,48,53,55,60,49,51,45,45,42,48,45,40,54,36,31,36,44,34,40,36,39,43,44,50,41,51,46,49,32,25,41,36,45,29,20,31,31,24,19,25,17,24,16,20,20,12,14,15,13,11,14,12,9,15,9,7,5,2,6,5,6,8
E84078,22,13,17,28,22,23,13,18,21,23,21,16,21,29,25,20,17,23,13,18,23,26,25,28,37,47,36,53,54,56,44,40,40,38,32,38,26,39,34,31,37,37,33,27,26,30,31,29,23,30,25,26,12,27,25,30,39,30,24,33,23,39,27,27,23,33,33,36,31,31,24,25,18,19,22,16,18,12,18,16,11,9,8,15,11,12,10,8,11,6,2,8,6,3,2,8
E84080,23,24,28,52,34,35,41,50,47,41,49,54,62,47,50,52,51,37,43,38,35,44,37,44,46,44,49,59,47,72,57,57,51,71,72,76,84,63,86,70,85,73,67,79,74,70,74,69,70,73,76,57,56,53,58,68,64,60,47,53,65,47,64,54,50,43,38,45,35,34,31,32,27,25,22,31,32,30,27,24,25,23,22,21,15,18,10,13,13,12,4,3,5,8,2,13
E84083,22,20,23,23,17,32,25,31,27,23,37,32,36,40,36,28,25,32,34,28,28,27,27,42,36,26,37,43,38,42,33,42,44,42,36,43,34,52,60,47,43,39,40,36,46,42,35,44,40,35,44,41,23,38,29,36,35,38,34,42,22,39,32,34,44,38,36,30,30,28,30,28,30,28,25,24,27,20,19,19,15,15,20,14,15,10,12,10,9,4,4,3,6,,3,12
E84086,16,15,14,16,26,24,29,31,30,30,30,42,30,29,35,35,32,45,26,34,29,26,25,45,40,44,32,63,54,54,67,61,54,61,65,53,83,47,67,43,50,69,53,54,73,48,66,55,51,51,44,54,58,39,62,49,54,48,48,41,46,46,42,34,33,23,33,33,32,25,23,22,26,30,31,23,14,23,29,18,15,12,10,13,13,7,7,2,11,4,4,8,4,2,2,4
E84601,35,37,44,49,52,41,49,45,47,49,36,46,36,36,33,33,36,42,30,43,44,36,62,49,60,66,67,105,82,89,73,73,95,91,83,96,92,84,78,79,85,61,62,63,43,49,46,54,36,33,47,34,43,41,33,34,35,44,44,31,35,37,34,38,40,29,32,20,36,23,27,31,19,11,23,18,16,23,16,14,31,13,13,8,13,8,9,14,13,11,8,3,1,5,1,17
E84617,36,35,38,47,40,51,35,33,32,35,35,27,43,44,40,34,33,35,22,39,32,39,50,66,74,88,75,103,103,80,100,59,82,79,63,76,73,56,64,58,55,53,58,51,52,47,48,37,44,33,36,35,30,25,33,27,36,30,28,28,28,18,21,17,15,13,12,17,17,10,15,15,10,14,10,17,12,11,11,8,9,8,7,6,9,8,6,6,4,2,3,3,3,4,,1
E84620,15,32,35,29,29,36,35,37,42,32,34,31,29,42,47,47,42,29,28,37,41,38,36,50,50,54,56,50,51,60,51,44,49,51,49,60,51,53,62,49,49,49,47,53,46,44,38,37,32,37,50,39,42,45,39,45,28,31,29,37,33,31,29,24,37,27,26,24,17,16,21,19,21,17,21,13,19,8,12,13,5,16,5,8,11,7,4,8,4,3,2,1,5,,2,2
E84626,29,27,20,24,21,23,21,21,20,16,27,18,24,24,29,29,26,21,26,22,32,31,41,48,48,66,43,56,55,65,42,39,50,36,43,34,53,36,30,30,35,39,34,33,27,34,28,25,23,33,33,27,29,23,21,27,25,17,29,28,25,16,19,20,15,21,13,17,14,21,10,10,23,12,14,11,9,10,15,8,4,10,8,3,3,6,7,4,4,2,2,2,3,1,1,5
E84635,17,27,24,25,21,38,23,22,34,32,36,35,39,40,37,38,45,45,38,40,37,41,39,34,44,48,44,32,44,43,45,30,45,38,38,47,36,41,32,66,41,34,49,41,49,46,47,46,40,47,55,31,38,28,26,26,21,33,25,27,22,22,27,23,25,25,25,13,22,20,18,9,13,11,12,6,8,5,7,6,8,8,4,10,6,5,3,8,5,2,4,2,,1,3,2
E84637,20,32,17,26,29,44,31,42,39,43,42,34,46,36,35,41,36,27,31,25,31,28,28,38,36,55,37,45,46,49,47,41,38,46,50,55,45,44,46,39,46,44,32,40,37,46,34,30,29,28,30,28,24,25,21,21,27,26,21,21,19,20,19,13,19,7,13,10,9,9,8,5,7,7,12,8,8,7,3,6,4,3,5,3,3,2,1,2,1,2,1,1,1,1,,
E84638,21,25,23,26,29,35,32,36,22,32,22,32,32,37,36,39,44,37,34,30,38,46,52,72,69,72,71,63,65,57,55,62,49,45,55,51,46,40,32,37,36,32,41,50,46,34,44,36,28,38,34,25,25,36,27,25,34,33,23,25,37,33,29,34,29,30,31,21,25,20,25,22,14,18,14,12,15,11,12,8,16,7,12,5,9,11,3,6,4,6,2,7,4,3,2,3
E84645,49,55,44,44,50,52,46,58,52,55,53,46,48,43,51,68,47,53,40,46,35,38,55,48,60,88,93,82,97,90,94,100,116,95,93,95,88,81,69,91,89,70,69,58,66,63,61,46,51,44,57,42,39,50,44,47,50,51,37,44,19,38,44,43,27,37,21,34,20,29,20,16,18,18,16,13,10,10,20,9,6,14,9,7,8,9,8,4,6,6,4,1,3,2,3,6
E84646,51,52,60,73,77,87,77,70,72,68,65,50,55,52,64,51,42,41,36,36,34,30,21,42,52,58,59,70,83,71,88,81,96,74,90,66,66,77,82,69,61,62,43,50,51,52,36,28,37,45,31,29,27,29,33,26,24,21,20,21,16,19,27,14,15,22,18,20,16,15,14,8,15,4,7,12,2,5,10,8,7,5,1,8,9,5,4,2,1,6,2,3,1,1,2,1
E84647,39,30,16,24,28,30,19,25,25,21,17,16,22,18,15,21,20,18,20,24,21,27,33,58,46,56,59,70,57,50,46,40,47,45,36,50,30,32,29,34,46,41,25,27,22,14,23,18,26,13,13,20,17,17,20,11,22,23,20,20,24,19,18,24,11,23,18,20,23,11,16,19,16,17,19,15,10,21,14,15,15,11,8,8,7,10,9,4,6,4,2,1,1,3,1,6
E84653,44,47,50,34,57,45,45,56,57,50,48,42,51,40,35,46,49,45,37,37,37,38,51,44,57,70,62,80,70,81,74,79,72,64,70,89,74,71,79,71,59,49,63,62,48,58,45,39,32,42,43,42,34,30,23,37,32,30,29,35,31,35,32,31,28,32,24,29,22,21,18,20,25,16,17,18,11,12,15,7,9,7,7,11,8,10,18,13,9,9,5,6,9,7,4,10
E84656,23,39,39,37,40,35,32,29,32,36,31,22,43,30,25,33,33,34,29,32,30,31,33,41,56,50,53,62,67,60,50,56,70,69,58,76,52,60,73,64,57,66,40,48,44,52,40,33,36,37,33,40,37,30,44,46,34,32,34,34,25,28,27,29,35,32,31,26,20,17,18,24,12,15,19,11,12,11,15,7,11,7,5,8,5,6,6,6,4,4,6,3,2,3,2,4
E84658,21,14,24,29,17,34,33,30,18,25,34,33,24,36,31,33,41,42,33,30,19,42,27,35,40,28,29,38,48,41,40,37,46,32,44,37,28,41,44,58,30,31,35,37,37,37,30,31,35,38,28,31,25,28,34,31,36,22,25,26,24,32,29,22,33,23,36,24,17,23,24,19,24,19,25,29,15,23,17,16,19,15,9,9,14,8,8,9,4,4,9,7,3,2,5,5
E84663,33,42,39,35,52,51,47,37,41,49,37,36,30,31,25,27,30,33,38,52,73,80,68,79,98,127,96,116,113,100,76,88,96,97,96,80,94,70,74,69,63,62,40,52,75,44,38,38,40,38,42,39,41,34,25,29,35,33,20,31,27,22,33,26,21,31,34,25,29,29,27,29,23,24,24,31,22,13,20,14,18,20,15,15,7,6,14,5,6,13,8,2,6,2,3,9
E84665,37,28,41,54,49,49,46,54,59,42,47,67,58,59,58,64,65,52,56,39,58,55,51,57,64,64,72,79,54,65,60,66,51,65,54,49,75,75,63,64,49,62,62,62,66,74,60,55,50,52,67,50,61,49,54,44,39,42,40,55,45,41,47,37,39,43,45,41,38,33,21,29,38,26,25,25,20,22,15,20,11,15,14,6,13,8,7,12,10,3,5,7,5,2,,8
E84674,7,18,6,11,18,18,17,22,20,23,19,29,23,20,26,25,23,24,20,28,26,17,20,20,29,28,27,32,22,29,35,40,42,33,40,33,26,34,43,51,41,49,42,32,43,43,42,42,46,40,30,32,29,30,36,43,29,22,29,18,20,20,22,18,25,21,32,12,14,13,14,18,21,12,11,11,15,7,4,5,4,7,8,4,5,3,5,7,2,5,1,4,2,,1,2
E84676,16,16,14,21,26,21,18,21,19,22,22,23,29,21,30,22,23,16,35,33,29,24,24,38,23,39,26,34,32,26,26,29,18,27,19,31,29,31,29,21,32,20,35,20,37,26,25,32,33,21,19,23,31,32,19,26,26,27,24,29,15,15,25,16,15,18,13,9,11,13,12,11,5,10,12,13,16,9,5,11,10,7,4,9,5,5,3,,2,1,2,4,1,2,,1
E84678,25,12,18,23,26,24,23,24,23,32,29,22,17,19,18,27,19,23,18,14,30,18,20,26,25,29,38,43,32,38,33,34,37,42,45,44,47,26,51,40,35,39,43,32,34,27,30,30,15,29,31,28,25,19,25,20,29,18,26,25,32,28,21,33,23,25,29,22,19,11,19,21,18,18,15,17,16,15,9,11,7,6,13,3,8,8,10,8,4,5,4,3,6,2,,9
E84680,40,38,42,25,28,36,43,38,37,33,43,32,21,15,32,28,15,21,21,24,21,25,37,43,49,43,51,59,75,52,80,72,70,74,68,69,62,68,70,64,62,42,48,55,44,38,33,39,30,34,32,22,24,33,25,21,16,24,15,20,19,15,24,12,20,14,15,10,15,15,8,11,12,8,16,11,7,7,5,9,10,3,5,8,6,3,3,3,4,5,,1,1,2,1,3
E84684,18,34,20,24,23,32,35,36,25,26,32,29,30,32,27,31,26,29,18,28,23,31,30,33,40,47,41,48,42,53,50,41,51,44,44,47,54,50,49,38,37,47,33,34,39,31,37,25,47,30,28,20,30,24,23,36,24,23,19,24,31,18,24,16,17,16,22,21,11,14,22,5,11,18,8,9,12,5,13,9,10,12,7,11,9,5,4,6,6,3,2,3,5,1,2,6
E84685,21,21,27,41,25,42,49,45,45,61,37,49,51,50,57,57,44,50,54,28,40,39,44,49,47,53,67,56,54,60,46,56,61,65,61,48,59,60,60,75,68,64,45,56,68,60,38,50,42,42,44,48,56,41,37,35,46,46,30,44,45,56,43,37,53,44,42,39,40,32,38,44,38,26,30,27,33,32,20,21,25,16,29,12,17,23,17,21,12,12,7,11,6,6,3,9
E84693,59,44,40,48,63,63,52,45,44,50,60,59,65,60,75,72,64,41,43,40,36,41,46,73,62,82,97,80,84,107,69,80,97,94,91,96,113,83,91,91,89,69,99,68,87,94,78,60,79,79,79,70,62,75,62,68,71,59,59,61,47,53,49,55,54,43,31,40,37,37,29,21,28,24,16,32,21,22,27,10,17,9,12,9,9,12,14,6,11,8,4,4,1,4,1,3
E84699,13,18,16,19,21,18,17,34,16,16,26,19,23,19,26,21,18,14,18,18,16,17,22,19,20,36,32,37,25,39,37,35,31,30,33,38,34,33,38,33,35,38,23,24,21,21,22,26,27,19,17,26,19,22,25,19,23,27,14,14,25,20,17,24,21,18,18,19,12,19,16,12,13,15,9,12,13,15,8,11,10,5,10,3,4,1,8,10,4,4,4,7,2,3,2,4
E84701,38,27,23,25,24,37,28,29,26,24,31,28,31,30,33,24,33,28,26,16,33,37,33,43,50,48,64,47,56,54,62,48,44,33,36,39,46,36,31,42,35,31,43,49,36,44,28,39,37,26,32,31,22,31,33,27,28,32,18,25,27,28,28,17,19,22,14,28,13,17,17,10,18,10,10,13,6,11,11,5,5,9,9,7,7,2,2,2,1,1,3,3,1,2,1,4
E84702,92,79,77,71,84,71,81,61,62,76,63,64,63,62,64,64,78,54,63,68,85,90,112,130,138,180,198,224,211,195,212,194,190,191,178,147,159,143,146,103,109,107,107,87,87,62,63,71,62,62,58,54,54,57,39,48,53,43,39,54,33,31,49,43,40,32,23,28,24,38,19,15,19,16,23,20,23,11,13,15,13,3,7,7,9,9,2,2,2,1,2,5,1,2,1,2
E84704,7,12,12,8,11,15,18,16,10,12,11,2,14,18,16,17,20,20,19,12,16,14,24,21,25,31,24,22,20,12,18,13,21,16,21,16,15,14,12,16,15,12,9,5,8,18,10,14,12,16,21,14,24,16,21,20,13,24,15,25,14,14,18,14,14,13,13,7,8,15,10,7,9,13,14,9,11,11,8,4,6,4,2,4,5,1,7,3,6,4,3,2,2,1,,1
E84709,137,114,99,91,56,86,69,82,76,86,70,66,83,81,66,70,74,72,152,201,208,272,422,462,490,437,482,372,383,378,339,329,319,287,295,250,207,186,170,163,158,136,139,141,118,123,107,102,94,99,91,75,85,89,62,80,67,81,75,69,71,55,78,71,57,50,48,53,52,54,51,33,35,31,36,27,31,24,23,28,15,17,22,18,7,18,15,11,13,10,7,3,10,2,3,7
E85001,44,37,34,41,46,47,46,54,51,44,46,47,38,55,52,43,59,43,47,32,44,33,48,47,47,56,69,75,70,73,65,54,85,63,75,81,89,83,74,75,88,68,68,67,79,72,61,62,51,53,40,58,61,47,52,57,61,55,41,49,51,42,57,47,56,39,46,45,47,35,29,26,33,26,29,28,30,38,25,21,25,28,21,15,14,21,13,14,13,14,8,5,8,4,5,13
E85003,50,52,49,40,59,56,54,82,75,62,71,71,77,75,67,68,70,69,81,75,81,85,117,124,169,205,234,228,234,240,237,229,227,231,242,225,235,234,208,199,190,167,142,142,135,142,122,148,126,113,117,124,104,110,127,111,112,109,104,100,130,93,102,80,84,62,59,68,53,60,63,48,38,42,46,53,39,40,31,29,30,26,35,23,25,14,11,14,8,10,12,4,3,2,4,8
E85004,28,30,27,31,30,29,27,33,38,52,44,45,45,47,45,49,58,52,41,45,36,20,37,41,41,47,53,49,47,67,51,54,67,59,62,67,59,77,62,72,64,56,69,60,64,55,66,49,54,43,50,54,45,38,42,41,49,39,37,47,47,39,41,44,34,34,24,25,35,28,29,24,17,14,24,22,19,27,16,24,13,15,17,10,13,17,13,10,8,13,7,6,2,8,1,13
E85005,16,26,21,20,31,14,23,23,21,25,26,23,21,23,21,23,26,35,25,28,16,33,41,38,47,60,50,63,63,59,45,43,51,45,45,58,38,48,48,32,42,29,31,33,33,37,29,28,31,27,24,36,33,35,18,25,35,26,15,30,25,21,20,19,21,15,20,18,17,15,18,12,20,9,14,21,15,19,13,6,5,5,7,8,7,5,3,2,2,1,3,2,,2,,3
E85006,29,19,26,24,29,29,21,27,37,30,38,34,35,38,39,29,39,32,28,44,32,34,48,34,38,44,36,49,36,37,50,33,36,46,44,40,39,46,32,38,24,38,39,35,41,33,40,30,37,35,32,41,32,31,31,26,35,31,40,29,17,22,28,23,22,18,12,21,13,12,15,21,6,11,6,17,6,7,10,5,7,4,9,6,5,7,5,5,4,3,3,2,2,1,1,2
E85007,53,47,47,59,61,72,45,52,60,68,58,61,76,70,74,75,78,75,86,78,77,72,81,76,73,87,89,80,79,77,102,87,80,119,100,90,86,99,103,106,90,102,106,101,95,111,99,89,73,96,90,101,106,89,104,83,79,82,80,79,86,79,75,69,64,65,77,69,55,52,63,63,53,40,39,57,38,50,42,35,26,35,16,28,21,19,20,11,14,14,12,12,19,8,7,18
E85008,18,20,17,16,18,15,22,23,30,28,28,31,28,36,31,47,42,32,31,24,28,35,42,45,78,67,77,83,65,57,54,66,63,57,57,46,50,51,53,40,45,38,37,40,45,44,48,41,38,38,57,46,47,58,46,54,49,46,57,41,49,31,21,30,33,34,33,41,30,33,35,17,35,25,27,22,27,35,23,21,16,23,20,12,13,14,18,12,10,13,6,7,6,2,6,5
E85012,25,16,11,19,27,31,21,21,31,30,33,30,31,30,26,27,26,33,29,28,25,37,29,33,47,34,50,34,35,45,34,36,34,40,39,36,29,32,42,30,33,34,40,34,41,33,43,25,39,27,33,34,31,33,36,23,29,28,36,41,33,33,31,25,31,26,24,39,31,31,28,26,31,30,18,25,17,21,15,16,11,21,20,14,16,13,8,7,9,5,7,6,2,5,3,11
E85013,27,29,22,29,27,16,32,37,36,32,25,33,34,41,38,34,34,26,31,26,26,36,34,46,44,55,49,53,64,74,63,59,67,62,72,65,47,74,53,51,55,48,55,53,47,49,43,53,44,33,35,40,36,27,41,36,35,28,38,41,35,30,36,25,29,35,31,18,26,26,24,16,15,23,12,12,9,16,5,7,3,15,4,7,5,5,4,4,1,7,1,3,3,1,1,2
E85014,23,28,33,38,42,38,38,61,45,60,55,47,68,57,45,52,47,57,32,20,15,27,37,32,35,37,33,66,39,67,61,59,57,50,54,67,72,63,59,59,72,74,65,67,82,78,85,62,52,58,65,63,54,40,51,65,67,73,61,31,60,52,50,46,39,46,40,42,39,48,39,27,45,34,35,34,35,42,30,17,15,31,17,17,18,11,20,10,14,16,7,5,8,2,5,4
E85015,48,60,38,44,42,47,43,54,43,55,42,46,47,37,34,52,46,55,43,41,45,60,62,63,68,73,78,100,92,91,88,92,78,84,80,91,97,91,74,78,78,71,66,80,72,66,49,63,65,54,48,58,49,61,54,42,40,43,43,40,49,35,31,36,45,43,44,45,56,38,51,46,33,43,42,41,40,32,19,18,20,16,18,14,14,10,21,15,9,10,7,8,4,2,4,10
E85016,45,39,41,38,50,51,52,40,57,46,45,44,51,50,59,55,58,56,63,51,63,63,89,116,129,122,123,144,131,133,148,121,102,107,127,108,117,89,88,90,77,79,84,86,79,96,88,74,66,69,81,82,79,73,84,88,76,78,81,77,68,65,72,46,50,68,50,44,34,44,37,48,33,32,39,35,25,25,30,20,23,32,19,24,14,27,19,17,13,12,11,5,11,4,6,10
E85019,41,35,38,41,32,35,34,49,45,43,49,52,38,41,46,52,58,45,52,44,49,63,57,58,60,77,81,76,69,81,89,73,80,81,70,72,77,63,74,74,72,71,62,74,63,48,62,50,67,57,67,73,45,41,64,51,62,52,42,54,50,44,41,34,40,50,44,46,38,27,34,32,43,22,19,29,21,23,24,18,16,20,19,15,14,16,17,5,8,9,9,6,3,5,3,13
E85020,56,59,56,71,65,77,81,100,94,83,76,105,78,78,78,82,74,62,75,63,56,54,90,94,113,123,150,150,150,151,172,175,186,173,193,175,184,169,188,171,145,174,158,150,158,131,126,137,127,105,103,103,111,100,119,76,103,101,91,88,82,66,58,61,71,57,49,49,51,49,41,49,40,36,34,41,51,54,48,33,22,42,26,31,27,20,21,16,11,7,9,8,5,10,5,15
E85021,33,32,40,30,43,45,44,39,41,20,45,44,41,55,36,46,46,49,62,42,56,49,57,57,67,63,54,53,51,56,52,46,45,44,65,53,47,59,51,62,50,49,54,51,43,40,46,59,40,48,45,43,40,41,37,55,49,41,46,40,37,34,31,32,34,25,26,22,26,20,12,17,18,13,11,8,17,11,12,12,14,7,13,5,9,12,5,10,8,3,5,,3,1,4,6
E85023,12,13,11,15,6,8,13,12,12,13,12,10,16,7,14,10,23,11,16,13,16,24,23,29,25,18,29,24,30,21,33,19,19,16,28,25,15,25,30,21,20,17,15,14,24,16,15,20,19,19,18,14,17,10,17,20,10,12,20,26,15,19,17,13,21,14,14,18,13,13,15,10,16,10,8,18,11,15,11,8,8,2,7,9,5,7,4,7,3,3,6,,3,,2,3
E85024,23,19,15,17,25,26,28,34,26,29,25,35,40,39,40,31,37,39,25,22,24,44,31,29,33,33,41,48,48,31,40,33,41,35,33,46,38,39,38,43,34,37,44,37,44,35,40,38,30,36,31,35,27,34,33,38,44,37,26,26,39,31,40,36,20,22,21,15,26,29,19,18,22,17,19,18,20,18,13,9,10,7,14,19,13,9,5,15,5,4,4,4,,1,5,7
E85025,53,48,58,70,62,52,38,57,51,37,38,31,54,32,35,46,29,37,34,36,42,36,53,96,129,203,236,265,302,292,290,251,242,245,209,207,192,173,149,152,119,99,98,87,85,75,59,74,58,62,59,53,38,52,47,40,40,41,34,40,34,32,35,21,20,30,29,16,21,32,25,21,13,23,18,19,20,13,13,14,15,9,9,4,8,9,7,7,5,5,7,4,2,2,3,9
E85026,58,64,83,70,52,66,97,92,70,60,77,68,107,69,82,70,80,76,54,50,69,75,72,77,91,111,120,128,115,121,131,144,141,143,164,142,159,158,140,148,158,142,142,143,150,137,112,103,119,70,103,92,89,99,89,84,80,87,100,96,63,70,78,75,63,71,70,43,50,62,40,47,53,58,40,44,46,59,61,35,42,53,41,32,41,22,24,16,15,10,6,8,11,5,5,16
E85028,19,24,36,25,39,37,36,42,40,53,52,54,53,42,62,59,51,55,51,39,51,49,60,62,79,73,71,82,81,73,86,77,81,89,83,72,88,82,72,63,62,70,78,80,72,60,65,54,67,52,67,66,59,52,53,65,46,59,53,56,45,46,45,40,44,43,52,24,36,34,30,31,24,23,28,24,25,37,23,23,22,21,23,16,13,8,10,9,9,7,6,3,4,1,3,7
E85029,53,36,50,45,39,46,37,35,39,41,51,51,54,53,47,52,58,53,48,65,74,56,111,130,149,159,225,216,195,185,205,167,170,187,168,183,168,153,161,128,154,110,130,107,110,87,98,98,99,96,83,80,88,84,86,57,77,94,72,77,65,85,65,58,51,52,46,41,42,39,33,37,34,25,26,28,24,27,33,20,21,20,32,20,22,20,15,9,12,8,3,6,4,2,3,15
E85030,30,42,18,27,32,19,22,31,19,40,35,36,36,43,30,26,29,41,40,30,37,25,33,41,40,53,39,64,63,48,54,72,54,42,50,77,59,47,64,66,56,58,59,66,49,52,51,50,55,60,61,53,47,55,55,46,50,41,47,44,32,37,26,38,28,29,29,26,24,20,19,30,18,24,28,27,24,25,28,18,18,16,15,7,11,11,7,4,11,12,10,5,3,4,1,8
E85032,12,10,12,9,16,17,16,16,19,19,20,13,15,25,15,22,18,23,19,27,20,21,27,29,33,38,32,33,47,47,35,45,48,36,42,42,50,42,29,38,46,32,31,28,37,35,37,31,39,35,33,35,34,44,31,31,35,38,38,36,27,30,30,19,24,18,22,16,18,6,18,25,11,19,20,19,16,18,19,17,15,9,14,14,10,9,5,4,6,3,7,1,5,1,6,8
E85033,36,24,45,27,31,35,40,57,41,44,53,44,41,39,39,37,33,48,58,54,47,70,74,83,163,167,175,178,164,164,154,140,129,133,125,125,132,97,96,87,81,73,88,80,90,63,79,84,58,61,60,89,63,74,69,69,48,56,67,52,58,53,61,61,55,46,43,46,51,38,45,33,39,31,27,36,28,33,29,24,25,18,22,21,19,16,12,12,12,6,10,11,7,4,3,12
E85034,12,19,22,22,19,19,28,30,44,23,23,30,32,32,28,32,25,24,26,18,15,24,19,39,33,30,40,40,50,34,41,39,44,40,42,41,37,45,33,51,32,49,49,44,40,44,40,35,26,28,37,34,28,28,28,38,32,40,26,27,29,24,29,30,22,22,26,21,31,30,23,20,25,26,14,15,16,18,19,27,20,19,14,11,18,11,15,11,7,8,9,5,3,6,3,5
E85035,29,36,38,44,41,47,54,46,36,29,39,44,39,43,37,52,38,44,30,31,37,41,38,41,63,48,67,59,62,60,66,63,56,64,58,55,65,57,68,85,55,59,46,49,54,49,48,49,48,35,37,45,33,34,29,24,31,29,48,25,22,32,34,34,29,22,32,19,26,25,33,20,17,20,22,22,21,12,8,6,21,9,6,8,7,6,7,4,2,4,9,1,1,,1,3
E85038,26,24,21,22,19,17,25,23,25,38,30,28,29,26,29,42,33,25,17,23,17,17,21,43,49,71,71,73,63,69,63,71,67,74,54,69,61,54,54,50,50,53,44,49,42,48,45,44,47,28,30,31,28,39,25,38,32,31,37,31,27,32,22,25,31,23,26,21,19,17,27,8,14,14,23,17,21,15,14,12,17,12,12,8,10,3,8,4,7,5,3,3,5,3,,2
E85040,18,30,20,17,14,18,36,26,42,37,32,40,37,46,26,49,38,47,48,28,27,35,45,43,51,39,62,60,41,43,62,42,52,27,47,53,54,53,54,62,49,61,58,42,61,61,53,55,54,53,61,69,73,51,59,62,54,54,61,46,52,63,60,49,50,46,48,34,39,43,45,59,44,38,44,46,29,42,46,42,47,39,23,30,13,17,22,16,16,11,9,3,11,7,5,10
E85041,32,24,32,32,29,31,26,32,27,32,30,35,44,42,39,48,42,53,34,38,29,30,37,27,50,38,36,40,49,31,61,51,55,48,42,53,43,56,58,43,40,50,51,49,47,62,48,43,48,52,43,44,38,48,44,47,32,32,30,36,31,37,39,28,24,25,32,25,25,21,29,18,30,15,20,15,12,15,26,19,14,12,12,11,8,10,5,7,2,3,3,1,1,3,,3
E85042,27,43,39,37,23,25,25,41,28,22,37,26,41,25,33,31,25,32,30,24,25,24,36,67,75,93,98,108,124,115,111,102,94,95,102,102,102,77,75,71,68,62,51,45,54,57,44,42,41,44,50,46,40,39,45,46,38,38,31,32,35,35,34,33,29,18,23,16,16,17,20,17,15,22,18,10,17,15,11,12,11,12,11,7,7,6,9,8,9,1,5,1,4,2,1,4
E85045,10,11,14,16,8,17,21,14,19,17,14,16,18,16,15,23,30,28,13,23,21,17,20,17,20,22,15,19,18,13,19,16,19,18,22,12,14,20,12,28,17,21,28,34,25,20,17,28,26,27,28,24,26,25,24,22,13,28,26,25,26,16,20,17,21,16,19,21,25,12,13,17,7,12,12,13,18,17,19,10,12,19,8,9,5,5,4,6,10,1,4,4,2,3,2,5
E85046,17,21,26,30,34,19,28,26,35,34,34,33,35,44,36,42,52,45,31,43,39,38,29,36,42,45,45,40,50,55,47,35,40,43,40,47,46,33,46,53,57,45,52,53,59,46,56,35,49,43,40,33,33,33,37,36,47,43,41,43,38,30,42,40,32,31,25,21,22,29,25,18,21,19,24,16,15,17,22,10,11,16,14,17,18,6,9,11,8,11,3,5,5,4,3,8
E85048,41,36,39,42,51,55,37,48,42,47,47,39,58,47,47,50,42,44,38,37,38,43,41,61,56,71,73,79,93,88,102,102,101,109,105,118,95,90,80,69,72,68,66,50,67,47,51,43,55,39,53,37,42,40,38,36,41,42,33,43,39,34,37,30,38,29,33,22,38,19,23,19,19,19,12,12,12,16,11,11,8,9,6,11,5,6,7,2,3,3,4,1,2,2,2,3
E85049,42,58,42,60,45,46,45,29,47,46,46,41,54,38,50,44,59,42,45,47,50,63,66,79,87,84,98,88,82,76,67,74,47,49,63,61,64,52,49,51,67,56,66,53,50,46,50,42,51,47,40,47,34,28,43,36,22,41,37,31,26,26,24,23,27,30,34,31,29,26,24,26,23,13,15,28,12,26,19,8,13,13,10,7,12,8,7,15,8,3,4,3,4,1,4,4
E85050,26,35,23,41,33,30,26,44,45,40,41,38,46,49,50,52,51,48,40,42,41,47,47,37,53,51,60,57,59,65,53,66,64,50,52,54,57,65,69,57,58,62,47,70,64,52,56,46,44,48,42,40,54,45,57,50,48,61,53,59,47,41,55,34,39,32,31,45,33,36,18,26,30,21,25,28,27,24,18,26,20,26,12,14,13,7,10,10,16,8,10,2,7,2,,3
E85051,13,21,18,22,18,14,14,20,21,14,27,31,42,34,35,41,33,30,35,28,31,31,28,27,23,28,33,25,33,30,26,27,29,30,27,20,29,27,21,30,22,25,33,30,44,26,25,37,23,37,42,36,34,34,30,47,41,33,37,41,35,40,27,26,28,22,42,30,20,17,28,24,20,21,16,19,16,15,20,14,12,13,13,12,9,7,14,8,9,5,9,2,4,4,5,10
E85052,40,50,34,33,49,31,44,34,38,42,45,32,40,51,48,36,44,43,33,36,35,38,43,45,49,73,52,53,76,69,63,69,61,56,52,68,59,59,56,58,49,52,56,44,50,44,55,40,38,45,32,43,41,38,43,55,42,48,26,28,39,25,34,20,26,26,19,24,30,25,32,23,13,26,22,22,23,15,17,9,16,14,14,14,11,8,4,6,4,6,5,2,3,3,2,8
E85053,5,9,8,15,26,12,12,19,23,18,13,20,16,21,20,29,24,23,19,17,13,22,10,24,19,18,17,21,27,29,29,24,18,28,23,22,22,33,24,23,26,22,22,23,25,30,27,25,16,18,26,11,18,20,31,25,26,20,26,24,29,22,29,20,26,18,19,25,23,16,18,16,16,13,9,13,10,19,11,12,11,6,6,4,5,6,5,5,4,5,1,3,2,1,1,2
E85054,47,33,48,46,60,66,54,63,60,64,45,53,66,67,55,71,73,71,53,68,58,61,77,92,90,76,91,86,93,90,80,87,83,81,83,88,81,84,86,103,84,102,87,92,82,88,79,67,57,78,83,57,49,68,60,61,59,64,67,68,71,56,51,57,62,57,47,41,48,37,43,50,43,41,38,24,39,30,36,33,18,22,19,25,18,20,16,12,7,10,7,6,8,7,3,10
E85055,30,23,24,32,29,35,35,39,41,39,43,45,36,37,40,42,48,48,38,43,48,41,58,59,73,76,80,75,108,95,116,124,133,127,133,125,153,114,98,105,108,102,82,66,88,82,74,75,62,70,58,71,72,60,69,83,75,64,69,58,86,61,50,45,44,31,53,34,29,36,41,34,38,35,31,32,29,39,19,27,22,14,24,12,18,13,16,9,10,7,6,4,4,3,3,6
E85056,29,35,37,39,44,48,47,64,40,47,55,54,60,46,45,65,61,53,44,56,29,31,32,42,36,37,46,56,55,46,52,49,49,52,49,71,75,65,75,75,84,64,58,66,77,59,46,69,57,40,60,55,45,45,48,46,52,49,49,54,44,39,46,37,39,42,32,33,29,35,30,38,22,19,19,20,30,17,25,15,9,14,6,7,7,9,10,16,5,8,5,7,7,4,4,4
E85057,34,28,28,42,32,33,50,46,58,51,59,72,62,58,75,72,66,69,69,60,54,54,71,57,63,62,54,63,59,40,58,70,69,60,55,65,73,65,72,83,73,75,71,82,81,78,74,84,77,83,81,84,84,78,97,85,62,71,80,64,58,65,61,65,60,54,55,65,62,52,62,49,55,72,59,55,41,59,45,32,47,42,28,21,33,22,21,27,12,13,11,14,10,7,10,17
E85058,32,33,26,24,37,25,41,32,42,38,48,30,33,53,48,48,59,56,47,32,45,34,46,31,41,46,36,47,48,45,43,43,56,57,48,47,46,45,52,53,56,54,47,51,52,54,54,55,57,45,53,51,56,55,45,44,51,70,42,42,34,50,41,32,39,43,35,33,27,34,33,48,33,26,33,27,35,34,24,18,23,12,12,20,25,18,21,17,14,12,2,6,4,4,3,6
E85059,23,37,25,21,47,37,28,39,45,50,55,56,37,64,51,52,56,51,58,36,35,31,49,52,32,48,49,39,44,49,45,49,48,50,53,55,65,64,73,64,68,81,72,83,62,74,63,66,49,52,63,55,49,49,48,43,39,51,52,48,40,32,44,32,31,58,26,42,32,39,35,42,29,31,26,21,34,25,26,18,24,14,17,13,19,12,10,13,10,5,6,9,4,3,5,5
E85060,19,30,26,29,31,34,30,29,39,45,46,37,36,37,38,43,39,33,32,33,34,23,30,29,49,40,55,59,39,40,45,40,53,44,45,50,49,56,55,53,57,47,58,58,65,57,50,44,33,31,41,38,30,42,33,34,42,39,37,42,47,40,30,26,37,37,37,28,26,20,25,26,18,22,22,12,24,20,12,8,17,19,14,11,6,4,7,6,4,6,3,6,6,1,3,4
E85061,39,67,45,39,35,45,29,51,38,38,44,32,31,33,33,28,35,29,29,35,26,39,55,46,53,60,72,72,64,69,56,65,68,44,54,43,57,46,40,37,39,37,38,36,47,36,31,35,31,38,20,21,25,30,23,33,35,22,17,27,31,24,23,25,21,26,17,26,21,18,21,18,14,8,16,14,18,15,11,12,13,7,8,13,7,8,8,5,3,5,7,5,1,1,,5
E85062,78,74,91,84,92,93,96,80,104,85,96,84,113,108,82,83,79,62,58,58,74,59,68,75,105,99,120,127,135,140,150,144,187,128,169,169,159,156,163,136,135,124,114,115,125,90,78,78,63,60,53,53,56,39,50,41,50,29,28,41,33,34,28,33,36,33,24,20,19,28,26,12,14,14,11,16,18,14,8,9,14,12,7,12,6,5,5,2,8,2,1,2,2,2,1,5
E85064,37,45,39,55,28,50,42,52,46,60,48,36,35,36,43,49,46,47,34,41,55,52,38,49,62,74,60,55,55,55,44,65,46,51,63,61,68,62,48,54,53,45,55,59,35,46,59,54,37,42,42,40,30,50,34,52,36,44,52,41,40,35,32,29,39,27,28,40,26,19,20,22,21,18,15,19,16,14,19,10,8,16,17,9,4,7,6,5,6,3,6,3,2,1,2,2
E85066,18,11,25,33,25,24,16,28,23,22,31,21,25,23,23,20,20,18,12,27,10,10,21,29,27,23,39,23,31,29,25,24,33,23,38,27,48,32,36,25,35,32,31,28,30,43,36,36,29,28,29,30,26,34,29,21,25,46,21,23,29,20,20,25,30,14,17,16,19,21,16,24,15,14,24,13,14,16,21,10,7,8,7,6,8,5,8,5,1,2,3,3,1,,2,1
E85069,29,20,28,34,26,47,36,42,38,33,37,32,29,37,38,39,51,35,29,22,38,22,37,30,29,45,51,45,37,43,41,37,44,39,42,51,50,51,36,44,51,53,41,39,60,44,38,40,43,34,28,35,23,30,31,33,29,28,33,20,37,32,23,21,17,23,23,18,23,24,16,19,17,14,16,22,4,8,12,17,13,12,8,4,5,11,7,9,5,9,6,5,4,2,1,4
E85071,14,8,11,11,8,8,8,8,11,15,17,11,7,6,9,7,8,15,13,7,7,14,15,17,20,22,21,24,16,27,18,13,25,17,20,20,16,13,17,14,10,12,21,12,18,13,7,12,8,10,11,12,13,9,10,11,13,12,15,9,9,14,15,10,18,13,13,9,9,7,8,9,8,9,9,6,6,10,8,17,6,13,11,,10,6,2,6,1,3,4,5,1,,,3
E85074,27,16,27,13,15,11,15,18,23,12,18,14,16,19,15,24,22,29,27,23,27,26,46,84,103,115,154,108,136,105,120,102,70,78,72,66,69,54,42,49,34,38,36,40,32,33,36,28,41,33,29,40,40,32,29,31,27,29,26,31,24,23,26,19,19,27,15,15,16,12,14,13,10,13,10,8,11,9,7,11,9,5,4,6,4,5,2,6,3,4,4,4,3,1,1,3
E85075,16,24,23,26,18,15,21,15,29,24,32,23,35,30,32,31,29,25,21,14,17,15,8,18,26,28,29,26,41,33,35,39,36,47,53,47,55,46,47,52,41,41,48,36,51,52,50,39,38,53,39,29,46,40,25,25,18,26,19,22,27,26,19,26,21,11,20,22,17,15,14,18,14,10,10,11,10,11,13,6,12,6,4,4,6,6,3,5,3,3,2,2,3,1,3,4
E85077,7,11,12,13,20,11,10,10,13,11,17,7,9,17,16,14,12,11,12,11,9,9,21,29,40,62,52,49,40,50,59,50,39,35,31,41,38,33,23,26,26,24,23,16,24,13,10,14,19,16,14,15,11,20,17,14,20,20,21,11,19,23,11,13,10,14,9,19,13,10,8,9,8,6,8,13,8,8,5,8,5,5,6,6,7,6,7,3,4,3,,4,1,1,1,2
E85083,28,37,29,24,31,41,31,53,36,45,56,60,57,58,54,61,62,38,49,48,31,43,34,49,37,40,32,51,45,51,47,50,44,36,44,54,62,50,50,44,56,63,62,51,61,58,53,38,46,48,57,39,41,36,46,35,39,34,27,21,33,36,24,27,16,27,22,27,20,16,19,16,14,8,17,8,13,13,13,8,8,14,11,8,13,8,8,5,10,4,,2,2,,2,3
E85088,33,33,24,40,38,36,37,40,46,45,43,37,38,38,36,39,26,46,36,32,30,45,34,47,42,39,49,59,50,56,39,52,53,56,50,46,60,61,64,67,63,61,49,59,50,58,49,46,43,52,41,51,42,27,29,41,31,31,38,21,24,30,26,36,22,23,25,14,30,24,15,23,21,15,16,14,16,17,13,10,11,10,10,12,13,6,7,6,6,4,5,3,2,5,1,3
E85090,36,29,28,23,31,16,30,20,24,23,22,14,26,27,23,26,21,17,11,17,25,32,50,55,62,56,71,64,47,51,52,43,42,48,36,30,40,29,38,39,27,44,30,34,42,28,33,19,26,28,25,26,20,19,17,23,21,22,20,14,17,17,24,20,16,20,16,17,22,22,23,21,18,11,16,17,13,10,10,10,12,4,6,6,9,7,6,6,5,3,3,2,2,2,,2
E85091,17,14,11,8,17,19,21,21,18,11,17,15,10,21,21,19,16,28,10,22,20,22,20,23,33,35,31,32,25,41,21,27,28,28,26,30,34,25,32,18,23,20,22,25,18,27,13,21,19,33,17,8,21,18,21,25,14,14,17,18,12,4,18,16,13,11,8,12,6,14,8,14,6,9,11,7,5,7,8,4,6,2,3,4,1,3,3,2,3,2,1,,,,,2
E85096,22,18,21,20,20,26,23,31,21,26,29,19,25,29,27,37,34,37,25,29,29,21,42,24,38,37,47,48,47,35,39,33,43,42,49,50,45,56,52,31,58,37,34,42,35,30,32,39,28,40,32,35,37,21,21,37,30,24,34,27,30,26,21,25,21,25,24,24,23,14,20,20,19,21,17,12,9,10,8,9,5,5,9,9,5,8,5,6,6,2,2,3,4,,,
E85098,38,41,49,49,42,51,35,38,50,44,41,46,35,47,34,55,46,40,44,44,42,45,45,43,53,47,55,52,66,66,69,67,55,75,56,42,57,58,52,69,56,37,59,44,50,52,46,37,62,35,47,31,43,35,26,36,34,24,34,36,24,26,35,20,24,19,31,19,18,9,19,24,13,14,15,14,7,14,17,10,5,6,9,5,5,3,3,2,2,1,,1,,1,1,
E85099,62,47,47,33,29,32,38,39,44,43,39,39,37,29,33,21,12,16,16,19,24,24,35,48,58,75,73,96,83,97,85,85,93,105,80,98,101,73,60,84,67,52,57,71,64,59,55,52,35,31,38,35,37,29,25,34,24,27,18,25,33,30,31,17,23,19,23,20,13,13,11,11,18,11,14,17,9,8,12,9,5,6,9,5,4,2,4,4,8,4,,,2,4,1,2
E85103,7,8,10,7,5,7,6,5,11,9,5,16,10,11,18,12,21,15,16,24,19,25,19,22,22,27,14,23,20,19,26,21,12,17,19,21,18,21,10,14,22,17,17,15,19,24,19,14,17,21,21,21,20,18,22,20,22,11,20,17,16,22,20,21,16,17,21,23,25,22,28,25,22,13,24,12,19,11,14,12,12,9,7,5,10,8,3,2,4,3,2,5,3,3,2,6
E85107,34,38,42,42,49,42,42,44,34,37,50,42,53,58,47,53,54,53,32,46,41,52,35,50,66,60,47,61,69,66,66,73,63,73,81,62,57,66,68,65,56,61,59,80,71,72,57,40,61,55,50,38,50,51,42,53,45,42,50,52,43,43,37,46,44,25,39,40,25,22,30,25,29,30,24,24,30,25,27,17,15,12,14,10,8,8,12,11,4,2,5,4,2,,1,7
E85108,19,23,19,16,24,24,26,30,33,30,33,33,31,35,41,36,36,41,29,27,31,36,30,31,34,40,35,28,23,38,37,40,31,27,35,30,32,47,35,36,37,40,34,43,42,40,30,24,27,34,41,37,29,27,33,22,23,27,24,27,20,30,29,13,24,17,21,15,16,22,21,18,17,13,19,15,11,15,16,5,7,10,12,8,5,14,8,4,2,7,5,3,4,4,1,2
E85109,19,22,16,22,26,28,16,25,15,26,19,20,20,21,23,22,24,19,18,24,16,27,18,34,35,42,48,47,42,62,56,55,51,47,47,53,39,44,33,41,37,32,31,36,28,22,26,35,25,21,15,22,21,21,22,18,25,15,19,16,15,15,14,22,12,12,15,8,6,19,9,11,5,8,5,3,9,6,1,4,7,4,5,2,3,2,2,4,1,2,5,1,1,,,
E85111,13,26,23,21,21,28,32,36,29,33,27,26,31,44,42,44,36,50,30,25,31,22,31,39,37,36,39,34,31,40,35,38,33,38,37,54,39,48,38,54,52,56,50,50,52,38,42,22,29,31,34,30,26,34,25,23,34,32,28,22,31,24,19,24,13,23,13,25,17,10,17,17,16,15,13,10,11,17,10,5,9,11,11,7,8,3,6,6,7,3,3,5,2,1,3,3
E85112,55,63,66,54,50,36,51,45,48,35,37,40,40,48,49,38,53,54,43,40,38,40,60,60,82,90,88,105,108,125,107,111,92,135,88,95,73,89,63,52,64,73,60,60,54,56,54,51,52,50,33,39,39,33,43,47,34,35,33,39,42,32,24,37,27,29,29,33,31,29,26,21,19,19,20,17,17,11,18,12,19,8,16,14,6,9,4,7,8,5,4,4,1,5,3,7
E85113,13,30,32,35,34,40,41,49,45,40,39,41,51,52,41,52,39,33,31,24,27,33,36,31,38,49,36,53,56,46,53,54,49,43,56,51,49,67,51,71,48,69,66,57,50,65,50,50,51,53,34,49,50,34,44,62,54,54,44,37,48,45,48,38,36,32,31,40,35,40,32,22,21,24,34,21,23,27,27,14,13,15,9,12,13,13,9,11,4,8,7,4,1,4,2,2
E85114,36,44,33,37,40,28,42,44,47,46,32,54,46,51,43,29,47,43,38,45,46,46,45,59,50,55,51,54,64,70,55,51,62,54,35,61,62,56,60,60,50,57,53,52,48,57,58,48,42,50,54,44,45,51,60,49,46,50,54,48,35,51,38,53,41,44,51,47,49,39,35,29,36,29,39,42,31,22,28,16,27,15,15,19,15,8,6,8,5,6,9,7,4,3,1,8
E85115,27,21,17,23,25,23,18,17,23,17,21,18,21,22,23,21,21,20,15,22,16,25,17,23,22,37,41,29,40,32,25,30,36,33,33,38,35,37,37,33,32,41,21,30,18,20,40,27,24,15,24,24,19,26,21,13,19,31,17,17,19,22,21,20,28,26,23,13,15,18,15,11,11,16,13,10,21,15,11,8,6,14,7,11,6,11,7,9,9,3,4,3,3,4,1,
E85116,30,24,26,31,34,37,30,29,34,34,29,40,42,46,38,38,34,37,37,34,23,33,30,34,38,28,30,44,46,35,47,54,38,42,52,43,49,45,48,65,57,58,49,41,51,63,52,38,44,33,44,54,57,40,49,36,40,48,51,41,36,40,31,23,25,29,29,32,39,27,21,23,25,19,19,16,17,20,18,11,9,10,15,11,6,7,4,11,6,5,4,2,2,4,5,1
E85118,18,33,15,27,28,22,25,14,22,28,20,28,30,35,26,33,41,30,19,31,30,36,40,55,73,78,86,71,79,82,78,73,68,79,72,76,61,59,45,52,45,46,64,42,48,33,34,41,48,33,30,42,46,44,54,38,46,42,50,35,50,46,42,41,30,35,40,31,30,24,39,19,29,16,16,16,28,20,18,17,19,9,14,12,12,11,13,6,6,10,4,5,3,5,3,3
E85119,82,71,78,67,67,57,74,81,57,80,70,78,75,76,66,71,76,75,71,85,87,96,102,108,111,157,141,137,121,148,151,123,91,103,105,107,85,105,100,101,103,81,96,101,110,96,111,96,100,100,106,84,92,94,93,67,66,76,73,61,69,57,54,48,56,43,38,52,33,41,32,37,32,27,42,35,22,23,22,17,22,17,14,14,14,14,7,8,8,9,7,6,4,1,1,4
E85120,27,23,23,18,46,31,31,45,50,45,47,28,65,43,59,64,71,53,49,36,27,32,33,42,40,44,62,56,60,49,41,54,38,55,61,56,53,69,56,64,73,72,58,63,66,58,76,61,68,57,50,56,54,44,44,44,68,40,42,44,60,43,52,44,52,46,49,37,45,31,37,37,42,28,32,30,32,18,19,13,15,17,16,15,9,9,9,13,10,11,5,6,1,7,3,15
E85121,74,81,72,63,84,67,73,59,69,71,75,79,74,73,67,71,72,78,57,53,85,96,109,105,111,144,161,148,136,117,115,112,115,96,94,84,110,111,103,110,96,99,102,80,79,103,82,72,68,69,69,69,61,83,45,46,53,41,47,53,58,51,51,56,50,47,47,41,56,41,44,29,36,42,30,35,21,22,30,17,11,22,18,14,19,20,20,8,8,9,3,8,3,3,3,6
E85122,43,59,57,53,60,49,76,68,71,68,83,73,71,66,63,71,78,54,63,50,57,49,81,83,108,107,122,135,124,118,148,137,123,133,127,128,128,128,115,143,120,128,111,131,123,120,97,98,89,113,101,111,96,95,78,91,86,92,83,82,85,73,73,76,62,51,66,53,57,49,48,48,49,47,34,37,46,35,38,24,32,29,15,18,15,21,11,20,15,7,4,5,8,9,1,14
E85123,42,51,41,51,61,54,61,55,66,50,69,46,57,54,48,49,43,28,33,33,24,32,36,45,66,75,91,103,103,117,109,112,130,113,135,112,111,99,95,114,95,95,83,87,93,77,67,67,71,62,49,44,40,44,39,35,30,37,36,43,37,40,33,47,39,23,26,28,25,17,28,19,25,23,21,23,22,7,13,11,9,14,19,10,9,12,8,7,4,6,1,6,3,2,1,3
E85124,117,114,130,119,97,43,55,52,63,71,55,41,63,51,64,58,63,74,122,180,195,278,431,632,1001,1315,1701,2069,2278,2595,2749,2869,2584,2304,2042,1696,1445,1136,919,821,692,577,484,403,344,333,302,258,226,188,177,167,155,143,171,116,132,132,104,121,110,102,87,82,87,47,61,45,41,42,31,23,21,22,21,15,14,13,12,8,11,11,4,6,5,5,8,5,2,3,2,1,3,,,2
E85125,16,17,12,10,11,16,11,19,16,21,17,20,18,31,25,30,28,38,32,24,24,29,37,65,73,83,83,80,88,71,78,69,50,74,55,70,54,57,51,40,35,32,46,38,32,43,32,45,32,41,46,38,33,33,36,44,42,41,42,40,32,37,25,26,30,24,21,20,22,14,17,14,13,15,16,16,14,17,13,8,16,8,9,4,7,2,9,3,4,5,1,4,1,1,1,2
E85126,70,36,60,49,45,51,43,65,52,52,58,51,62,55,63,72,63,65,63,66,60,56,49,72,85,89,106,85,97,98,102,105,109,103,98,71,78,79,84,85,58,79,66,75,74,84,65,75,61,60,56,67,53,60,74,69,44,55,48,36,44,60,33,28,31,40,51,42,29,30,35,25,37,34,27,20,23,27,24,18,19,14,13,13,19,13,12,15,9,9,7,3,4,3,1,9
E85127,32,29,37,31,36,46,42,39,44,52,52,33,38,45,55,58,65,70,57,49,50,39,50,56,49,52,54,52,59,62,59,53,56,69,64,62,75,72,54,58,62,68,72,68,82,80,69,60,75,64,61,63,61,54,50,43,61,71,64,59,54,43,57,45,44,52,43,43,50,23,40,36,38,31,32,19,18,32,22,20,18,22,17,14,10,8,13,10,9,9,8,6,1,1,3,1
E85128,32,36,47,67,45,53,52,70,64,61,53,78,64,83,55,78,65,73,51,52,71,56,84,90,118,156,165,182,159,146,143,145,156,140,152,138,122,117,109,104,101,122,93,112,90,101,98,80,82,72,84,77,103,62,85,79,75,59,74,80,85,58,55,54,53,52,48,54,40,32,48,41,40,30,27,24,26,37,39,27,31,29,16,15,20,22,19,16,16,9,10,1,9,2,2,9
E85129,22,24,27,28,25,20,23,25,27,29,19,29,29,36,32,28,27,39,31,43,19,28,37,35,37,42,53,47,46,39,44,39,39,47,46,51,33,47,46,42,36,40,39,42,46,36,45,38,28,32,37,44,36,37,40,31,43,41,36,50,36,39,43,40,34,43,31,29,24,29,25,32,22,21,35,22,27,14,22,14,11,14,10,15,11,13,13,13,7,5,5,6,3,1,2,9
E85130,18,19,25,25,24,17,16,14,30,18,24,27,17,18,20,22,19,32,22,20,17,21,22,20,19,27,25,37,33,33,62,40,58,67,54,47,50,49,44,38,57,40,34,35,42,41,41,31,39,28,32,35,27,28,29,22,22,31,28,24,37,27,30,33,24,31,31,22,19,11,11,25,14,16,9,18,9,11,16,4,8,8,4,6,1,5,2,6,3,,5,1,4,2,,6
E85600,32,25,29,35,32,23,26,42,33,29,31,41,32,43,32,37,41,37,32,42,37,34,36,39,54,65,57,73,59,57,65,73,62,63,50,75,53,68,39,59,41,56,57,65,61,48,40,61,41,47,33,37,41,32,40,39,39,28,31,31,38,25,22,23,21,28,15,24,19,21,17,16,21,15,17,19,9,19,22,13,9,15,11,8,5,9,6,6,8,2,4,4,2,3,1,4
E85605,21,33,38,55,39,44,43,53,45,53,43,52,51,43,42,45,64,57,51,30,38,38,37,44,52,49,41,44,58,46,58,59,69,50,73,56,83,70,88,60,99,80,74,64,86,65,70,69,62,56,59,40,53,49,72,51,54,49,44,53,54,47,44,55,40,45,34,37,40,35,37,41,28,22,22,37,21,29,23,26,20,20,16,12,19,12,15,21,6,9,6,7,8,,6,4
E85617,5,8,5,5,5,9,10,11,13,12,10,11,11,11,10,16,10,11,15,13,11,18,19,21,26,30,45,30,44,43,43,34,27,50,23,35,27,23,19,24,20,28,18,17,16,17,15,24,20,16,16,11,13,20,13,19,10,14,20,9,21,12,11,14,10,4,10,6,6,12,5,4,7,4,5,4,8,5,1,2,3,2,2,1,4,1,1,3,1,2,1,2,,,,
E85623,12,26,20,15,20,17,16,15,15,13,14,17,17,15,18,18,4,16,16,11,17,21,19,24,22,25,27,29,27,22,28,17,20,16,20,26,37,28,27,21,17,20,17,20,12,17,18,13,8,22,17,14,19,15,10,17,11,6,11,9,7,9,7,9,11,8,9,9,9,8,2,10,12,5,7,4,4,4,1,4,5,3,2,1,3,6,,,2,,2,,1,3,,5
E85624,28,39,25,26,37,31,30,26,35,40,37,36,30,36,41,43,47,38,32,36,45,51,44,41,47,63,56,67,60,52,44,50,54,59,57,43,63,56,42,55,73,47,50,53,38,39,41,43,44,30,47,38,41,38,29,46,44,50,40,53,31,26,35,30,30,38,29,31,31,33,35,26,20,32,30,13,17,15,17,14,16,8,10,14,6,8,5,7,8,4,4,5,1,4,2,5
E85628,43,45,45,43,64,61,62,53,50,53,58,59,65,64,67,61,73,77,54,57,34,37,47,57,46,60,41,68,56,58,48,62,58,75,51,83,82,74,65,78,81,69,82,86,79,88,103,72,87,80,93,86,70,84,88,78,73,56,77,50,66,62,55,47,43,46,33,39,40,46,30,37,30,21,26,22,42,29,31,19,18,17,20,12,13,14,18,14,9,11,7,7,3,2,3,4
E85633,58,53,57,35,39,39,31,47,39,41,51,53,40,54,48,43,57,55,39,47,51,79,102,83,112,124,119,119,104,99,71,86,89,84,67,64,79,80,70,77,63,66,62,51,54,54,42,49,37,45,36,49,56,30,45,33,31,31,36,36,47,28,35,31,31,39,36,32,26,26,19,23,17,15,13,21,14,7,12,12,9,8,6,6,6,7,8,6,2,1,4,3,2,1,1,3
E85635,20,22,25,31,24,23,33,32,47,38,36,42,39,38,38,32,37,30,31,26,24,27,38,30,46,36,28,54,46,49,61,56,45,67,48,65,48,55,50,48,59,46,41,39,44,49,51,30,38,44,26,33,31,31,32,27,23,36,23,27,28,22,20,16,26,15,19,12,9,14,12,14,12,15,6,18,21,12,7,9,14,8,6,7,9,9,7,8,2,5,5,1,3,,,4
E85636,73,85,68,89,72,71,76,81,78,59,91,65,69,83,69,83,76,65,66,75,70,87,90,121,190,187,176,198,195,193,182,156,164,160,163,155,157,139,116,127,115,114,104,105,95,108,104,98,89,91,110,85,102,105,98,95,96,99,85,95,74,72,70,105,64,51,46,48,34,34,35,34,33,24,33,38,33,26,29,22,25,27,23,19,19,18,16,13,8,10,8,5,11,5,13,15
E85640,11,11,18,7,11,7,8,6,13,15,9,8,11,11,16,9,13,17,7,16,13,15,18,18,16,29,39,28,29,41,38,45,47,54,35,38,38,41,46,31,32,38,37,28,23,26,33,21,17,20,19,24,17,22,20,16,15,16,8,15,13,18,15,15,10,11,11,10,7,6,6,7,8,6,6,8,8,10,4,4,5,5,7,4,2,5,2,1,6,6,4,2,,1,,3
E85643,27,26,20,29,27,31,41,38,34,22,47,44,43,39,46,45,44,61,57,46,54,53,45,46,67,57,46,53,46,49,37,42,42,40,36,49,49,45,40,37,61,42,59,56,66,66,60,52,55,59,48,59,33,52,39,44,38,43,33,31,22,27,20,14,28,27,25,16,17,8,14,23,23,18,10,11,12,7,11,17,7,14,7,9,9,2,5,6,6,3,2,2,4,1,,1
E85649,16,17,16,14,11,21,9,21,15,6,17,11,12,15,13,9,9,11,14,14,15,25,37,58,75,93,104,109,93,105,90,86,78,78,66,63,58,38,50,41,35,27,42,31,36,21,16,19,25,16,16,15,16,12,15,23,15,17,11,10,15,14,15,11,7,10,10,8,10,14,5,6,10,9,7,7,3,8,3,6,6,5,4,3,2,3,3,3,7,,5,,1,1,,
E85656,35,42,31,22,31,24,33,34,22,30,20,24,32,20,30,30,28,29,24,28,28,38,38,51,50,57,65,56,45,44,50,46,54,38,36,41,43,39,30,42,36,29,36,24,36,31,33,33,22,27,29,25,27,14,22,28,21,22,20,27,20,21,18,24,20,11,15,16,22,13,17,16,12,5,17,15,9,9,5,6,9,10,2,4,2,8,3,2,3,2,3,,3,,2,
E85657,42,54,58,47,72,70,52,67,53,80,69,65,72,67,64,62,56,49,57,49,44,42,76,73,97,103,117,103,117,122,112,105,119,98,142,115,108,113,126,111,118,126,108,117,106,102,96,79,76,86,76,76,65,59,68,60,70,44,64,66,77,47,52,43,47,48,34,45,32,42,34,22,27,30,23,24,32,22,22,12,16,18,15,12,12,16,12,8,8,14,5,3,7,6,4,6
E85658,9,15,10,12,12,9,7,17,16,20,15,16,16,16,18,16,14,18,11,19,21,23,16,31,25,29,34,24,28,32,39,33,42,47,38,32,33,35,31,40,33,34,28,35,43,36,30,24,44,31,26,33,19,24,21,23,18,17,27,19,14,21,17,21,21,33,24,17,19,14,22,20,28,15,12,15,15,15,17,12,16,7,12,7,8,11,12,10,3,3,4,7,3,2,2,8
E85659,7,12,8,10,8,9,8,7,7,11,10,13,14,13,15,22,15,13,11,14,13,21,12,12,22,33,18,21,17,26,16,24,25,23,22,18,22,25,25,15,12,12,12,19,19,11,14,20,13,11,6,13,11,14,15,12,8,9,12,12,11,17,15,10,8,9,14,12,13,4,6,5,4,6,7,4,3,3,6,6,3,6,4,7,1,1,6,,3,2,1,1,,2,,2
E85663,45,49,54,49,47,49,37,48,49,61,41,46,60,53,61,49,43,54,54,54,54,64,69,84,88,76,103,90,83,88,78,68,54,67,70,67,70,68,75,60,64,73,72,59,72,57,58,58,55,58,45,49,47,54,45,51,42,40,39,44,42,36,41,32,37,25,28,26,28,35,24,19,20,20,25,20,15,23,12,14,12,10,13,7,10,10,11,7,7,2,8,3,2,,,10
E85677,30,40,36,42,40,43,42,30,30,30,29,42,46,41,45,44,48,35,37,50,40,52,56,72,85,100,93,104,99,85,98,78,84,81,79,91,87,93,90,88,77,67,66,79,56,56,53,45,41,43,34,26,45,33,27,25,27,21,30,20,26,33,20,20,19,15,13,16,23,11,12,16,10,16,9,12,8,4,4,4,5,7,6,3,2,3,6,3,1,,1,3,,1,,
E85680,41,37,47,47,47,49,59,39,51,47,54,58,42,48,57,48,44,55,143,152,111,95,96,134,122,119,131,121,96,100,80,90,95,81,89,87,70,67,73,82,79,77,66,67,72,49,51,37,49,43,42,59,48,54,32,35,28,40,38,45,43,33,33,28,35,27,31,30,26,22,17,21,22,19,16,19,20,11,18,15,11,20,16,10,5,11,9,7,7,7,6,3,3,4,3,8
E85681,38,43,50,44,56,61,45,60,67,77,57,64,77,63,72,65,65,73,59,51,54,68,68,54,67,68,83,92,74,74,78,66,83,78,66,78,81,88,80,87,66,76,85,65,46,71,55,51,61,51,55,45,44,62,50,43,37,40,40,46,47,56,35,31,31,40,38,32,40,38,33,25,26,15,26,25,17,17,14,15,16,12,17,20,16,14,7,5,10,6,6,7,3,2,3,5
E85682,22,15,20,26,25,24,19,28,38,22,34,47,46,42,41,57,51,51,60,46,54,50,44,44,48,42,49,42,53,47,45,36,35,30,34,46,47,37,30,40,48,37,36,52,41,40,41,41,31,33,43,50,35,40,31,40,46,38,33,43,26,23,25,23,32,24,23,26,17,21,21,21,13,15,12,13,11,13,12,5,6,7,6,2,7,5,6,5,6,2,6,4,,2,3,9
E85683,9,11,16,14,16,8,16,7,18,22,19,16,18,27,17,27,25,21,17,18,16,17,32,23,22,28,25,28,22,32,21,34,34,26,34,29,23,23,18,30,26,30,32,17,29,28,49,30,29,33,26,35,30,34,37,35,37,44,33,50,36,28,36,38,29,34,22,23,26,18,17,10,21,15,19,26,12,23,13,15,11,16,14,8,10,8,4,7,3,4,2,2,3,2,2,4
E85685,80,72,81,74,66,64,56,41,57,50,54,54,69,55,51,54,59,60,44,34,46,66,85,114,180,202,170,186,194,174,182,148,130,137,120,138,126,125,97,87,80,85,80,68,76,84,69,66,70,45,68,59,68,70,70,56,57,49,63,69,62,73,66,72,50,49,47,39,39,42,33,29,37,31,38,39,40,44,38,27,29,32,22,29,22,29,17,16,9,10,4,11,5,5,6,16
E85687,43,33,34,20,28,26,28,15,26,16,17,17,13,19,16,8,17,11,18,14,21,32,44,64,81,90,109,95,85,97,98,92,115,91,86,84,92,76,72,54,68,62,33,43,39,37,34,27,18,24,17,23,17,26,20,14,26,16,19,17,12,12,10,9,13,6,8,6,9,6,5,10,8,3,5,5,3,5,3,2,4,2,4,1,3,1,2,1,4,1,,,2,,,2
E85693,89,90,83,97,97,114,108,118,124,128,117,107,104,117,118,127,120,128,114,109,93,94,125,135,170,186,174,218,208,188,214,199,204,239,196,214,242,211,183,187,196,201,198,192,192,199,171,168,157,175,173,166,127,159,144,147,159,142,136,153,126,112,138,98,122,101,85,81,92,88,78,82,86,76,58,65,64,82,69,45,60,47,39,33,32,24,19,18,17,9,12,9,11,5,5,28
E85694,10,9,11,16,21,16,18,30,26,34,36,39,45,42,44,50,43,42,32,27,29,34,32,26,27,31,43,31,31,31,28,30,29,19,29,50,43,50,34,36,47,45,47,38,50,37,46,45,46,44,39,40,41,36,37,32,29,28,34,27,26,17,20,17,23,17,28,20,18,15,13,13,19,14,15,20,14,24,15,15,12,11,12,5,6,9,6,5,6,1,4,4,2,2,2,4
E85696,35,50,59,38,54,43,43,48,36,34,45,36,43,33,37,32,27,32,21,34,30,38,36,36,52,56,54,59,63,60,58,64,41,59,63,62,62,55,71,57,57,55,50,61,47,54,45,35,47,44,31,23,31,33,30,31,26,34,32,21,26,22,17,24,26,27,24,22,25,12,17,13,15,11,9,10,11,13,7,7,12,3,7,8,1,4,1,5,,1,1,2,3,1,,2
E85697,32,28,29,34,42,44,29,41,40,44,29,43,53,48,47,39,53,39,42,40,29,35,31,22,51,46,42,61,62,50,40,51,48,43,44,53,57,54,42,52,60,36,46,55,46,53,47,61,39,40,35,42,40,33,40,33,34,39,33,39,36,33,29,31,23,31,22,28,32,17,15,19,16,13,22,15,7,14,15,10,7,7,9,9,8,3,7,5,6,4,3,3,2,1,,3
E85699,29,34,37,28,32,24,49,35,45,38,37,44,47,42,44,38,56,36,41,31,49,30,31,30,35,44,45,51,49,46,57,50,46,58,48,39,51,71,55,57,50,47,49,53,52,45,35,43,39,39,39,38,31,39,41,32,51,48,40,40,37,38,48,30,34,33,31,35,26,16,27,20,18,16,24,25,20,26,16,19,22,12,12,5,9,17,17,14,8,11,10,6,8,9,7,18
E85707,34,39,23,23,28,24,28,32,20,30,25,29,42,35,34,38,30,31,41,27,30,44,52,45,52,57,74,49,60,54,51,54,58,50,71,56,60,55,46,49,42,53,39,52,39,42,35,41,29,35,44,33,35,46,25,48,37,31,34,32,40,37,37,35,32,33,26,28,29,23,29,26,33,23,23,15,27,19,18,20,13,17,15,8,10,8,8,6,13,3,2,9,1,1,5,6
E85708,44,40,45,43,39,46,42,54,44,47,42,50,40,45,49,42,39,60,49,44,42,37,55,36,68,55,72,73,66,69,63,64,44,78,75,75,94,66,68,64,72,73,72,58,58,66,58,56,51,39,55,42,40,41,46,29,44,51,45,29,35,43,41,34,22,28,26,27,27,32,18,17,16,18,18,14,14,13,17,14,7,9,11,8,9,11,11,9,6,3,7,1,2,5,1,3
E85712,47,68,66,60,82,68,69,93,75,98,71,60,76,105,75,100,72,60,65,71,64,64,78,78,81,77,68,93,94,91,91,72,81,72,102,107,86,87,86,83,102,88,79,84,89,81,94,66,81,72,63,69,70,64,64,47,54,51,41,44,43,40,47,40,36,40,31,35,30,37,34,26,25,30,25,27,21,18,15,15,20,13,12,12,12,12,14,6,5,2,8,4,1,2,1,6
E85713,33,38,30,26,39,32,48,30,28,29,29,35,22,26,29,28,38,25,33,26,22,28,46,51,61,75,64,77,73,74,70,79,55,61,64,55,74,62,55,57,50,53,51,39,35,38,32,17,27,30,34,30,30,27,33,31,35,17,29,36,24,22,18,17,23,15,25,28,14,18,7,12,20,22,11,15,12,17,15,9,9,14,10,11,5,11,4,9,6,6,3,2,4,,4,3
E85715,49,48,51,44,46,51,55,67,58,54,52,48,58,63,44,67,54,44,43,48,58,43,59,51,57,52,64,62,76,61,69,70,73,72,77,71,67,84,78,85,65,78,88,51,75,55,60,55,55,50,60,43,52,52,47,45,41,46,38,42,41,30,28,34,43,37,22,17,29,23,27,26,20,19,19,20,15,16,15,9,8,6,10,6,2,2,7,8,11,7,5,5,2,7,1,4
E85716,74,71,71,74,81,91,92,104,83,85,86,87,78,99,85,95,81,80,97,84,83,95,112,121,154,148,152,163,160,152,157,141,130,139,130,130,140,127,132,137,125,120,131,124,122,108,105,99,85,96,90,89,94,98,73,74,79,82,61,77,66,55,62,47,60,46,49,47,30,38,33,37,31,42,38,31,31,23,30,23,20,13,12,14,20,19,12,15,16,5,8,8,10,5,3,11
E85718,22,20,22,25,20,17,16,20,28,31,32,20,26,28,32,25,30,34,26,22,26,24,30,25,36,43,39,47,37,35,45,34,47,39,28,33,43,40,39,33,31,32,28,44,36,25,32,32,36,33,36,32,23,21,26,24,28,24,33,27,34,22,28,25,16,21,21,15,14,18,19,20,16,15,15,16,13,10,4,8,10,9,6,2,6,7,,5,4,2,5,3,1,,,1
E85719,44,51,52,47,60,54,54,70,71,76,64,64,66,85,87,82,76,77,73,55,51,60,71,87,113,126,143,129,97,115,94,99,81,71,94,78,81,90,86,80,81,87,81,81,86,76,76,80,85,78,83,85,100,79,102,68,70,75,62,42,62,49,36,46,40,30,29,39,34,38,27,33,32,22,26,25,27,21,22,18,22,11,28,12,15,17,8,7,8,3,7,3,1,2,4,7
E85721,16,8,2,6,9,9,10,14,13,14,9,14,13,16,17,14,15,17,25,16,28,13,17,24,21,11,23,11,12,17,16,11,15,17,11,11,15,21,7,5,17,16,19,19,23,14,14,25,24,17,11,8,25,11,18,15,11,9,9,16,11,9,8,9,5,4,6,5,7,1,5,4,3,2,2,2,2,1,,,2,2,2,2,1,,2,1,,,,1,,,,
E85725,22,33,30,37,30,49,36,36,38,37,47,39,37,44,35,40,38,46,47,33,37,45,48,49,54,38,65,75,59,63,63,55,59,67,63,64,84,63,70,68,58,53,66,65,58,67,40,51,39,50,49,41,53,47,52,40,54,44,32,47,40,34,46,44,37,45,37,36,21,22,24,21,18,24,18,23,17,24,15,13,16,12,11,6,8,10,7,4,6,6,2,4,2,1,4,4
E85726,15,20,17,14,8,22,9,16,12,12,14,11,14,21,13,11,14,13,10,16,17,14,20,19,27,47,32,23,35,35,35,39,35,31,28,31,45,24,33,28,26,17,17,21,23,23,20,21,24,23,18,13,14,19,8,13,20,8,16,15,19,25,16,29,15,19,15,12,12,8,21,10,10,14,14,11,15,9,5,8,11,6,5,7,3,6,5,5,2,,2,1,2,,1,
E85734,25,34,31,34,25,31,35,38,36,37,35,35,42,39,37,45,32,35,44,38,47,39,26,44,42,60,59,47,44,55,52,64,49,37,42,50,54,46,37,46,51,69,59,45,45,45,45,35,41,47,41,37,41,28,35,43,37,34,43,28,35,32,23,28,24,19,32,17,14,26,21,15,22,12,11,14,11,14,18,8,5,5,9,5,7,9,4,3,5,9,4,,1,1,2,3
E85735,48,37,53,40,53,38,42,36,47,36,33,23,43,34,28,24,26,29,33,28,32,20,35,31,49,51,61,68,65,82,83,74,76,77,94,85,110,84,77,73,65,53,66,70,55,48,51,40,42,34,32,28,27,29,42,29,28,23,24,28,36,23,24,24,27,42,26,13,9,13,18,20,17,14,20,9,14,10,15,9,9,7,5,8,4,4,2,3,1,1,2,2,1,,2,4
E85736,42,26,39,26,34,45,44,51,56,43,50,48,54,58,68,63,55,56,60,61,49,57,53,67,58,71,66,56,73,67,67,60,46,56,64,59,75,63,66,64,58,63,61,65,62,65,58,60,54,50,50,49,50,54,50,46,44,41,51,45,53,46,45,41,33,32,28,28,20,30,24,22,24,22,25,26,16,17,17,10,15,17,14,7,13,9,3,10,6,4,2,4,,1,4,4
E85739,58,51,55,60,55,53,50,67,57,69,64,77,63,68,71,57,81,65,64,69,81,56,64,76,68,107,93,91,81,83,73,79,86,84,95,78,90,97,86,83,69,74,88,76,72,83,65,57,53,72,53,74,56,60,68,52,58,47,45,52,39,58,49,39,28,32,35,45,37,42,37,25,32,25,31,20,22,27,26,24,17,21,10,12,13,12,13,9,2,2,7,7,7,3,3,7
E85743,9,4,19,12,16,9,19,15,16,15,20,14,21,20,22,24,25,30,22,22,25,28,26,26,31,28,23,33,24,12,26,21,11,15,15,17,18,25,14,20,19,24,24,23,26,19,16,20,28,18,16,24,22,17,16,22,27,19,20,13,11,12,6,11,18,16,7,9,12,7,6,10,9,4,8,5,5,11,5,5,3,2,4,5,4,5,3,4,2,3,1,1,,2,,3
E85744,33,40,55,52,45,58,57,64,64,51,69,74,81,74,63,80,72,75,65,60,47,66,53,60,63,69,73,70,71,84,85,83,73,69,85,82,111,80,105,86,76,94,102,88,93,89,78,87,84,73,66,73,54,73,61,53,53,49,51,56,53,49,40,30,34,29,28,30,30,27,20,27,21,20,11,20,16,20,23,19,10,17,12,9,10,6,7,8,12,5,3,5,3,2,2,3
E85745,37,44,40,39,33,35,46,36,32,27,44,33,46,48,43,39,50,59,54,38,44,49,68,86,74,79,81,78,65,63,56,64,68,52,52,50,48,52,52,56,58,48,57,48,52,47,54,44,49,34,44,32,34,47,35,42,35,45,39,44,28,34,31,46,32,19,31,22,27,33,39,29,27,19,20,15,20,17,12,12,17,9,8,10,12,10,11,5,9,8,6,7,2,4,1,6
E85746,17,15,16,17,15,19,24,20,24,21,25,37,27,34,28,27,24,32,25,16,22,21,24,25,26,28,33,22,31,25,34,28,34,28,26,30,29,43,41,43,41,35,40,36,29,39,41,45,27,41,36,34,33,24,33,25,29,30,28,15,17,18,15,20,19,13,12,7,16,15,9,11,14,10,9,6,5,10,10,13,7,4,3,4,4,1,2,3,1,2,2,,1,1,3,2
E85748,11,18,14,20,11,25,23,24,25,21,28,27,34,42,27,46,38,42,41,38,36,46,35,37,49,44,37,47,46,44,52,49,33,65,61,38,50,64,59,43,59,55,53,42,63,50,33,38,37,37,38,35,29,27,31,48,42,27,24,27,20,13,13,18,20,21,24,5,12,16,15,7,4,11,14,7,10,8,4,5,7,5,8,3,8,2,1,1,4,2,,,,1,,3
E85750,33,30,37,36,43,44,33,45,42,39,40,51,47,55,43,56,49,53,40,29,31,34,35,45,37,38,43,51,46,57,54,49,48,65,73,51,53,77,55,75,76,69,81,69,73,64,58,66,58,52,55,54,38,50,34,36,33,47,31,33,31,40,37,36,42,26,31,37,26,35,23,28,25,25,23,28,23,25,18,16,13,21,11,16,11,9,11,8,5,4,4,8,1,4,1,7
E86001,35,31,38,42,45,51,66,56,55,69,59,60,63,63,76,83,68,57,64,47,29,54,43,47,43,58,55,53,44,57,40,42,49,58,68,57,74,71,65,76,84,77,83,82,81,103,89,76,85,103,78,75,84,74,76,98,83,72,80,82,77,83,83,89,76,76,93,81,58,72,80,64,55,77,62,62,65,89,68,56,46,62,46,37,34,36,32,23,25,20,21,25,10,8,7,20
E86004,50,52,73,54,60,63,74,84,97,71,66,51,69,74,78,67,53,57,67,53,53,65,48,57,72,77,69,83,88,80,85,72,91,94,113,87,88,99,81,100,104,113,78,74,78,77,85,64,58,63,80,62,65,59,60,70,66,64,63,50,52,69,71,51,39,48,43,49,34,51,31,35,22,27,25,24,35,28,24,22,20,21,18,19,19,14,13,13,14,11,12,8,5,7,5,9
E86005,28,39,38,41,46,34,48,43,35,45,46,50,39,40,43,43,39,46,39,44,32,25,45,44,46,43,52,43,51,31,49,40,55,45,58,58,49,46,47,63,50,72,49,41,45,40,47,59,44,52,58,33,44,41,43,45,35,47,40,38,41,51,45,41,29,41,34,38,43,25,30,35,23,27,25,39,30,35,37,21,22,20,18,21,27,15,10,20,11,17,8,9,9,5,6,13
E86006,34,26,36,54,54,44,45,51,44,41,58,38,51,58,62,65,35,53,44,32,28,33,34,43,47,37,48,41,39,52,45,54,51,49,50,70,60,55,75,71,84,69,75,53,75,58,55,60,64,68,56,44,59,48,57,40,43,55,60,57,51,55,57,52,57,63,52,57,41,54,40,36,48,44,31,37,52,51,43,31,33,26,23,30,31,21,27,20,8,10,21,13,12,15,2,24
E86007,28,32,30,36,40,32,43,53,49,50,44,43,52,49,62,46,46,62,53,38,54,53,42,44,46,54,54,53,57,77,48,57,61,53,57,66,74,59,70,67,47,63,68,61,60,59,65,63,51,51,48,56,43,64,67,67,62,60,72,69,60,56,68,56,65,42,57,57,39,49,44,39,54,45,44,40,43,48,49,35,35,29,29,21,21,23,21,19,15,15,14,7,11,11,12,17
E86009,56,56,57,59,50,56,59,59,49,54,53,54,54,52,50,46,64,49,44,44,50,47,41,65,73,89,82,77,96,88,86,76,107,81,97,90,89,85,92,77,84,71,72,63,71,96,63,64,66,47,55,59,39,54,45,53,50,48,35,39,42,53,47,48,39,40,35,29,38,22,44,33,29,29,26,29,23,26,19,20,33,25,14,17,17,18,14,5,10,9,8,7,5,5,6,10
E86010,98,132,104,133,113,117,125,121,136,118,121,122,131,107,92,117,93,113,92,81,77,97,98,105,136,124,168,155,173,164,187,179,166,167,180,192,186,200,161,149,162,153,136,123,146,108,107,103,107,90,90,71,83,72,101,83,71,72,68,44,51,49,68,52,37,48,49,41,35,46,46,25,27,27,27,25,35,36,27,16,17,17,18,16,2,12,5,6,7,12,4,4,12,5,2,11
E86011,23,26,36,34,31,33,31,43,48,40,51,48,35,43,39,36,35,37,30,33,34,31,23,27,38,32,31,33,22,30,35,39,43,40,39,48,33,48,45,48,62,57,55,56,46,79,44,45,47,49,53,42,23,36,37,46,45,42,44,45,52,41,27,40,30,26,23,27,17,24,24,28,18,19,19,30,30,34,32,15,20,18,16,14,19,23,16,14,10,12,7,4,10,3,2,11
E86012,37,53,45,56,50,47,44,52,68,65,60,75,70,49,52,51,83,58,54,54,45,46,51,54,62,51,70,67,75,61,78,76,72,76,77,80,83,83,80,81,77,83,69,82,78,85,72,79,69,67,64,77,79,69,62,76,91,94,74,87,72,79,95,65,74,71,53,49,60,58,51,58,60,48,66,65,44,65,68,38,40,35,47,42,37,29,30,36,30,26,13,16,13,15,8,25
E86014,61,56,54,51,68,65,46,54,40,44,47,44,52,44,38,46,36,32,27,34,31,27,22,41,42,44,41,39,68,70,57,52,79,75,83,72,84,74,77,76,79,76,64,65,75,66,52,57,44,44,35,47,42,42,41,42,41,38,43,35,36,39,31,41,26,29,31,26,25,18,14,16,18,22,16,18,18,19,22,13,16,13,7,4,7,10,7,7,7,1,3,5,3,1,1,3
E86015,82,94,73,96,104,98,100,98,106,100,106,103,95,88,87,83,97,95,80,79,74,86,87,84,87,93,126,123,122,134,119,114,133,146,143,123,168,145,143,132,134,147,139,114,121,139,103,109,98,108,120,104,94,101,107,90,94,103,86,109,100,95,90,93,94,69,79,84,71,60,68,58,67,74,48,51,48,67,69,50,49,38,37,40,37,27,37,29,22,20,13,19,10,14,3,32
E86016,35,39,30,33,25,30,25,37,27,46,45,36,35,34,45,43,37,42,38,33,41,39,54,48,78,53,75,51,71,47,54,57,33,30,50,48,43,40,38,39,45,41,39,46,38,46,37,37,33,41,28,44,38,34,37,39,40,41,33,27,38,21,49,35,24,24,22,22,24,23,12,13,16,15,20,20,16,19,10,10,18,13,12,10,13,9,12,8,8,8,10,8,4,4,2,8
E86017,137,118,138,117,119,116,112,94,106,89,91,91,101,96,99,93,105,94,115,85,106,129,182,223,255,267,236,268,230,231,221,203,210,211,192,146,165,133,164,131,145,127,116,122,129,113,91,113,113,92,105,83,91,90,72,74,80,86,59,73,84,60,56,50,53,53,62,39,41,57,37,40,25,26,31,28,31,19,33,16,18,15,21,11,17,22,14,14,9,10,6,4,,5,3,5
E86018,29,28,32,32,37,40,45,53,55,46,59,49,57,61,61,56,67,60,60,66,58,44,51,57,52,54,60,48,62,58,55,49,57,51,55,51,53,60,58,55,57,67,60,67,49,50,71,48,50,56,48,49,40,49,51,55,55,52,37,45,42,38,41,38,39,36,40,26,19,36,32,26,23,19,29,30,13,23,26,23,16,16,16,17,15,17,17,19,11,10,13,5,8,7,7,15
E86019,24,38,31,33,17,36,26,28,42,35,42,48,41,42,42,50,41,52,43,45,31,51,45,57,56,58,57,57,52,48,45,38,47,35,41,39,32,36,36,52,45,44,54,45,54,47,54,43,42,48,43,43,46,45,43,40,46,41,34,30,49,29,31,41,22,30,37,30,33,25,25,29,21,22,28,19,25,29,26,11,17,17,13,9,14,13,7,11,10,8,14,5,4,3,5,10
E86020,36,26,28,23,31,27,37,30,34,35,37,49,31,29,32,51,40,39,46,33,32,32,32,33,39,41,46,41,42,49,19,25,51,44,39,35,39,48,57,44,32,46,41,28,36,47,43,28,35,22,32,25,35,24,33,34,28,21,33,24,27,22,22,29,23,13,20,9,14,18,16,16,18,17,10,16,14,22,10,5,10,3,7,10,9,5,6,4,6,3,2,5,1,,1,2
E86022,9,21,14,20,20,22,22,23,32,25,42,34,32,34,32,44,36,44,34,31,19,25,23,25,24,37,34,22,28,34,41,31,29,35,33,33,32,40,31,48,34,43,36,40,46,47,44,40,41,33,33,34,36,46,46,59,32,41,43,42,47,56,41,38,54,39,40,37,34,32,34,33,26,26,34,25,32,38,37,25,26,28,27,16,14,17,24,18,18,12,15,12,11,8,10,9
E86024,9,16,14,18,8,14,13,26,19,25,21,20,21,16,26,27,26,27,29,27,24,23,26,23,19,31,19,28,32,26,19,27,17,19,22,27,22,24,26,19,15,20,22,30,29,25,29,23,35,31,31,25,35,32,34,38,30,30,44,26,42,32,35,33,27,28,27,26,23,16,20,34,27,17,19,18,13,27,34,16,20,23,18,18,10,9,9,7,16,10,13,4,7,4,4,12
E86026,55,51,50,36,45,52,59,44,46,41,43,46,49,52,47,69,72,53,50,51,50,53,55,66,62,68,60,72,74,76,68,62,71,69,62,74,58,68,53,55,54,55,66,75,63,55,47,47,51,62,50,45,44,47,39,36,39,52,54,44,43,53,42,38,37,33,35,33,24,28,27,32,30,18,22,24,21,22,31,13,15,14,14,7,13,11,9,23,7,9,11,8,2,2,3,8
E86027,36,35,34,38,39,45,62,60,57,43,66,54,41,39,52,49,51,51,48,43,45,27,35,39,31,42,33,63,35,33,46,60,52,55,54,52,47,78,74,72,59,53,55,61,62,46,54,52,47,36,55,38,40,42,40,32,45,48,39,45,42,49,42,27,23,26,30,29,23,26,25,24,22,12,19,15,20,21,23,16,15,16,13,16,14,18,12,14,12,18,10,7,8,2,6,17
E86028,22,33,35,36,43,38,47,48,34,51,64,56,59,64,45,51,63,58,35,41,54,44,36,37,40,46,42,42,32,41,55,49,48,65,43,62,71,47,56,71,63,61,76,68,83,77,70,66,58,62,52,63,60,54,53,45,45,61,63,43,44,59,48,52,37,45,37,40,44,42,41,40,47,33,33,32,47,50,43,38,31,36,30,22,31,30,24,22,21,18,19,13,12,9,9,25
E86029,44,60,49,65,63,53,50,54,71,62,80,71,86,90,67,79,71,94,60,72,65,68,68,82,81,72,72,68,73,89,73,76,71,80,75,81,75,94,92,88,66,80,80,85,76,80,70,64,56,64,76,84,62,61,46,80,73,83,61,81,56,59,54,53,58,39,50,38,34,37,29,38,30,15,29,31,26,27,29,29,27,17,17,17,18,24,18,15,26,7,10,5,9,5,1,13
E86030,33,33,31,34,29,29,21,35,38,22,29,27,25,21,27,24,31,32,84,139,169,164,199,224,269,196,160,171,123,115,108,118,88,91,70,67,77,53,46,63,51,44,44,35,34,28,40,25,20,21,23,21,25,31,24,16,21,19,15,16,19,20,10,11,15,10,13,9,11,12,10,6,11,10,6,11,9,7,7,5,5,2,6,4,2,1,4,4,5,3,4,5,1,1,,2
E86033,26,27,29,32,34,39,36,31,26,45,30,39,36,29,31,33,36,38,26,35,29,20,30,37,34,31,37,34,42,30,35,45,38,45,45,41,55,47,54,49,62,60,49,51,54,53,41,35,41,39,38,36,36,27,35,44,26,29,45,35,38,41,29,44,32,36,33,31,26,35,31,28,26,19,29,36,31,29,37,16,15,18,22,27,17,15,10,16,16,17,9,8,7,7,9,22
E86034,13,11,10,12,19,24,21,21,21,22,15,17,16,14,17,13,18,16,13,11,10,10,8,17,13,9,14,23,19,17,18,19,20,21,22,17,21,28,26,19,18,18,18,17,22,18,18,16,11,10,13,15,16,20,11,16,15,19,17,15,13,16,13,19,14,16,15,9,10,12,6,8,12,7,14,6,3,6,9,6,4,6,1,1,5,6,5,3,1,4,6,1,2,1,1,5
E86036,42,34,45,54,52,36,49,54,59,46,52,55,54,51,48,42,67,58,54,47,31,49,39,58,51,49,67,58,65,57,67,64,65,57,66,55,64,76,61,76,81,55,76,83,72,76,64,59,64,53,39,45,50,58,46,52,61,51,45,56,42,51,37,52,48,47,49,50,51,42,50,34,35,34,24,45,31,36,36,21,20,23,15,31,25,22,22,16,19,13,15,15,11,9,11,22
E86038,26,36,37,42,36,39,45,45,43,47,42,48,40,39,45,42,48,32,35,44,35,48,48,41,48,49,64,58,52,77,48,49,74,66,53,52,58,59,62,55,52,50,64,56,65,65,40,40,47,39,54,43,42,42,36,41,46,26,37,39,39,39,44,32,29,30,25,23,25,24,20,13,18,14,12,11,14,18,15,12,14,9,9,9,11,7,6,8,4,1,2,6,1,3,1,8
E86041,23,22,32,26,38,38,34,24,32,41,34,39,42,54,38,43,42,26,40,23,31,33,29,42,31,33,28,44,35,35,36,41,30,40,47,55,43,46,44,42,45,45,56,42,59,41,34,49,44,41,44,34,27,25,37,44,27,41,28,23,28,18,25,26,22,29,23,10,28,24,26,22,17,24,19,23,15,28,16,9,12,13,15,12,10,6,11,11,10,11,6,3,4,2,1,6
E86042,51,53,38,62,48,40,34,41,44,64,51,48,45,44,55,43,54,46,46,43,61,43,38,43,50,47,46,64,63,70,74,68,70,77,87,83,70,77,70,78,60,65,47,52,63,66,60,44,41,44,45,47,41,39,41,45,44,51,42,41,41,44,33,39,24,31,25,17,26,25,23,13,13,9,17,23,17,22,13,16,16,11,4,11,5,4,4,5,5,4,5,3,6,2,,2
E86605,14,15,11,18,11,12,9,16,16,14,12,13,12,14,12,13,16,15,9,9,10,12,12,8,9,15,10,12,16,16,21,13,12,23,22,19,18,26,22,19,27,17,28,10,20,21,21,20,15,10,19,12,11,14,14,14,18,12,20,13,18,26,24,16,16,16,20,23,16,10,14,23,7,16,12,10,5,20,11,8,7,9,14,3,5,2,5,7,5,3,4,1,1,2,3,2
E86609,80,58,75,45,50,42,42,44,53,38,32,28,36,34,33,42,36,40,35,51,61,66,75,112,127,103,118,139,131,146,127,114,114,114,95,93,82,83,71,73,63,72,57,64,42,49,49,40,45,33,42,41,39,36,48,32,34,27,32,24,22,22,29,22,13,25,20,10,19,11,15,10,20,16,10,10,7,14,10,8,14,4,7,3,7,5,4,5,3,1,1,,1,2,,3
E86610,11,18,20,13,14,15,14,26,19,13,19,19,24,21,19,26,30,10,15,23,23,19,19,22,14,19,22,27,26,22,29,26,27,33,27,24,23,23,22,23,20,24,37,27,28,22,28,15,27,20,17,25,24,24,28,23,18,23,24,26,26,23,22,19,20,14,11,21,17,8,13,14,10,9,11,12,7,8,10,4,9,8,4,3,5,3,,3,1,2,1,1,1,1,1,2
E86612,36,32,34,24,32,33,28,30,33,33,39,30,36,36,22,33,46,53,35,34,39,42,41,51,51,55,65,66,63,67,56,48,53,46,51,50,59,47,53,39,48,49,39,46,40,41,26,32,30,33,40,29,20,23,24,24,27,27,20,24,20,20,28,21,18,24,16,18,20,18,11,14,10,5,11,8,4,4,5,9,4,7,6,2,4,1,6,3,3,5,3,3,,2,2,3
E86615,12,8,8,12,19,13,13,15,11,9,12,14,23,22,19,21,17,16,10,11,7,13,6,20,13,22,16,15,18,17,25,19,23,15,20,12,21,22,18,15,24,15,21,21,23,21,19,22,27,24,17,11,15,8,14,15,11,10,13,9,17,16,20,12,12,8,12,11,10,10,11,7,7,8,9,5,9,6,6,7,4,6,7,5,3,1,5,7,4,1,2,4,5,3,1,4
E86618,30,44,40,37,39,40,49,54,48,50,52,57,56,44,63,62,39,52,35,31,30,34,26,31,42,40,34,53,55,46,52,51,53,62,61,66,59,73,72,74,74,67,55,56,63,61,65,45,48,49,48,34,38,37,44,28,31,38,42,31,37,42,29,44,29,36,34,20,26,27,32,25,25,37,30,18,33,25,29,24,21,15,26,14,19,23,12,9,7,5,11,11,4,4,3,12
E86619,19,16,23,16,20,22,24,24,25,38,28,27,31,36,39,35,28,21,16,8,13,5,11,9,21,10,14,16,12,17,13,23,17,31,31,24,26,38,23,25,24,34,47,36,41,52,30,23,31,29,23,26,17,23,12,17,18,15,14,15,21,23,15,23,18,20,12,19,17,21,10,12,13,13,12,10,13,17,10,8,10,10,7,10,2,7,5,5,3,4,6,2,2,3,,2
E86620,29,27,35,27,45,40,36,45,36,39,45,39,41,33,43,41,47,40,29,21,28,23,28,20,33,32,42,40,29,50,37,41,47,55,50,52,62,56,48,44,45,57,53,36,42,33,43,33,26,29,29,32,25,37,35,32,19,14,28,28,18,23,20,21,23,16,22,12,19,16,10,17,17,12,7,19,14,16,12,10,15,7,6,4,7,12,5,9,5,11,1,,3,,1,2
E86625,7,12,12,7,17,12,19,21,20,34,14,26,23,10,20,17,26,24,20,15,11,13,20,20,13,17,12,14,12,21,19,15,16,18,21,22,17,19,28,22,34,20,23,30,15,19,17,22,16,15,21,23,12,16,22,14,16,12,17,24,22,14,14,12,14,14,15,11,15,12,9,10,13,10,3,9,1,7,3,8,7,5,2,6,3,3,4,7,3,2,3,1,,3,,6
E86626,27,32,27,34,33,40,42,34,35,35,45,39,35,28,39,40,35,32,28,22,26,27,36,38,36,29,32,29,40,38,37,30,29,29,42,49,36,59,42,58,51,47,46,51,68,58,42,48,32,36,35,41,43,41,31,53,42,41,41,43,38,45,31,46,49,39,38,28,38,38,26,22,18,21,14,15,22,17,13,18,17,8,12,11,5,7,12,6,9,15,4,2,4,,2,5
E86629,19,19,24,25,23,28,25,25,26,27,26,29,29,28,25,23,23,26,21,17,23,20,25,14,23,25,19,30,26,25,30,25,28,37,34,32,36,39,34,34,47,39,35,27,21,20,35,26,25,25,24,15,19,21,21,26,11,22,14,14,15,12,16,23,10,11,9,12,9,11,15,11,8,13,9,8,14,11,16,5,8,7,6,8,13,5,8,3,4,2,4,3,2,3,3,4
E86632,26,30,14,33,31,27,29,38,39,46,37,36,31,42,42,42,42,44,48,48,31,34,33,33,35,45,46,41,52,39,33,44,41,31,32,40,41,43,55,47,40,39,41,45,58,46,42,54,30,44,54,42,27,45,31,53,44,37,39,45,35,30,28,30,28,25,26,26,29,23,15,35,12,20,21,15,18,12,7,9,10,11,2,6,3,6,7,3,3,5,2,1,2,1,,7
E86637,38,24,32,29,20,24,25,31,34,27,33,30,34,31,49,44,27,33,39,28,30,29,40,42,45,55,30,59,53,50,51,44,35,49,37,62,52,47,51,41,52,50,42,47,47,57,42,44,33,38,36,46,38,30,49,37,38,37,30,34,32,24,26,38,25,32,29,27,32,28,13,15,21,19,16,9,23,14,19,7,13,12,11,6,8,10,6,7,5,6,2,5,,1,2,
E86640,33,32,41,45,44,46,41,45,41,36,34,41,34,37,43,23,26,31,24,22,23,26,21,26,22,26,30,29,38,31,36,32,39,49,59,54,54,50,61,56,41,59,59,63,58,45,65,55,46,38,32,30,33,30,25,30,36,31,33,33,33,27,32,29,25,22,22,27,34,22,23,25,22,22,19,27,30,13,30,23,15,14,23,8,11,11,10,12,5,10,6,6,5,5,6,3
E87002,47,33,47,62,49,72,62,69,68,67,67,52,61,62,67,49,68,83,99,67,72,77,84,107,132,133,145,199,171,200,183,195,194,213,213,170,172,156,169,189,141,154,131,147,125,128,124,121,128,104,119,105,93,120,86,116,130,101,106,103,106,104,86,89,88,71,72,71,74,78,83,51,69,61,55,55,62,42,65,61,43,46,39,43,34,38,28,22,34,17,18,22,15,5,11,21
E87003,10,15,15,11,18,15,14,12,20,24,20,16,21,26,17,22,27,20,22,33,18,12,48,49,56,64,54,55,48,36,54,37,33,43,36,32,42,48,41,48,43,32,47,34,35,33,33,30,39,35,35,29,40,31,29,33,30,35,39,34,37,43,40,30,29,28,31,34,14,20,23,17,13,19,15,14,21,15,15,12,15,10,11,12,4,8,11,10,6,5,5,1,2,4,2,2
E87004,21,18,30,26,39,25,28,28,41,45,41,42,35,36,38,50,59,41,46,45,39,58,71,74,94,85,89,78,87,91,99,100,80,83,91,81,75,88,90,67,85,65,94,77,100,81,85,84,83,74,69,90,67,75,80,84,80,73,80,75,86,81,67,58,65,46,59,61,48,55,34,45,50,45,59,51,37,42,35,38,42,26,32,23,18,24,14,10,15,5,17,9,7,3,1,11
E87005,22,16,21,21,20,18,22,21,24,25,35,34,33,25,18,39,31,27,36,33,37,45,41,54,63,83,104,109,96,105,78,96,73,76,79,85,77,58,74,53,58,69,50,65,58,50,55,53,78,46,62,69,59,72,66,87,83,68,54,68,72,67,62,71,42,53,50,43,34,33,35,42,34,23,31,48,38,29,32,28,29,25,26,15,17,13,27,15,21,12,10,4,6,3,6,13
E87006,13,10,13,17,14,15,14,14,16,21,12,22,15,15,13,18,18,24,21,13,17,25,23,29,48,43,43,46,66,54,49,46,38,46,51,49,37,42,45,43,33,45,33,33,23,36,32,33,27,31,34,24,27,33,25,17,24,30,20,24,28,19,21,18,25,29,16,17,18,20,16,13,21,12,14,18,15,13,9,13,9,9,7,8,7,6,8,2,3,8,5,,3,2,1,3
E87008,22,30,41,33,44,41,28,32,46,34,44,34,55,38,56,35,48,61,58,65,78,88,111,166,176,175,192,155,150,148,144,146,134,118,114,95,107,80,87,83,80,86,83,77,83,57,67,59,37,72,49,62,60,55,51,60,57,53,57,47,56,56,41,47,46,41,38,25,42,36,30,35,34,27,34,28,30,22,29,24,22,11,13,12,15,8,21,13,17,16,10,6,7,4,3,5
E87009,4,11,8,8,11,6,17,8,9,11,16,13,10,24,23,17,21,15,11,13,9,17,16,21,24,29,31,36,43,38,32,33,30,29,43,40,46,42,25,31,35,27,28,22,32,23,29,19,24,22,21,19,24,12,26,16,17,24,16,23,23,21,15,26,16,18,11,21,19,14,18,16,16,19,13,20,7,19,17,14,14,13,14,9,3,7,5,8,8,6,4,3,2,1,3,5
E87010,11,13,19,20,11,22,19,14,20,13,19,15,23,19,16,24,17,21,19,10,14,11,20,37,35,42,41,41,43,49,64,61,59,55,60,71,55,68,66,60,71,56,51,52,57,53,50,48,37,33,43,36,36,31,40,36,32,25,28,33,32,31,31,33,25,35,14,20,13,11,20,21,21,22,15,25,21,19,13,10,13,13,8,7,8,7,3,9,8,5,5,3,2,,1,5
E87011,28,23,27,27,27,28,35,27,33,42,37,36,37,44,41,51,35,40,30,43,42,69,61,94,90,100,94,93,90,90,95,94,79,80,67,65,56,60,60,62,49,47,45,57,44,51,63,46,42,33,55,47,42,46,44,36,51,37,43,49,44,25,32,32,32,27,29,27,31,31,28,33,24,38,30,31,22,24,23,24,19,16,19,18,19,21,7,7,11,9,10,3,8,2,4,7
E87013,53,58,60,69,62,67,70,60,78,75,90,72,74,69,65,84,70,81,84,81,82,88,102,115,138,118,158,161,184,195,174,179,164,163,190,141,145,159,136,145,123,122,141,131,128,130,113,133,139,98,120,106,115,125,132,114,140,108,90,110,97,87,82,80,88,88,68,64,51,55,58,58,53,57,51,63,43,60,43,59,48,47,39,32,27,38,32,21,19,17,11,12,11,12,13,23
E87016,45,60,47,64,49,57,50,54,62,64,58,56,66,63,74,64,74,66,70,59,79,93,75,112,123,134,123,113,123,123,120,129,123,114,127,129,91,121,130,121,96,107,103,116,89,85,96,89,100,76,107,88,112,132,94,94,95,101,87,73,78,79,66,91,56,70,74,54,51,57,60,56,54,45,45,67,55,54,52,38,38,34,36,21,37,31,17,23,15,15,16,8,10,10,5,15
E87021,23,23,21,15,16,16,22,14,20,20,17,16,15,15,16,19,12,13,17,19,15,30,33,27,33,62,54,57,53,63,51,58,68,57,60,63,58,45,29,43,34,41,34,34,43,20,27,18,29,29,34,37,23,42,25,31,34,29,32,32,28,44,38,35,36,31,37,22,39,29,25,21,17,22,17,19,23,14,16,20,17,14,23,11,12,12,8,16,12,9,9,9,4,8,4,4
E87024,19,22,17,23,20,24,17,31,29,21,35,34,41,25,44,33,36,30,24,33,30,39,37,35,47,41,47,48,40,42,41,49,36,55,34,37,44,33,39,32,34,38,40,42,30,34,30,35,39,40,37,27,28,30,43,33,39,38,36,30,25,27,30,26,28,33,28,19,22,25,16,22,12,12,16,19,8,12,10,9,16,11,7,14,9,14,6,5,14,7,5,4,6,3,2,10
E87026,4,7,3,3,7,4,12,5,11,8,3,11,9,12,11,12,8,8,7,12,11,14,13,13,6,16,16,22,19,17,13,14,16,15,17,15,15,23,20,14,18,18,16,7,10,27,12,19,16,10,15,16,13,15,14,20,15,21,12,11,16,13,17,18,17,10,12,13,18,8,14,16,12,9,10,9,9,8,6,9,8,6,4,2,4,4,5,8,4,2,2,,,1,,
E87029,32,27,42,36,45,35,38,45,52,49,56,59,57,52,54,56,45,55,52,45,44,50,53,51,56,66,69,73,76,71,67,58,76,54,67,67,79,70,86,68,90,56,51,72,66,71,89,70,74,68,70,78,69,72,72,88,66,83,67,71,83,62,68,59,55,48,49,45,33,32,24,51,29,39,33,31,31,32,34,23,34,31,28,19,19,26,13,13,10,10,7,5,7,8,8,10
E87034,40,50,37,39,43,36,47,63,44,62,45,49,57,66,58,59,52,63,61,86,79,96,110,131,141,195,186,184,193,203,222,167,157,173,121,148,109,116,119,101,103,98,124,111,90,91,92,83,88,96,87,76,93,89,90,79,98,81,95,92,84,85,79,52,73,63,66,86,62,58,51,47,52,43,48,42,38,44,41,41,32,23,22,33,20,12,16,21,14,16,10,9,9,6,6,11
E87037,32,32,31,40,34,30,28,37,39,38,34,38,37,44,49,41,41,42,54,53,66,54,93,102,118,136,137,136,142,141,142,129,157,129,123,93,119,109,94,98,82,88,73,81,64,66,60,67,65,69,56,56,57,79,63,66,64,47,64,60,58,60,52,48,38,36,43,35,38,31,40,32,15,45,28,31,32,29,33,24,18,14,21,13,15,17,7,6,13,6,5,4,2,1,8,13
E87038,8,10,18,17,15,18,14,19,28,20,15,21,22,18,24,22,15,19,33,23,25,12,19,18,37,57,50,38,38,42,53,54,29,31,38,42,25,39,40,38,37,33,41,46,35,31,29,25,33,28,28,33,26,33,26,29,32,38,33,39,39,24,25,24,28,27,27,27,26,14,16,22,25,18,18,11,17,12,13,15,16,11,10,9,6,8,9,12,2,7,6,4,4,2,2,2
E87043,25,20,24,20,23,25,21,30,33,30,30,27,37,36,56,38,39,56,29,50,45,49,68,65,56,65,67,64,48,41,64,63,60,62,73,56,71,62,59,62,60,50,66,58,63,65,50,73,48,64,53,59,64,73,54,48,56,42,43,42,46,42,33,31,16,26,31,13,18,26,27,18,17,23,15,14,19,23,21,21,20,14,11,10,11,6,10,5,2,6,7,2,1,1,2,9
E87045,12,10,7,8,7,14,14,9,7,10,9,9,9,12,11,13,16,26,30,50,48,51,97,100,110,71,85,76,55,58,64,34,53,42,42,39,34,49,39,28,24,43,26,32,48,25,25,21,28,25,23,26,36,26,28,32,27,33,19,36,30,20,40,25,18,20,24,23,18,18,15,20,19,11,19,17,17,12,14,12,10,11,10,6,5,7,7,14,5,2,3,3,5,1,2,4
E87046,71,76,75,73,76,64,49,51,53,49,52,44,66,50,60,55,46,48,46,48,33,55,71,101,128,157,183,219,192,240,197,232,179,186,180,204,173,161,133,149,135,128,134,108,107,94,91,103,92,72,89,88,73,69,69,60,68,49,65,53,71,55,51,56,42,46,51,42,41,35,35,34,38,28,30,29,28,19,24,18,14,14,12,10,7,9,8,7,6,6,8,9,3,3,2,9
E87047,12,8,11,10,16,12,15,12,14,16,13,17,19,12,20,18,16,22,22,17,37,33,59,60,92,102,111,103,100,105,119,85,86,98,76,83,82,59,51,71,68,54,46,48,59,42,38,41,43,45,54,36,40,40,39,32,35,36,34,34,32,35,27,33,26,31,28,27,23,19,23,23,22,24,43,20,27,26,25,21,15,15,7,8,8,7,4,5,2,4,1,2,2,,2,8
E87048,8,5,10,15,14,9,9,6,8,11,9,20,13,20,14,10,15,15,17,12,13,14,26,24,27,31,32,29,30,34,41,30,50,31,27,36,35,34,32,29,42,24,34,36,25,29,29,20,36,18,26,24,21,27,23,29,22,21,18,23,14,19,12,16,13,13,10,16,12,8,14,15,8,7,7,14,16,9,11,5,9,10,6,10,3,12,5,4,6,1,1,,,5,2,
E87052,5,5,12,5,15,9,21,11,16,16,18,14,20,17,31,16,12,19,28,18,19,18,14,21,34,28,23,20,36,31,30,33,36,28,27,26,26,36,33,28,21,17,20,20,16,25,19,22,23,15,23,20,18,13,17,15,20,17,7,19,21,14,18,15,14,15,16,15,10,10,7,14,9,10,12,10,17,8,9,6,9,1,8,7,4,3,4,,3,3,4,3,2,3,2,3
E87061,61,62,64,63,47,68,64,45,87,72,65,68,68,69,65,74,57,48,60,54,57,55,77,91,109,129,129,111,124,152,155,152,135,137,158,149,156,166,153,158,142,151,126,130,112,119,109,115,114,110,105,96,114,94,80,94,85,67,87,68,77,78,75,64,45,65,48,56,55,50,43,33,35,30,34,31,39,30,41,25,23,22,23,29,21,27,12,12,11,3,7,5,3,4,2,14
E87063,59,58,70,57,62,49,55,63,52,54,57,51,63,54,56,58,45,69,66,59,67,73,130,151,213,203,241,290,241,272,266,243,231,241,243,224,218,190,220,189,163,174,163,156,142,133,116,114,102,99,80,80,93,85,88,64,76,71,51,76,49,55,50,62,48,42,50,42,35,40,42,32,32,25,37,29,19,27,25,26,18,12,14,12,11,16,12,9,4,8,1,1,3,1,2,6
E87065,17,17,6,12,12,11,6,12,9,10,10,9,10,18,11,12,9,14,16,18,13,21,25,28,41,41,60,59,71,66,53,50,41,49,32,39,36,33,33,31,30,24,21,24,23,28,24,16,22,29,20,30,22,27,22,29,28,28,28,26,23,29,24,22,21,25,11,20,14,14,15,13,19,14,11,9,19,5,7,5,6,10,4,5,6,9,6,3,5,6,4,2,4,2,1,4
E87066,10,13,17,9,9,27,20,14,24,17,16,18,28,31,26,29,20,27,90,86,82,67,91,85,74,83,89,108,101,100,107,86,105,72,76,66,77,73,72,60,67,75,56,53,51,59,45,43,42,42,48,53,37,49,31,40,46,40,24,37,28,39,34,29,24,19,20,29,27,26,18,24,18,8,17,19,12,15,22,22,7,19,4,13,5,7,7,6,1,5,4,4,2,2,,5
E87067,40,46,33,41,35,40,48,52,50,42,49,45,53,48,37,33,50,53,56,36,36,52,60,52,59,70,61,74,80,73,77,101,84,90,92,86,86,92,96,82,107,96,79,99,94,89,92,71,73,61,71,80,66,69,67,73,69,106,72,88,90,79,67,80,58,56,70,56,54,59,50,46,36,43,38,46,42,38,39,36,32,31,30,20,18,18,17,9,10,10,9,6,2,5,5,7
E87069,1,6,5,6,5,3,3,6,3,3,1,7,5,7,6,10,2,7,5,7,7,7,10,16,13,13,19,21,22,25,32,31,39,34,44,52,37,21,17,28,33,17,25,28,11,22,11,18,13,14,23,25,17,14,16,15,18,15,23,11,11,13,17,11,12,12,4,10,14,5,7,9,6,7,5,7,7,4,5,9,4,3,4,2,5,3,4,2,3,2,1,2,,2,1,2
E87070,13,19,13,17,19,24,29,21,17,27,35,22,21,27,16,20,23,22,23,32,33,31,46,62,81,95,94,98,113,98,92,111,109,97,90,88,82,61,69,63,58,67,63,54,48,56,44,49,43,38,46,36,33,43,33,30,39,23,34,26,34,26,32,38,22,22,15,21,20,19,12,28,19,22,13,19,12,18,14,11,17,14,10,10,3,9,7,7,4,5,4,4,3,5,3,5
E87609,98,81,84,93,98,104,99,99,130,118,150,140,117,151,128,144,143,117,107,103,99,93,120,143,157,145,173,163,209,209,211,227,217,231,249,233,246,203,236,200,208,207,206,209,181,175,185,189,184,178,165,159,161,139,166,159,136,117,139,114,120,104,94,97,104,92,89,97,69,65,78,62,62,88,66,71,67,62,75,68,59,59,44,33,37,33,35,34,28,25,20,11,22,13,11,39
E87637,69,60,67,98,70,65,97,82,104,96,89,81,82,113,85,96,107,95,89,107,101,126,132,182,215,215,207,299,232,272,273,243,251,279,228,243,214,222,210,192,171,224,175,151,153,183,144,125,142,131,115,129,125,119,126,114,113,107,109,110,99,96,92,73,83,75,79,64,62,53,54,56,47,57,46,34,36,33,30,25,33,22,22,26,10,17,15,17,11,19,8,4,3,6,9,9
E87648,14,11,14,11,10,7,14,5,6,5,10,9,11,14,9,10,10,11,10,16,17,27,25,23,36,47,52,51,53,55,62,45,57,57,41,43,36,39,35,39,31,35,25,35,26,25,26,26,28,24,27,27,23,27,27,20,30,11,17,17,22,21,15,19,15,24,25,18,17,11,14,15,15,8,14,7,10,12,9,5,6,7,3,5,7,5,8,8,4,2,2,2,1,1,3,3
E87663,12,6,7,7,14,10,9,9,9,17,19,21,24,19,20,20,33,27,23,29,23,19,13,21,26,28,19,20,16,17,21,21,31,13,16,18,21,20,23,16,20,23,16,19,21,21,15,21,25,25,24,23,20,21,16,16,19,18,11,19,8,9,17,14,14,11,9,9,11,10,10,12,11,9,5,7,7,3,8,5,6,6,1,1,4,2,2,4,2,2,4,1,2,,3,3
E87665,18,22,20,22,12,21,30,21,28,29,27,32,25,38,31,18,33,29,41,17,30,34,44,43,62,51,78,70,71,74,59,73,70,54,55,55,61,41,58,41,54,55,44,44,53,50,53,51,46,51,51,54,51,59,56,59,47,49,43,52,45,55,37,33,54,42,30,29,28,37,40,28,30,33,23,25,30,19,33,18,21,21,16,12,20,9,16,8,10,7,12,9,5,7,4,15
E87677,3,4,5,7,6,8,9,4,3,8,3,2,6,1,5,8,7,15,265,533,663,633,955,1035,1121,303,258,244,171,126,93,64,70,34,37,31,32,25,28,21,11,11,16,14,9,13,16,14,14,10,13,6,19,11,22,5,17,9,12,20,8,8,7,6,9,9,4,9,12,7,4,6,6,5,12,5,3,4,5,7,9,2,6,5,2,2,8,5,6,3,5,5,,1,2,2
E87681,47,65,41,54,57,56,49,56,60,75,49,55,49,55,42,35,53,40,48,47,42,52,79,84,97,142,171,170,211,200,205,224,210,233,197,200,213,175,187,161,166,151,155,127,134,126,131,98,88,75,79,86,84,76,68,72,70,70,61,58,72,66,50,48,53,48,38,50,49,32,43,28,44,33,32,43,38,35,34,28,18,18,28,14,22,11,19,12,12,15,8,13,4,9,7,12
E87701,12,15,21,25,18,33,31,46,35,34,41,40,39,47,41,40,45,36,44,42,40,46,36,53,72,76,60,73,53,59,57,52,66,71,60,66,70,66,58,74,66,62,68,85,80,65,65,64,81,77,69,56,64,60,65,51,71,58,54,56,58,56,57,53,47,52,47,45,42,47,47,42,42,44,50,43,41,42,48,39,38,30,25,21,22,25,19,14,16,11,6,8,6,8,4,16
E87702,13,10,7,6,11,12,8,6,8,11,15,6,8,9,12,12,9,6,17,10,12,14,22,18,23,31,36,28,36,42,36,38,38,36,33,30,37,30,31,32,32,25,17,19,25,29,20,20,20,22,24,25,20,32,17,19,15,27,16,13,30,22,23,19,12,21,12,8,17,16,13,13,6,11,10,9,14,10,12,7,7,5,5,4,5,9,4,4,5,2,2,1,4,,2,3
E87706,19,21,13,30,22,8,19,17,20,19,16,16,27,23,25,28,26,18,14,30,10,28,31,29,28,31,26,32,32,35,29,29,34,26,38,24,42,35,29,25,32,33,27,40,38,33,24,33,27,34,33,31,31,22,28,28,25,29,18,29,28,32,19,17,22,18,15,21,22,14,14,14,20,12,17,12,12,8,11,6,13,5,11,8,4,13,11,5,5,2,,2,1,,1,7
E87711,,,,,,,,,,,,,,,,,,,,,,,,,,,,,,,,,,,,,,,,,,,,,,,,,,,,,,,,,,,,,,,,,,,1,1,1,,2,,,,,,,2,1,1,2,,1,,,,,,,,1,,1,,,4
E87714,1,5,1,8,8,6,3,4,8,9,10,9,19,8,10,10,16,14,12,33,40,51,53,67,90,77,77,80,74,79,97,84,74,68,80,57,47,54,46,52,35,42,35,52,38,50,42,34,34,41,57,44,50,43,43,37,48,35,25,22,27,28,25,23,21,16,24,14,11,16,9,11,8,11,10,5,4,4,4,5,5,5,2,5,1,,1,1,2,2,2,1,1,1,,
E87715,13,16,21,16,21,19,24,25,37,51,58,37,43,40,48,49,41,46,44,36,34,40,52,47,42,45,46,50,57,48,86,56,78,75,61,72,59,75,77,68,62,63,93,67,65,77,71,70,87,71,64,67,62,59,51,42,49,47,68,44,40,40,42,41,39,34,31,39,23,32,22,32,28,23,31,25,21,19,18,24,10,15,17,15,11,8,8,3,6,3,11,4,5,,1,4
E87720,11,25,16,33,20,17,36,27,29,36,30,37,35,32,30,41,40,45,44,37,47,55,55,89,96,109,112,108,106,134,112,109,120,116,110,107,122,102,98,81,74,85,87,77,70,82,82,53,73,63,61,71,67,61,44,54,51,59,47,54,45,40,44,38,34,28,29,26,37,31,22,25,23,25,19,16,20,19,15,22,15,8,12,18,6,9,8,4,4,1,3,2,3,2,,4
E87722,23,18,15,26,23,17,18,16,17,20,23,18,19,23,15,21,18,8,19,33,17,31,52,78,93,83,107,107,97,103,90,96,99,91,116,88,88,92,69,64,82,57,53,59,60,41,47,51,36,45,28,43,50,28,30,27,30,37,34,27,27,17,26,19,26,19,9,16,16,10,8,9,16,5,12,8,15,12,9,13,8,9,5,3,8,7,4,2,3,4,,2,3,1,1,1
E87733,12,17,14,11,14,15,17,23,20,17,25,24,24,30,28,24,37,32,25,32,31,40,26,31,30,44,36,42,39,38,44,49,38,44,38,49,48,49,34,45,29,41,38,33,37,39,22,36,40,26,29,37,33,32,39,28,41,35,34,36,34,33,40,41,28,40,25,22,25,26,18,19,21,20,23,13,17,11,17,11,6,9,7,3,10,8,4,2,5,5,3,3,1,1,,4
E87737,15,12,15,21,22,23,19,26,25,21,25,27,25,39,35,31,35,35,44,58,76,80,95,78,154,145,117,139,136,145,140,127,160,136,122,102,101,104,80,83,71,69,69,61,57,59,56,51,51,56,57,60,64,59,63,52,46,59,50,46,30,59,40,35,43,39,45,31,28,45,28,27,28,27,14,31,28,20,20,37,16,13,10,15,10,12,15,10,8,8,7,2,,3,5,11
E87738,27,34,33,39,40,46,38,38,45,48,75,65,62,69,45,72,85,77,70,63,80,70,82,92,103,114,105,113,101,124,143,118,112,151,139,128,126,118,124,116,126,105,123,149,107,124,102,131,120,127,118,131,129,124,140,122,128,117,124,121,101,98,102,101,102,92,68,90,88,72,78,65,66,52,54,65,70,65,38,48,48,38,46,26,26,36,23,27,17,19,17,6,8,8,7,17
E87739,49,39,22,28,27,35,33,33,40,39,26,34,37,35,38,33,42,40,45,58,65,63,85,108,152,146,154,150,153,141,140,132,122,110,113,109,94,107,67,80,78,51,57,62,67,76,65,52,53,50,63,44,57,60,55,52,57,50,59,52,46,59,35,37,42,26,27,24,25,31,28,24,26,28,21,28,32,22,16,12,16,13,19,8,8,7,6,10,9,10,3,8,,1,,7
E87740,,,,,,,,,,,,,,,,,,,1,2,2,4,2,2,7,2,6,7,9,10,7,9,5,10,10,11,16,16,8,9,12,18,14,10,14,20,19,11,9,12,9,12,11,6,7,7,8,9,7,5,13,6,3,8,4,2,1,3,2,4,3,,3,3,,1,,,,1,,1,,,,,,,,,,1,,,,
E87741,6,7,15,18,19,16,13,20,12,15,17,16,13,16,21,12,18,15,11,18,18,18,14,22,22,31,28,27,33,31,35,37,40,35,39,35,42,31,34,25,34,23,34,29,25,23,24,22,29,38,34,20,25,30,28,34,24,23,37,29,36,32,32,21,28,19,12,15,19,17,15,10,12,9,6,6,8,5,7,8,3,9,2,2,4,4,5,2,5,3,1,,3,1,1,1
E87742,19,14,8,11,12,16,12,15,9,15,12,11,9,8,17,18,9,14,11,12,24,13,13,24,30,21,34,31,24,56,38,41,31,31,28,25,33,36,19,21,21,23,25,26,13,18,15,15,22,21,17,13,15,17,11,15,18,20,18,19,20,16,22,13,11,10,10,13,18,14,9,12,9,9,12,7,6,9,7,8,3,4,7,3,3,3,4,1,4,4,5,2,1,3,1,2
E87745,27,26,28,22,33,20,34,24,24,34,18,37,24,27,35,38,37,27,22,29,29,53,62,76,97,97,138,138,133,135,165,149,123,132,117,123,111,95,91,92,77,100,73,79,65,70,69,49,62,75,67,59,59,53,62,70,52,57,61,47,56,46,34,49,42,39,30,33,26,29,31,28,16,22,27,27,20,23,29,11,15,14,9,19,10,13,12,11,7,5,4,4,3,4,3,5
E87746,15,17,11,20,17,23,16,15,19,21,12,12,16,18,12,23,24,36,27,19,20,21,35,43,67,68,75,63,73,67,75,61,72,76,67,65,57,48,53,52,36,36,50,42,37,33,35,29,17,27,27,24,16,21,20,20,34,28,28,18,16,20,15,19,13,19,15,17,7,10,2,14,12,7,10,8,10,6,9,2,4,1,2,4,3,6,3,1,2,,,2,2,,1,2
E87750,13,11,6,12,8,13,1,11,18,16,14,22,13,13,13,13,13,12,17,18,14,18,37,43,58,51,42,53,48,51,44,42,45,32,37,36,30,39,34,40,30,23,28,27,29,22,29,28,39,29,40,29,27,30,22,36,29,33,28,34,23,27,19,26,16,23,17,14,23,19,12,17,10,12,12,15,12,17,5,15,3,4,9,5,4,5,10,7,2,1,3,4,,1,3,7
E87751,9,12,10,6,8,8,8,9,10,11,15,8,12,12,22,9,15,10,20,15,10,17,10,15,13,12,14,20,15,16,13,20,14,12,16,14,18,14,18,14,7,9,13,8,14,10,11,16,12,18,13,21,19,14,13,13,19,12,15,13,17,18,9,7,14,17,15,7,12,7,11,13,15,9,13,7,9,5,5,6,3,5,3,5,5,3,6,2,4,1,1,,1,,,
E87753,25,33,45,56,35,56,47,55,54,58,45,29,51,50,47,44,46,57,50,55,50,57,53,61,95,84,113,116,96,117,110,103,134,134,136,147,130,121,135,134,132,114,107,107,108,99,97,92,74,90,83,96,74,84,71,91,84,69,73,69,65,67,65,60,66,61,59,44,44,40,42,44,35,34,30,20,29,33,39,25,19,19,21,17,15,12,6,17,6,10,2,2,2,4,5,11
E87754,15,16,11,18,19,6,15,19,23,35,23,36,31,31,32,33,27,35,27,25,33,42,34,40,64,56,49,74,66,78,64,61,63,67,75,80,73,58,80,64,62,73,70,58,60,37,53,64,49,45,45,61,43,43,46,42,42,42,26,30,36,30,26,18,20,26,27,20,23,17,16,24,17,20,22,26,20,23,16,14,10,13,8,8,5,14,5,3,5,2,2,6,2,3,3,6
E87755,17,7,15,11,13,13,8,16,18,17,18,14,12,19,18,23,16,19,15,18,25,21,26,28,47,42,36,34,38,30,37,28,29,37,47,28,23,25,24,23,24,22,22,15,20,18,21,19,20,16,19,15,24,18,20,26,23,11,17,19,11,16,11,10,17,7,4,15,13,12,6,10,12,14,3,5,5,7,4,3,3,5,4,6,6,4,2,4,7,2,3,3,,,,6
E87756,12,13,10,15,14,17,14,16,21,12,14,22,30,21,16,24,14,28,24,20,16,22,17,19,15,22,23,22,21,24,26,23,15,16,25,20,29,38,18,24,26,20,21,24,23,29,22,16,29,22,16,20,19,15,24,16,16,11,20,11,18,27,18,18,13,12,11,14,13,11,13,12,6,7,7,8,10,14,7,5,1,7,3,3,,6,4,3,3,1,2,1,1,3,1,5
E87762,30,21,27,25,31,27,23,21,24,22,29,31,19,35,20,32,37,35,39,31,35,50,52,50,77,100,86,107,128,131,109,125,99,109,118,93,102,88,82,95,81,66,63,64,68,58,64,50,62,72,71,66,61,49,56,53,69,57,56,58,55,39,43,48,57,46,36,45,40,31,35,33,25,23,28,33,33,37,25,22,17,22,11,15,15,9,19,15,14,7,8,5,8,9,3,10
E87768,,,1,1,,1,,,,,,,,,,,1,27,525,1070,1426,1506,1869,2035,1263,374,324,293,243,174,150,149,129,82,90,72,58,57,38,28,34,29,21,21,13,16,10,12,9,6,11,7,5,6,9,5,8,7,4,5,3,4,2,2,,2,2,,,2,,,,1,,1,,,,,,,2,,,,,,,,1,,,,,
E87772,,,,,,,,,,,,,,,,,,,1,1,2,5,1,4,4,1,2,4,1,1,3,1,2,7,3,,1,4,6,3,5,2,1,1,1,3,4,4,2,4,1,3,,,4,2,6,,2,1,2,3,4,,,,1,,2,,,1,,,,,,,,,,,,,,,,,,,,,,,,
Y00200,16,20,18,15,24,19,24,15,19,20,23,18,10,18,17,9,8,13,12,19,14,11,18,23,44,54,59,72,90,73,55,56,94,82,67,62,59,59,66,55,59,40,29,41,45,28,28,33,25,35,31,21,29,22,31,25,19,23,24,26,19,18,24,19,22,14,16,5,15,15,9,14,12,5,9,8,6,11,8,3,7,4,1,5,3,2,6,2,3,4,2,1,,,1,1
Y00206,62,45,62,63,57,63,79,73,54,69,66,51,57,46,58,56,67,43,46,44,45,53,54,70,79,90,105,113,108,110,97,106,102,93,121,98,110,113,114,119,61,89,87,93,80,79,86,70,74,50,69,56,51,48,56,47,41,50,52,53,38,36,33,40,34,27,25,26,14,22,13,11,17,13,10,15,11,10,12,7,14,6,9,5,8,9,7,5,5,2,1,,7,2,5,1
Y00352,146,152,158,130,147,160,139,152,167,167,165,153,162,146,129,159,144,163,138,145,143,141,195,238,263,266,262,268,234,228,246,222,211,197,202,216,233,191,194,203,188,172,174,148,158,163,162,155,120,97,128,113,116,95,125,86,101,90,70,88,61,60,72,58,58,62,47,51,60,49,33,33,41,25,27,42,24,19,23,23,15,15,17,12,8,17,8,7,10,10,8,7,5,,3,7
Y00507,16,9,11,11,12,16,16,20,8,16,17,12,9,20,14,18,22,7,16,13,26,23,41,53,69,46,60,61,48,54,43,37,40,27,39,44,30,35,33,27,33,23,23,27,24,33,17,15,16,14,18,17,27,17,27,21,20,24,25,27,20,16,33,17,13,16,4,14,13,13,17,7,19,13,7,7,7,10,8,8,11,2,5,6,6,7,6,3,4,1,3,1,3,1,1,2
Y00902,18,5,10,11,18,11,12,14,15,19,9,19,15,25,20,20,22,20,28,25,23,22,30,27,25,30,29,31,28,24,29,27,29,34,22,33,28,36,32,26,31,19,28,25,20,22,27,22,22,27,22,28,29,16,20,31,24,28,16,20,14,21,19,20,15,10,9,10,7,7,10,5,5,8,5,7,7,6,4,4,4,3,2,6,4,5,4,1,,3,3,,1,1,,2
Y01011,35,43,50,65,55,63,53,74,65,62,45,50,52,69,74,62,54,60,66,43,42,53,49,72,80,100,106,121,101,129,115,141,138,128,135,112,126,140,136,119,116,130,109,125,110,92,88,91,91,79,66,69,63,64,70,69,62,62,48,51,39,51,45,45,41,38,49,40,21,35,30,20,32,13,23,26,11,19,15,18,14,12,17,8,9,6,14,7,4,4,8,8,7,4,2,5
Y01090,60,50,64,52,45,53,38,42,47,39,37,45,30,45,28,49,35,34,35,28,35,54,49,77,97,122,120,140,121,129,110,98,88,78,93,93,71,69,66,63,53,56,63,54,56,49,52,35,41,40,23,30,35,32,30,33,28,28,21,22,24,33,27,32,22,18,22,17,14,22,18,15,9,12,7,11,14,7,10,8,6,6,7,9,7,12,5,8,6,2,5,4,2,,1,3
Y01221,13,15,18,14,12,10,12,17,16,14,16,12,10,16,16,15,21,10,9,13,23,22,22,34,35,29,35,33,34,34,22,30,22,23,28,18,21,23,16,19,24,33,19,22,17,22,23,22,15,20,18,15,19,16,18,14,18,17,11,9,16,20,16,20,16,20,18,27,19,11,17,9,12,23,8,8,9,8,15,8,3,8,8,4,7,8,4,2,1,1,1,3,1,2,,1
Y02342,53,50,71,51,49,56,57,53,47,60,64,48,57,61,53,65,63,53,54,64,76,67,76,104,95,95,93,103,87,91,73,76,64,55,71,54,75,83,67,61,72,72,75,78,75,68,62,53,51,60,53,51,43,40,40,36,35,37,30,33,23,29,22,16,23,17,18,20,14,12,17,18,15,10,13,8,15,7,4,10,7,5,1,7,5,4,6,3,2,3,,1,2,2,,1
Y02589,43,43,41,28,36,28,40,40,42,38,35,60,47,51,44,38,46,34,38,39,51,44,87,107,133,158,170,176,157,173,166,164,168,192,182,145,142,117,121,102,106,82,72,66,80,66,68,64,59,65,47,56,57,53,43,49,47,24,32,29,18,34,31,30,25,29,32,22,23,28,17,10,13,14,15,8,7,9,12,8,4,7,6,2,8,8,7,2,4,2,1,2,2,1,,2
Y02671,56,92,93,95,118,129,121,141,142,150,120,156,139,150,133,113,107,98,99,87,84,97,102,87,114,129,130,134,132,146,143,141,151,162,168,169,197,203,185,177,176,171,175,166,169,140,145,139,129,117,111,101,103,104,88,98,74,78,59,63,75,48,58,57,60,59,50,37,27,39,41,30,30,25,24,22,27,15,14,15,14,13,7,9,5,6,6,8,5,2,4,2,1,3,1,4
Y02672,72,70,94,88,103,93,94,101,108,105,94,94,109,86,94,112,102,71,67,56,74,83,62,83,82,94,103,114,96,143,138,135,138,140,138,147,146,165,158,160,148,140,149,110,129,108,103,82,95,78,68,55,65,63,45,61,59,55,45,44,48,48,35,34,35,34,28,44,27,27,28,20,23,12,18,22,13,20,8,11,6,9,8,6,3,4,5,4,3,1,2,1,2,,,1
Y02692,102,98,88,100,89,103,86,110,66,86,82,77,64,81,64,51,65,62,68,58,71,102,114,165,211,244,206,256,222,224,194,196,192,184,153,163,166,144,145,138,145,144,102,102,76,79,85,83,86,65,78,56,72,69,67,60,64,59,63,43,51,43,32,38,19,33,31,30,27,19,21,18,10,12,16,9,5,16,5,1,2,2,8,5,4,4,5,,5,3,2,,3,2,,
Y02842,41,43,33,33,36,32,36,34,37,43,32,38,38,35,44,45,45,33,40,46,58,45,84,104,120,131,136,116,109,126,106,98,126,74,119,102,87,83,97,72,71,77,80,64,52,68,59,47,54,58,50,43,44,56,42,45,43,42,36,46,27,39,25,29,16,31,30,23,21,16,23,15,17,13,17,9,19,8,5,8,9,6,11,6,5,4,4,2,3,4,3,1,1,,,2
Y02906,31,48,44,55,49,50,45,40,38,51,51,52,45,46,55,42,56,54,33,56,43,53,81,100,139,157,162,199,188,168,169,180,159,129,157,146,142,112,92,124,97,78,81,60,69,75,61,52,53,49,54,45,46,38,32,32,38,31,30,39,32,31,31,24,24,21,21,17,25,14,21,13,15,18,13,12,14,16,15,13,8,7,9,8,8,8,2,7,4,7,4,2,3,3,3,2
Y03441,31,31,38,30,37,29,24,26,38,22,39,29,31,31,21,18,17,19,21,30,30,66,99,122,168,151,211,219,184,158,166,145,171,166,140,144,140,130,99,103,92,97,63,60,68,59,53,59,44,50,59,31,34,48,36,35,36,32,25,27,39,29,33,27,14,19,22,22,19,17,12,18,15,8,9,13,8,9,10,5,7,3,4,7,4,3,1,4,4,2,1,4,,1,,
Y03528,,,,,,,,,,,,,,,,,,,,,,,,,,,,,1,,,1,1,,,,,,,,,,,,,,,,,,,,,,,,,,,,,,,,,,,,,,,,,,,,,,,,,,,,,,,,,,,,,,,
Y04225,,,,,,,,,,,,,,,,,,,,,,,,1,1,,,,,,,1,1,,1,,,1,,,,1,,1,1,1,1,,2,2,2,,4,2,1,3,2,4,4,2,2,10,8,6,6,6,4,7,6,11,8,11,9,9,6,10,16,16,18,25,15,22,30,22,20,29,27,24,31,29,21,21,26,22,15,69
Y05080,13,10,18,20,17,20,15,11,9,14,14,10,15,12,7,10,17,11,14,15,18,18,18,25,23,37,43,43,39,26,46,26,32,24,33,26,24,27,21,32,27,19,23,17,12,12,24,15,13,15,9,23,17,9,17,14,7,12,9,12,12,6,10,17,10,10,12,17,6,11,8,14,7,10,4,5,7,6,2,4,5,2,1,3,5,2,3,4,,1,4,2,,1,1,3
Y06826,,,,,,,,,,,,,,,,,,,,,,,,,,1,,,,,,,,,,,,,,,,,,,,,,,,,,,,,,,1,,,,,,,,,,,,,,,,,,,,,,,,,,,,,,,,,,,,,,,
