ICB name,GP code,GP name,Weighted population,Asthma: QOF prevalence,Bowel cancer screening coverage: aged 60 to 74 years old,Breast screening coverage: aged 53 to 70 years old,Cancer: QOF prevalence,Cervical screening coverage: aged 25 to 49 years old,Cervical screening coverage: aged 50 to 64 years old,CHD: QOF prevalence,Children who received at least 1 dose of MMR vaccine between the ages of 1 and 1.5 yrs,CKD: QOF prevalence,COPD: QOF prevalence,Dementia: QOF prevalence,Depression: QOF incidence - new diagnosis,Deprivation score (IMD 2019),Diabetes: QOF prevalence,Hypertension: QOF prevalence,"Last BP reading of patients (<80 yrs, with hypertension), in the last 12 months is <= 140/90 mmHg (denominator incl. PCAs)","Last BP reading of patients (80+ yrs, with hypertension), in the last 12 months is <= 150/90 mmHg (denominator incl. PCAs)",Learning disability: QOF prevalence,Mental Health: QOF prevalence,Obesity: QOF prevalence (new definition),Osteoporosis: QOF prevalence,"Patients (aged 45+ yrs), who have a record of blood pressure in the last 5 yrs (denominator incl. PCAs)",Patients with diabetes and a history of CVD (excl. haem. stroke) treated with a statin (denominator incl. PCAs),People with type 2 diabetes who have received an annual foot check,People with type 2 diabetes who received a cholesterol check,Smoking: QOF prevalence,Stroke: QOF prevalence
Derby and Derbyshire ICB,C81001,Springs Health Centre,12481.45075,7.0984,74.8184,80.1444,4.3277,80.7263,83.3333,4.1266,95.1613,8.4425,3.3922,0.9093,1.6452,21.6267,11.0767,19.6713,58.871,82.3077,0.7257,0.6032,16.1489,2.1877,90.629,80.5,79.6875,90.625,16.0593,2.6491
Derby and Derbyshire ICB,C81002,The Valleys Medical Partnership,13238.24144,7.0031,76.5591,81.6199,4.7161,76.0446,78.6885,4.1266,90.1099,10.0088,2.996,1.1871,1.7155,13.8651,9.678,21.7879,69.7961,82.1732,0.5491,0.8399,17.1748,3.2466,89.4593,84.1232,83.9572,59.3583,11.7764,3.0364
Derby and Derbyshire ICB,C81003,Sett Valley Medical Centre,10593.74096,8.0318,72.5537,80.292,5.4404,75.3472,72.4771,3.8408,94.1177,3.3408,1.797,0.8985,2.5671,14.5778,6.9317,18.6611,66.9525,78.6096,0.3851,0.8788,9.0376,0.6519,88.3888,85.1852,83.0189,92.4528,11.8454,2.7942
Derby and Derbyshire ICB,C81004,Ivy Grove Surgery,11268.45567,7.1523,77.3956,80.5861,5.3978,79.661,79.5238,3.9539,96.3855,6.676,2.0157,0.9497,1.6369,18.4064,7.7999,18.3836,63.4997,76.9585,0.5911,0.6493,18.777,1.8526,88.9717,85.3448,86.9565,92.1739,11.9763,2.5584
Derby and Derbyshire ICB,C81005,Jessop Medical Practice,19115.91075,7.7786,73.871,75.9709,3.965,73.0159,73.9812,4.1495,92.9078,6.517,3.2684,1.2145,1.653,22.0112,8.8421,15.6516,67.8689,78.7449,0.9704,0.9942,18.6732,0.3079,87.0227,77.951,77.9221,91.7749,15.7723,2.7803
Derby and Derbyshire ICB,C81006,Horizon Healthcare,24836.25145,5.4078,62.9699,67.4541,2.1553,55.3794,67.9012,2.4089,72.963,5.1794,1.8974,0.5159,1.0158,34.2153,6.9815,12.276,70.131,82.7664,1.0973,1.3159,8.8798,0.2572,82.045,82.2014,83.2636,92.0502,22.3784,1.5214
Derby and Derbyshire ICB,C81007,Vernon Street Medical Ctr,11860.64207,7.0137,68.8811,69.5,2.4281,60.0823,67.2619,2.7148,85.9259,4.6281,1.7199,0.9274,1.0461,23.4814,6.7738,13.6076,67.5846,83.0904,0.9021,1.3068,12.6374,0.9796,85.3239,79.4118,84.1667,93.3333,16.5431,1.5766
Derby and Derbyshire ICB,C81008,Royal Primary Care Clay Cross,12226.54195,7.4009,69.9438,76.4957,4.2044,74.4755,77.0492,4.6373,95.5752,6.872,3.4625,0.8862,0.7763,27.4046,10.8625,20.7956,73.7143,91.1964,0.7935,0.9687,19.9287,1.0728,89.9666,86.4197,81.3253,95.1807,20.0099,2.7721
Derby and Derbyshire ICB,C81009,Wilson Street Surgery,20981.10958,6.2947,57.9208,60.6383,2.1204,52.901,62.7119,2.5984,83.3333,4.8797,2.3839,0.5515,2.0189,36.2454,7.3834,12.477,60.5526,74.6269,0.9621,1.3176,11.0035,0.5149,75.7282,81.1989,70.2929,87.8661,24.2008,1.5995
Derby and Derbyshire ICB,C81010,The Moir Medical Centre,14114.72638,6.8882,70.7527,75.625,3.8643,73.7913,78.5714,3.0944,96.8421,4.7466,1.6593,0.9941,0.2776,16.9128,7.9374,17.0117,76.0428,84.4621,0.8371,0.7773,17.2846,0.4134,91.0731,87.0175,82.0988,93.2099,15.9671,2.3544
Derby and Derbyshire ICB,C81012,The Surgery At Wheatbridge,18403.12932,8.0115,71.1304,77.6567,3.9047,69.2157,73.8676,3.5193,92.4138,8.1416,2.7106,1.1499,1.3944,22.1896,9.1806,17.6028,72.5627,82.1203,0.695,1.2384,13.5564,0.4948,88.0956,86.3839,81.1966,90.5983,16.3208,2.4073
Derby and Derbyshire ICB,C81013,Baslow Health Centre,4883.760762,9.3013,79.8319,82.6667,5.938,80.198,79.2793,4.6902,100,10.058,1.5921,0.753,1.1596,6.4596,7.1037,22.031,75.4271,87.8327,0.1721,0.7745,12.1502,0.3279,92.7928,76.3889,81.1321,92.4528,5.5167,3.3133
Derby and Derbyshire ICB,C81014,Derwent Valley Medical Practice,13585.90566,8.3469,68.8047,67.6471,3.443,73.2283,75.7895,3.7483,91.8033,4.3094,2.3321,0.7124,0.4417,29.3832,8.2672,15.0271,65.8555,81.0096,1.1788,1.0685,15.8371,0.1789,91.0693,81.25,72.1854,88.7417,20.4755,2.0438
Derby and Derbyshire ICB,C81015,Newbold Surgery,14422.70494,8.0131,74.7412,79.6774,4.2074,73.5632,74.8918,4.1155,96.1539,7.5433,2.2456,0.935,0.7339,24.4517,9.7915,17.4639,69.419,81.8381,0.4508,1.0769,13.2416,0.1956,88.1537,78.7342,74.5856,89.5028,15.9588,2.8383
Derby and Derbyshire ICB,C81016,Peak & Dales Medical Partnership,9262.750223,7.4514,78.436,79.3478,5.6546,78.607,78.1818,4.2807,73.0769,8.7032,1.8395,0.9879,0.7754,10.3384,7.3483,19.9841,61.9228,83.5991,0.4542,0.8175,12.139,1.1241,88.7643,79.2531,79.0476,91.4286,9.5688,3.0771
Derby and Derbyshire ICB,C81017,Arthur Medical Centre,8958.226383,9.3783,78.453,77.7778,4.3374,78.4946,78.4946,3.3759,98.9691,7.26,2.2288,0.9724,1.0352,13.2403,7.3274,17.6117,65.5618,83.7333,0.5572,0.732,15.2864,0.5065,88.0846,84.3902,86.5979,94.8454,10.2978,2.2179
Derby and Derbyshire ICB,C81020,Newhall Surgery,11066.32581,8.0579,73.7245,74.6094,3.9871,76.1905,74.8691,3.4662,96.3415,7.0975,2.6802,0.6345,2.0022,20.6681,9.9277,16.7061,76.9553,83.7349,0.9849,0.5777,12.8642,0.2262,91.0889,82.1782,82.5397,95.2381,14.4333,2.0362
Derby and Derbyshire ICB,C81021,Old Station Surgery,16604.85956,7.3936,72.1992,77.0833,3.9379,79.1075,82.2064,3.2706,95.2381,5.8616,2.8015,0.9911,1.0092,27.7363,8.287,18.4936,68.1314,84.2491,0.892,0.773,19.4181,0.721,89.5498,86.533,78.2383,93.7824,17.6584,1.9227
Derby and Derbyshire ICB,C81022,South Street Surgery,4758.088378,7.8584,74.2647,75.5319,3.7847,74.8031,82.9268,3.1457,86.4865,5.6072,3.3423,0.983,0.8096,25.1387,8.1681,18.8007,72.9097,83.2335,0.9339,0.9585,14.8426,0.4564,90.3307,81.8182,80,90.9091,16.9111,2.261
Derby and Derbyshire ICB,C81023,The Aitune Medical Practice,8630.187641,8.0944,76.129,76.8116,4.3816,78.5088,80.7018,3.4802,83.3333,4.279,2.3035,0.7386,1.3108,16.9493,7.8023,18.7156,72.2037,85.8586,0.8137,0.7762,13.9069,0.3689,90.8506,86.7925,84.3137,93.1373,13.4159,2.4412
Derby and Derbyshire ICB,C81025,Dronfield Medical Practice,10493.30705,7.0514,80.2005,85.2399,4.4625,82.392,83.3333,3.8636,97.3684,7.5297,1.9801,0.879,2.5178,10.095,6.9795,18.3522,75.9777,86.7521,0.3091,0.792,11.5915,0.4982,91.4695,84.8485,82.906,94.0171,7.3504,2.8784
Derby and Derbyshire ICB,C81026,Adam House Medical Centre,7090.343676,7.7185,73.1915,77.5758,4.5384,78.125,79.1367,4.1343,95,8.0121,2.0827,1.9584,2.551,16.1409,7.3175,16.7081,75.1852,86.0377,0.8548,0.7616,11.7158,0.5982,91.5734,79.8817,77.2152,92.4051,12.5452,2.1915
Derby and Derbyshire ICB,C81027,Somercotes Medical Centre,8695.52193,8.4393,73.2601,75,4.2032,77.5194,76.5101,3.5556,95.5056,6.0844,2.6159,0.5968,0.9879,25.3848,9.1584,15.7206,74.1617,86.1607,0.927,0.9143,22.1421,1.035,91.2477,81.0185,87.3874,90.991,16.8779,2.3238
Derby and Derbyshire ICB,C81028,Imperial Road Surgery,8241.700452,7.7809,77.1261,77.6256,5.1216,73.8372,78.9809,3.6465,100,6.0196,1.9394,0.7921,1.6417,14.3593,7.7535,17.0718,60.0827,72.7915,0.6146,0.9287,7.1624,0.2025,88.4208,75.2874,77.1739,91.3043,10.4482,2.6905
Derby and Derbyshire ICB,C81029,Staffa Health,19535.12665,7.8016,71.2264,76.9053,4.208,72.9524,72.5076,4.0564,94.6429,6.7122,2.8908,0.915,1.0108,23.0026,11.0609,17.6303,71.3875,85.0594,0.6178,0.8975,13.3227,0.1089,87.3531,87.5233,86.014,94.4056,14.5112,2.0865
Derby and Derbyshire ICB,C81030,Credas Medical,10393.31777,8.2474,76.6827,78.5992,5.3971,77.3585,78.0105,4.2382,91.2281,8.8118,2.4202,1.7271,1.2951,11.3011,7.8457,21.0772,71.8915,80.6818,0.2613,0.8749,7.4366,0.7395,90.9397,78.4483,80.3571,81.25,9.3337,3.4428
Derby and Derbyshire ICB,C81031,Park Surgery,9783.575144,7.162,74.3034,70.8333,3.877,71.777,74.4186,3.7123,97.8022,5.419,2.9654,0.8347,1.2359,22.3178,8.3367,19.1433,65.8741,85.623,0.8457,1.2411,16.515,1.1439,88.3568,81.0573,73.5537,88.4298,17.4341,2.3174
Derby and Derbyshire ICB,C81032,Swadlincote Surgery,15227.33376,7.5648,71.2766,75.3799,3.5151,69.6682,71.8147,3.5439,97.1015,4.3817,2.73,0.7347,0.9029,19.7954,9.0822,16.9488,72.7992,83.5526,1.0012,0.9148,16.9868,0.1694,85.3038,87.4627,86.3158,92.1053,16.6061,2.4851
Derby and Derbyshire ICB,C81033,Shires Healthcare,19954.89019,8.0262,69.685,73.107,3.7058,69.0249,74.4337,3.5258,90.4192,6.1397,3.5382,1.3035,1.1969,31.9605,10.8692,18.1875,71.6165,87.6091,0.5462,0.9311,13.4919,0.2694,91.4322,89.0947,74.8175,86.1314,21.8576,2.5202
Derby and Derbyshire ICB,C81034,Stewart Medical Centre,11989.11727,8.7165,74.8744,76.087,4.591,76.3158,80.4651,4.0438,97.5309,4.816,2.1703,1.2428,2.3058,18.0448,6.8011,16.3606,72.3468,78.4038,0.5287,0.9924,8.5643,3.833,89.2203,82.6613,78.8991,91.7431,14.0753,2.6618
Derby and Derbyshire ICB,C81035,Village Surgery,13225.46974,7.0673,66.3793,67.5214,3.1667,63.1714,69.6809,3.2934,85.9259,6.3345,2.2209,1.14,1.0702,28.0947,9.3391,15.0904,61.1823,75.4569,1.0049,1.1653,14.1931,0.7585,87.0838,83.5484,71.9298,84.2105,16.207,2.1027
Derby and Derbyshire ICB,C81036,Friar Gate Surgery,5872.278124,4.5828,67.5214,69.3333,2.2584,59.1133,75.8621,2.5263,80.6452,4.0194,1.8373,0.689,0.5521,27.2359,5.5629,13.7608,72.0562,79.3333,0.7464,1.2632,12.2571,0.9524,86.557,92.6316,83.7209,93.0233,16.9938,1.933
Derby and Derbyshire ICB,C81037,Ashbourne Medical Practice,10399.56805,7.4268,78.4897,79.5222,4.3572,79.5053,81.3853,3.168,96.3855,5.0842,1.6376,0.7798,1.087,13.273,6.1121,19.0077,70.7641,85.618,0.6238,0.6531,10.3319,0.625,90.4979,81.7204,80,94.7368,10.0363,2.2809
Derby and Derbyshire ICB,C81038,Whitemoor Medical Centre,12454.41273,8.545,76.1506,79.5181,4.8125,80.226,77.7778,3.2377,92.7083,8.6826,1.8467,1.2471,1.2073,11.222,7.1313,18.1869,75.3129,89.5551,0.5596,0.6795,16.158,0.4669,90.1143,73.6301,83.0882,91.1765,10.0019,2.4702
Derby and Derbyshire ICB,C81039,Eyam Surgery,3548.412739,7.4412,79.096,79.646,6.7811,82.3529,82.9268,3.5172,95.8333,8.0464,2.448,0.8441,1.7881,7.2452,7.1054,20.2307,74.5794,86.413,0.4221,0.619,13.7748,0.4571,90.6977,78.2609,90,92.5,8.1946,2.9544
Derby and Derbyshire ICB,C81040,Park Lane Surgery,6998.965788,6.9658,82.2951,81.0427,5.4089,78.8288,77.1084,3.355,92.5373,6.1713,0.8547,0.5103,1.0881,6.6674,4.838,17.8849,63.4314,82.7225,0.3317,0.5485,9.4979,0.4208,84.696,86.1386,77.7778,90.7407,4.8244,2.5003
Derby and Derbyshire ICB,C81041,Welbeck Road Health Centre,13764.96175,8.1913,72.5301,74.5645,3.5056,77.0718,74.4076,3.7713,92.1739,6.7549,2.2457,0.5828,0.7744,26.7823,11.0191,16.0967,71.2981,86.3768,0.5228,0.8914,18.705,0.2062,85.7039,80.102,79.2135,87.6404,14.8766,2.3828
Derby and Derbyshire ICB,C81042,Mickleover Medical Centre,11481.43504,5.78,80.625,83.5962,3.8151,80.7059,83.6,2.8459,96.5035,6.3732,1.123,0.9615,0.5837,7.8648,6.394,14.8758,58.6658,70.4167,0.4692,0.6923,7.5598,1.1083,88.0795,75.2066,70.4,87.2,7.0035,1.9306
Derby and Derbyshire ICB,C81044,Whittington Moor Surgery,10762.22318,8.9158,73.3553,78.341,4.1177,72.3077,77.1084,3.8923,90.9091,10.192,3.2989,1.1511,2.151,27.3308,10.9462,21.4549,69.6805,83.3828,0.8425,1.5783,21.8276,0.4263,90.883,82.2917,76.5517,91.0345,19.0565,2.6344
Derby and Derbyshire ICB,C81045,Royal Primary Care Chesterfield West,15871.07664,7.3296,70.0637,75.4717,4.2899,71.3592,76,3.7706,89.5238,9.0827,2.431,0.8429,0.8965,24.0987,9.6439,17.6865,72.3428,84.991,1.0913,1.7235,14.6337,2.831,87.817,81.128,80.0995,93.5323,20.4241,2.0998
Derby and Derbyshire ICB,C81046,West Hallam Medical Ctr,4737.855858,7.6495,78.8945,83.2,5.3285,89.0625,85.8586,3.2099,96.7742,9.7567,1.9046,2.2256,1.6979,10.0963,7.2878,23.0045,71.0429,77.6923,1.9474,0.428,15.5601,1.0021,92.7383,75,66.1017,96.6102,6.138,2.6107
Derby and Derbyshire ICB,C81047,Alvaston Medical Centre,14218.10717,8.6283,76.1574,77.1523,4.9987,79.6178,80,4.7297,93.3333,6.7052,2.7163,1.5361,2.6485,21.5976,8.5427,20.9234,67.4132,82.56,1.2757,0.7811,16.6684,1.4561,92.0338,81.1502,80.6667,86.6667,13.1266,3.0287
Derby and Derbyshire ICB,C81048,Appletree Medical Practice,10136.84373,7.4171,80.8858,82.1306,5.6748,80.2198,86.0082,3.6545,93.3333,7.0608,1.2391,1.1852,0.6459,6.3929,5.434,18.5957,69.5652,86.0129,0.4939,0.5747,8.7466,1.4576,88.9012,78.673,86.9565,91.3043,5.4351,2.9631
Derby and Derbyshire ICB,C81049,Kelvingrove Medical Centre,10294.78702,7.2969,74.6914,72.6872,4.3692,75.9375,75.7895,3.559,88.5058,3.5814,2.4308,0.841,1.3128,21.5182,7.7523,16.7282,71.203,84.0532,0.7795,1.0462,13.1532,0.3958,89.3423,85,81.3559,84.7458,15.824,2.3487
Derby and Derbyshire ICB,C81050,The Village Surgery,10667.55284,6.6058,69.0096,69.3396,3.3472,74.6528,75.8824,3.7084,89.1892,8.035,2.4227,1.0307,1.2596,23.8479,10.1584,18.7015,58.7325,80.6452,0.6375,0.8607,11.5354,0.2041,89.762,87.6812,76.3158,90.1316,16.8476,2.1358
Derby and Derbyshire ICB,C81051,The Park Medical Practice,26811.59465,7.3902,75.323,76.4919,3.1406,69.9063,77.6286,2.962,93.5829,5.606,1.7222,0.7861,1.7289,22.7678,6.4861,13.7523,68.7605,84.5184,0.8647,0.5788,13.3174,0.9888,88.1449,80.7356,78.0142,92.1986,13.6643,1.9794
Derby and Derbyshire ICB,C81052,Brooklyn Medical Practice,8028.2164,8.3358,69.8795,71.5976,3.9162,73.3624,73.5714,4.0942,91.5493,4.7667,2.3826,1.1502,1.2847,24.3656,8.4123,15.5553,74.2489,86.7647,0.6299,0.7257,15.906,0.4244,86.31,77.7778,79.1667,91.6667,18.9482,2.5606
Derby and Derbyshire ICB,C81053,Parkside Surgery,11786.77358,6.8549,74.3316,79.6078,3.5845,72.9805,76.7196,3.6971,94.7826,6.7995,2.7775,0.8539,1.9808,23.6963,7.9516,16.3179,60.3387,82.6087,0.8914,0.8258,14.4793,0.2015,88.3616,83.5294,77.6923,90.7692,14.0405,2.5711
Derby and Derbyshire ICB,C81054,Hollybrook Medical Centre,31201.44997,6.7242,68.0365,71.6772,2.5113,68,71.4286,2.9616,90.3308,4.9082,1.7217,0.8352,1.5527,18.5154,8.4446,13.8789,63.8827,80.8664,0.8523,0.8808,13.0619,0.9311,87.2817,77.4194,75.8701,90.4872,16.1708,1.8158
Derby and Derbyshire ICB,C81055,North Wingfield Medical Centre,5612.446473,9.5675,69.3252,74.5283,3.3414,74.1935,74.3243,3.7151,92.3077,8.4416,3.825,1.0991,1.2446,30.6708,11.636,15.9156,74.188,91.3669,0.6375,1.0552,23.5119,0.4983,91.7914,84.7134,50.6024,93.9759,19.9671,2.2423
Derby and Derbyshire ICB,C81056,Clay Cross Medical Centre,8241.012213,9.4726,75.1037,76.7742,4.0329,77.8325,77.8761,3.9553,95.3846,7.401,3.3504,0.9927,1.1092,24.5663,11.6935,18.5668,67.8344,80,0.6049,0.8841,13.8267,0.1402,89.5814,85.4701,83.4783,94.7826,15.4105,2.4818
Derby and Derbyshire ICB,C81057,Willington Surgery,9366.93949,8.6493,79.3427,84.6154,5.8396,81.9444,81.1404,3.431,98.913,7.177,1.6418,0.7766,0.8852,8.5472,6.7799,19.534,75.9066,86.6667,0.6095,0.6292,18.1699,1.3621,91.1103,84.434,89.7959,97.9592,8.773,2.1923
Derby and Derbyshire ICB,C81058,The Brimington Surgery,10748.98085,8.6665,69.8675,75.8794,4.3558,77.2059,81.1321,4.2984,94.1861,10.3535,3.3444,1.3332,1.8238,24.6947,11.1019,19.3426,65.4735,80.117,1.0114,1.586,17.0875,0.2915,90.1817,78.5714,80.5369,92.6174,13.9837,2.8962
Derby and Derbyshire ICB,C81059,Ripley Medical Centre,6753.89796,7.9585,74.2857,77.1429,3.6052,75.2525,76.3158,3.8662,86.7647,6.6614,2.3817,0.9462,1.0371,21.1561,8.3695,17.3246,63.3136,82.9493,1.093,0.8972,15.716,0.5743,89.7549,81.6456,85.5072,88.4058,20.4459,2.4959
Derby and Derbyshire ICB,C81060,Woodville Surgery,10674.13489,7.2387,71.6418,75.3906,3.1569,73.5211,77.1689,3.0919,94.5946,4.6063,2.2284,0.6128,1.5008,18.4691,8.899,16.2396,63.799,80.4054,0.9749,0.7521,15.6777,0.7013,89.182,85.1301,77.0833,90.2778,16.3041,2.0891
Derby and Derbyshire ICB,C81061,Littlewick Medical Centre,19745.51464,7.3711,75.2013,77.1028,4.2261,73.2297,72.6471,3.3425,93.6047,4.9856,2.7881,1.0867,1.9191,22.5365,8.0406,17.1789,72.49,82.3438,1.2184,0.7739,13.4134,0.6622,86.0686,84.4125,89.6104,94.3723,16.3548,2.1789
Derby and Derbyshire ICB,C81062,Hannage Brook Medical Centre,9529.271961,8.7057,76.0192,72.2222,4.9634,80.3738,83.9286,3.3422,93.3333,6.5212,1.9876,0.6773,0.5916,13.4345,6.6035,16.9776,75.1464,84.7305,0.5441,0.8439,11.0439,1.2014,88.6709,82.7751,86.1111,96.2963,12.1575,2.9314
Derby and Derbyshire ICB,C81063,Thornbrook Surgery,9557.370811,7.0089,75.1938,79.6078,4.2396,76.7717,77.4359,4.0603,94.7368,2.9412,1.6347,0.7593,1.6383,11.3518,7.6541,16.8952,69.9592,81.4324,0.4429,0.6328,11.3519,0.4181,80.2571,84.3434,76.1905,85.7143,11.3042,2.7948
Derby and Derbyshire ICB,C81064,Park Farm Medical Centre,13362.60119,7.0824,76.5306,79.3478,5.1401,77.9703,83.4081,3.5658,94.9495,8.8027,1.6924,1.897,0.5544,14.546,6.6009,16.4279,62.695,79.7637,0.8501,0.9761,13.3547,1.4981,87.6796,70.979,82.2581,89.5161,12.2047,2.637
Derby and Derbyshire ICB,C81065,Buxton Medical Practice,9769.8004,6.714,72.6115,74.5192,4.8109,69.708,71.2644,3.6585,88.8889,3.6889,2.6292,0.6042,1.8032,18.3145,7.0187,16.7263,67.0598,83.7662,0.4811,1.2307,10.7777,0.8227,84.3105,84.0206,87.3684,93.6842,15.5379,2.2936
Derby and Derbyshire ICB,C81066,Overdale Medical Practice,11633.45119,7.8578,78.1737,81.457,4.6453,75.9312,77.1429,3.645,96.0396,5.3191,1.6614,1.0003,0.7953,12.1126,6.5368,16.2838,74.5417,84.1518,0.4662,0.746,12.4045,0.2909,83.8679,78.3186,68.9076,93.2773,11.0079,2.5769
Derby and Derbyshire ICB,C81067,Chatsworth Road Medical Centre,10684.83006,7.913,80.6593,86.0068,5.6379,83.0508,85.7798,3.8553,96.7213,7.327,1.6893,0.9431,1.6406,12.2628,8.3608,20.3441,74.2953,84.9894,0.3213,0.9638,12.8038,1.2545,85.8321,80.7531,87.6923,94.6154,7.0588,2.85
Derby and Derbyshire ICB,C81068,Chapel Street Medical Centre,13115.48779,6.4331,73.0077,72.7599,3.701,77.551,77.533,3.1815,98.8889,7.1046,2.2142,0.7994,0.9702,22.5307,7.7206,15.4277,57.3479,75.1606,0.9353,0.6395,12.1577,0.3192,89.3636,83.3333,45.8904,89.726,15.93,2.2222
Derby and Derbyshire ICB,C81069,Riversdale Surgery,13345.19011,8.2707,77.9851,79.0885,5.1178,80.2111,80.6557,3.9997,93.1818,6.804,1.7034,1.3733,1.0701,12.3652,6.8798,16.9443,69.2046,84.739,0.6454,0.818,13.171,2.089,84.418,77.0642,85.9155,92.2535,10.9425,2.7315
Derby and Derbyshire ICB,C81070,Oakhill Medical Practice,4566.956868,7.5797,78.3439,83.9286,5.9919,86.5169,87.5,3.8771,84.2105,7.1198,1.863,0.7301,0.4688,10.5906,7.67,21.0473,76.6727,86.5724,0.3525,0.7049,11.6906,1.6282,92.5492,89.0909,93.8776,91.8367,7.2572,3.7764
Derby and Derbyshire ICB,C81071,Osmaston Surgery,14740.37469,5.9609,59.1837,61.3821,2.2401,53.5332,64.1509,2.9063,78.125,5.1859,1.6105,0.6589,1.1989,37.1484,8.6885,13.7335,48.1095,69.5906,0.981,1.0322,6.9703,0.3625,75.7027,79.6875,66.4835,85.1648,17.7785,1.6691
Derby and Derbyshire ICB,C81072,Lister House Surgery,28525.09839,5.141,63.4948,66.0944,1.9229,49.6416,64.3204,2.0236,82.4257,3.9952,1.0167,0.5814,0.3676,33.8205,7.3462,9.9717,61.2009,81.3559,0.7731,0.864,12.2071,2.2859,79.7187,81.2,74.3119,91.4373,22.9346,1.2635
Derby and Derbyshire ICB,C81073,Macklin Street Surgery,14097.26615,5.7638,67.9878,66.8224,3.1391,54.7414,66.092,2.7356,76.9231,5.6906,2.0659,1.0168,1.1263,28.6731,7.0523,12.9438,58.753,71.9547,0.7182,1.4768,9.7708,0.5844,85.4773,82.7586,71.0145,84.058,19.2059,1.8964
Derby and Derbyshire ICB,C81074,Elmwood Medical Centre,6755.734148,6.8009,73.3871,72.1893,4.7604,73.2143,78.1955,3.9346,93.0233,4.501,2.445,0.6801,1.2329,18.2678,7.5271,17.2442,56.7308,77.2532,0.8744,1.182,12.9354,0.8818,82.9086,83.5443,68.1159,88.4058,14.6984,2.3964
Derby and Derbyshire ICB,C81075,Brailsford & Hulland Medical Practice,5006.214693,7.5514,79.1489,78.882,5.7143,80.3419,81.1024,4.0428,83.7209,8.7777,1.2439,0.758,0.2794,11.7647,6.359,17.4538,69.4657,87.6543,0.5442,0.5442,11.4319,1.2143,90.4731,82.7273,80.7692,90.3846,6.0536,2.2935
Derby and Derbyshire ICB,C81080,Goyt Valley Medical Practice,8201.972703,7.9353,75.9669,79.4979,5.5649,80.543,84.153,3.7301,97.0149,2.8138,1.8832,0.8329,1.3267,10.3151,7.2272,17.5398,73.0327,86.646,0.3501,0.7484,13.8358,2.0492,84.3256,87.5,88.5057,96.5517,10.9005,2.4022
Derby and Derbyshire ICB,C81081,Manor House Surgery,17458.0381,9.9524,75.9812,78.2805,5.0534,79.8493,81.5029,4.2349,91.5584,4.056,3.3215,1.0439,2.3125,16.2124,7.1321,18.968,72.0339,79.402,0.6762,0.86,13.6417,0.8154,91.9905,83.0882,77.6471,95.2941,11.9466,3.2206
Derby and Derbyshire ICB,C81082,Hartington Surgery,3287.364827,7.4584,78.6127,76.5766,5.2487,77.6316,80.9524,3.845,96.5517,3.8339,1.1901,0.4883,0.3195,19.8636,7.5598,23.1614,74.8792,89.1304,0.2441,0.6103,17.3944,1.5326,91.4414,90,92.3077,94.8718,9.5749,1.892
Derby and Derbyshire ICB,C81083,West Park Surgery,16594.24829,7.322,76.5152,76.2887,3.5915,79.7963,81.3291,2.7468,89.375,4.7584,1.6599,0.9097,0.4847,16.8612,6.729,16.1675,77.5492,84.8303,0.6911,0.6321,17.0143,0.5907,91.4332,84.4765,83.5165,92.3077,14.1449,2.2033
Derby and Derbyshire ICB,C81084,Inspire Health,23982.73527,7.5393,74.8977,78.125,4.1995,77.8274,79.7468,3.6656,92.7083,7.3919,2.2513,1.116,1.6172,21.5555,8.9044,19.1264,69.6187,83.4371,0.6302,1.2315,14.4369,0.6771,87.8015,83.6394,79.8611,88.1944,14.0239,2.2321
Derby and Derbyshire ICB,C81086,The Surgery Clifton Road,7978.728452,6.351,78.0186,79.646,5.2683,78.8462,82.1622,3.1585,96.8254,8.0963,1.8659,1.0366,1.0795,12.9179,6.1933,18.4146,74.185,85.3333,0.5976,0.4634,10.62,1.6195,92.3953,80.2548,87.9518,96.3855,10.5733,2.2683
Derby and Derbyshire ICB,C81089,Stubley Medical Centre,6475.576832,9.7035,76.2626,84.8485,6.7648,81.7073,84.1121,4.9123,96.2963,12.3643,2.5968,1.7863,0.8645,9.595,8.5788,19.302,76.646,80.663,0.4797,1.8194,7.8609,3.0571,92.4201,76.7773,84.3373,90.3614,7.8313,4.168
Derby and Derbyshire ICB,C81091,Killamarsh Medical Practice,8579.24458,6.4637,74.5856,82.8326,4.0982,81.07,85.2071,3.7929,97.0149,7.8906,2.0784,0.8807,0.6624,14.0824,10.3698,18.7412,64.2643,80.6818,0.3993,0.6224,17.221,2.5767,91.3146,81.8182,89.0511,89.781,12.2105,2.5364
Derby and Derbyshire ICB,C81092,Evelyn Medical Centre,5938.198701,7.173,81.6176,82.1229,6.8595,79.3893,83.9416,4.3379,97.1429,8.7313,1.4107,0.9522,1.6602,8.1726,6.6559,18.9208,70.9184,84.4291,0.2292,0.7053,8.3624,3.4164,87.356,78.0303,91.5254,96.6102,5.7379,3.2622
Derby and Derbyshire ICB,C81094,Crich Medical Practice,8298.965197,6.9483,80.3618,78.4,4.55,80.9524,80.8743,3.8839,94.2308,4.1182,1.9608,1.1061,0.7013,12.2147,6.6558,16.6792,65.3082,78.5047,0.5153,0.7039,9.4002,0.1377,87.5182,81.0811,77.1084,91.5663,7.5543,3.1171
Derby and Derbyshire ICB,C81095,Emmett Carr Surgery,4835.852545,6.9549,73.3766,79.8246,3.1928,79.6296,80.6452,3.0321,93.75,6.8348,1.9076,0.3815,3.0769,16.6277,9.6502,16.1446,74.0146,84.0336,0.241,0.7028,12.7869,0.3586,87.6114,89.4737,87.5,94.4444,13.6453,2.1285
Derby and Derbyshire ICB,C81096,Crag's Health Care,6956.54841,6.46,74.6479,69.2308,3.602,75.5814,77.7778,4.2315,91.6667,2.5365,3.0425,0.577,0.6664,28.1149,10.504,21.7521,77.3176,83.913,1.1366,0.8393,16.1221,0.1177,89.7409,87.6923,90.5263,96.8421,16.7375,2.1507
Derby and Derbyshire ICB,C81097,College Street Medical Practice,6541.086664,7.3405,69.7436,75.3623,3.0806,70.4762,73.8462,3.5861,92.3077,5.4075,2.7488,0.9637,3.3895,18.3985,7.7741,17.8041,59.2466,76.0956,0.9163,0.7741,9.2672,0.4626,84.8774,81.5069,80.2632,88.1579,16.7764,2.2433
Derby and Derbyshire ICB,C81099,Limes Medical Centre,13440.27807,7.0303,71.464,71.0714,3.6534,75.7282,78.9474,3.8383,92.7711,9.0475,2.7377,1.0451,1.1656,24.6809,10.4393,21.3929,65.3039,83.9207,1.2856,1.2949,14.8091,0.317,90.1423,82.5843,71.3514,92.4324,19.6818,2.8209
Derby and Derbyshire ICB,C81101,Lime Grove Medical Centre,8790.273253,9.0627,74.5399,76.0766,4.8658,75.6303,81.8182,3.4586,93.75,7.9828,1.6697,0.6798,0.1436,15.2925,8.753,16.6011,72.7526,85.3035,0.477,0.8587,15.0467,0.5522,89.3408,82.9167,87.3874,95.4955,13.2572,2.1228
Derby and Derbyshire ICB,C81106,Lambgates Health Centre,7158.698835,9.7127,76.4706,78.7356,4.7505,79.5745,76.5957,3.7891,94.7368,3.5814,3.1104,0.608,2.0964,17.1063,6.9031,18.8463,67.8924,82.1101,0.3959,0.7493,16.3871,1.9014,91.9145,93.1507,81.25,93.75,14.4568,2.149
Derby and Derbyshire ICB,C81108,Melbourne & Chellaston Medical Practice,14003.28538,7.383,79.3103,80,4.3183,77.6151,81.9315,2.8553,96.5517,6.4115,1.5143,0.8662,1.6715,9.5979,6.25,17.1383,61.4515,76.5027,0.5197,0.5582,9.0116,1.4883,90.0896,85.7639,76.1905,93.1973,7.7227,1.9827
Derby and Derbyshire ICB,C81110,Wellbrook Medical Centre,9179.573642,6.909,80.4416,85.4772,3.3887,78.9855,83.105,2.4653,95.122,4.2662,1.2115,0.7794,0.7529,7.4545,5.7223,13.0634,69.8785,84.3648,0.5507,0.4998,16.4103,2.025,85.6805,82.8947,89.5833,93.75,7.7911,1.6689
Derby and Derbyshire ICB,C81113,Mickleover Surgery,5663.350343,8.9833,78.1395,80.4348,4.4687,70.1923,79.2453,2.9528,91.0256,7.1012,1.2001,0.9001,3.098,8.8297,7.0071,17.1009,80,86.4341,0.5053,0.6,13.4782,1.6451,91.2051,80.5556,85.2941,94.1176,7.8351,2.037
Derby and Derbyshire ICB,C81114,Gresleydale Healthcare Centre,11915.39249,8.4145,74.7283,73.1293,2.9356,77.8495,75.7202,2.5553,97.0414,5.6954,1.8861,0.5932,2.2604,16.6049,6.6511,14.5562,54.0491,76.7606,0.4563,0.6312,15.8326,0.7072,88.4355,86.8293,85.4962,93.8931,14.5055,1.9773
Derby and Derbyshire ICB,C81115,Gladstone House Surgery,6103.088853,8.6171,70.2703,73.6842,4.1585,79.3548,77.7778,3.4916,92.1569,6.8307,3.7858,1.3535,0.4299,25.4857,8.626,21.4594,66.2831,77.3333,1.53,1.1377,19.8472,0.9158,89.5776,81.6794,78.5714,90,17.2685,2.55
Derby and Derbyshire ICB,C81118,Derby Family Medical Centre,8104.918758,7.9075,67.4847,71.1864,1.3026,67.9715,84.1584,3.739,81.7391,4.1094,0.6513,0.9287,1.1268,36.0018,15.1825,14.0755,73.0928,84.264,1.0735,0.8805,17.8956,0.3808,92.2904,93.2039,92.973,91.3514,10.7276,1.7127
Derby and Derbyshire ICB,C81604,Eden Surgery,4501.152901,11.0462,76.5152,79.3814,3.5859,87.3239,83.3333,3.0872,96.6102,5.2333,2.3985,0.9024,0.8074,22.908,7.6968,14.3909,71.5164,74.5763,0.6887,0.5224,10.9151,0.7738,89.6677,80.4348,93.75,93.75,13.357,2.7784
Derby and Derbyshire ICB,C81611,Ashover Medical Centre,2658.522513,7.585,79.5082,80,6.5998,75.9259,79.661,3.6341,90.4762,5.6256,1.6291,0.919,1.1639,13.1158,7.1911,18.8805,67.4699,75,0.2089,0.4177,6.9835,0.1429,89.9546,76.7857,82.7586,93.1034,6.1466,3.0493
Derby and Derbyshire ICB,C81615,Cottage Lane Surgery,2688.012345,9.3928,72.0588,68.6275,3.4837,79.4521,78.5714,4.2876,95.6522,4.0161,6.4761,1.7419,2.008,36.15,8.8153,16.7039,72.5857,86.7925,0.8039,1.6525,14.6873,0.7335,93.3962,86.8853,85.7143,92.8571,26.2926,2.5458
Derby and Derbyshire ICB,C81616,Peartree Medical Centre,5067.799984,8.1591,66.3043,71.4286,0.9865,74.0113,90.9091,3.4718,92.7536,2.8978,0.702,0.702,0.079,39.6953,15.3313,12.8439,82.4687,89.8305,1.2142,0.8727,22.9452,0.1524,99.6433,93.75,96.5812,97.4359,10.0927,1.6885
Derby and Derbyshire ICB,C81634,Arden House Medical Practice,4478.686353,8.0457,72.6708,75.6757,4.4342,76.3975,74.7368,2.9489,91.8367,1.9909,2.2062,0.3713,3.2822,14.1912,6.4704,14.6134,71.8133,84.8214,0.8956,1.0703,13.5862,0.2057,85.7272,85.9155,80,93.3333,14.6709,1.8567
Derby and Derbyshire ICB,C81638,Castle Street Medical Centre,4592.431637,7.7673,71.9697,73.7374,4.0314,75.4098,79.7468,2.8272,91.4286,4.5225,2.9581,0.6283,1.4232,29.9899,10.2854,18.3508,69.2443,80.303,0.7853,0.9686,23.308,0.1828,90.4215,83.1579,84.375,92.1875,17.7294,2.4607
Derby and Derbyshire ICB,C81640,Simmondley Medical Practice,3305.079113,6.5272,80.4196,85.4167,4.5479,80.7339,84.6154,4.3892,93.1035,3.0123,2.6177,0.5553,1.0924,11.1099,7.352,18.165,70.4584,88.7755,0.5817,0.5024,15.3261,0.4225,92.0898,86.1111,91.8919,97.2973,8.2432,1.9038
Derby and Derbyshire ICB,C81647,St Lawrence Road Surgery,5411.726658,8.9493,76.9663,81.8898,4.6997,79.3103,80.2083,5.3169,100,12.1186,3.3705,1.0207,0.678,25.3358,10.9562,20.6266,61.693,81.3953,0.3798,0.9969,16.1299,0.7326,90.3119,85.1429,74.3243,86.4865,11.6223,2.7771
Derby and Derbyshire ICB,C81649,Calow and Brimington Practice,9132.490558,8.3276,72.2222,78.2178,4.0998,77.3109,82.8025,3.7377,92.2078,7.599,2.9229,0.7372,0.7024,23.0885,10.8959,18.9602,73.7021,86.2543,1.2545,1.0993,18.311,0.4734,86.8995,88.6719,84.2105,93.985,11.9613,2.5608
Derby and Derbyshire ICB,C81652,Derwent Medical Centre,5018.85985,6.2155,67.1642,64.7059,2.3527,69.7917,76,2.6543,95.7447,2.8427,2.6141,0.3821,2.3609,25.8206,5.7081,11.4418,57.1429,77,0.6636,1.8902,8.0463,0.3056,81.7444,81.3333,73.913,91.3043,20.4446,1.8299
Derby and Derbyshire ICB,C81653,Brook Medical Centre,4120.066828,6.1615,69.5238,66.6667,2.8992,71.6867,85.0746,2.2622,91.3044,4.74,1.3617,0.4612,0.9193,17.9881,6.2712,11.0037,62.3116,76.699,0.571,0.9664,8.7906,0.0698,82.5641,79.2683,80.4878,85.3659,16.0312,1.4496
Derby and Derbyshire ICB,C81655,Family Friendly Surgery,4903.66457,5.5666,66.2069,71.5789,4.1394,71.4286,76.3889,4.5479,95.8333,7.7943,2.9412,1.0349,0.3234,28.3032,12.8402,21.4325,63.5772,79.6512,0.7353,1.1983,18.4994,0.1104,92.5112,82.5503,82.1918,93.1507,16.6773,2.6961
Derby and Derbyshire ICB,C81658,Wingerworth Medical Centre,7286.795339,8.8033,83.3333,84.9741,5.4128,86.6071,86.2069,3.7042,98.8636,8.738,2.1597,0.9021,1.3443,12.0922,7.921,17.947,76.087,89.701,0.4784,0.5741,12.2837,0.4145,93.5467,85.6354,87.6404,94.382,7.5854,2.1597
Derby and Derbyshire ICB,C81662,Barlborough Medical Practice,8589.333929,8.2278,75.6667,79.4521,4.2034,84.9802,86.1111,3.3579,91.358,5.9269,2.2225,1.1958,0.8616,18.2315,8.4126,17.6833,62.9967,78.9063,0.459,0.4107,10.5169,1.3252,83.7655,78.3069,90.6542,92.5234,9.8542,2.0413
Derby and Derbyshire ICB,Y01812,Heartwood Medical Practice,11416.95651,7.8271,73.0769,74.1379,3.2696,73.183,74.6114,2.8983,94.9275,6.2806,2.0831,1.2227,0.4311,20.0546,8.5187,14.9534,62.69,77.0149,1.0506,0.8423,18.5388,0.4487,89.3208,79.7794,77.7778,94.0741,17.2458,2.2099
Derby and Derbyshire ICB,Y04977,Creswell and Langwith Medical Centre,6635.95412,6.4329,67.2316,68.9076,3.0767,67.2043,69.6078,4.0482,89.0411,4.381,3.7424,1.0795,1.1683,33.1502,10.9559,21.7704,60.387,80.7018,0.7377,1.2774,19.007,0.6399,88.4569,88.961,76.0417,88.5417,22.7134,2.6808
Derby and Derbyshire ICB,Y04995,Royal Primary Care Chesterfield,23735.20393,8.5219,66.8285,68.9252,4.1767,69.4974,72.4852,3.9147,97.191,7.4248,3.5216,0.6918,1.2276,31.6499,10.5756,18.1008,73.0416,89.0323,0.6918,1.4254,18.024,2.2536,89.3946,85.8347,80,93.2258,24.3551,2.3635
Derby and Derbyshire ICB,Y05286,Lister House Chellaston,15751.4312,5.7541,70.4871,72,2.6283,68.0535,72.2449,2.1521,91.5966,4.7017,1.5111,0.6527,0.5169,27.365,6.649,10.7544,64.8631,79.845,0.9643,0.8173,14.2447,2.7827,83.9072,81.0909,74.6753,92.8571,20.28,1.517
Derby and Derbyshire ICB,Y05733,Parkfields Surgery,7664.60631,7.3541,65.4255,62.1212,2.8973,68.6275,71.028,2.9834,93.421,5.2928,2.7252,0.6024,1.928,32.9173,7.6951,16.3081,66.7364,81.768,1.2048,1.3483,14.9509,1.3141,89.1701,84.7561,76.8293,92.6829,20.7613,2.2519
