GP pde,0,1,2,3,4,5,6,7,8,9,10,11,12,13,14,15,16,17,18,19,20,21,22,23,24,25,26,27,28,29,30,31,32,33,34,35,36,37,38,39,40,41,42,43,44,45,46,47,48,49,50,51,52,53,54,55,56,57,58,59,60,61,62,63,64,65,66,67,68,69,70,71,72,73,74,75,76,77,78,79,80,81,82,83,84,85,86,87,88,89,90,91,92,93,94,95+
C81018,15,32,30,44,33,42,31,46,40,41,51,56,50,43,56,45,51,40,42,41,31,34,45,40,28,37,41,36,37,44,31,41,45,43,47,41,48,42,45,47,54,48,60,61,46,48,72,51,69,53,60,49,67,78,53,74,84,84,91,67,86,85,74,70,78,68,65,69,63,54,58,62,58,59,51,64,58,69,60,52,43,40,44,36,25,24,26,24,19,16,13,15,10,8,12,17
M83001,41,49,73,77,71,61,82,77,71,72,90,96,64,75,68,63,60,58,70,63,43,45,53,54,57,53,65,73,66,74,81,90,98,66,97,85,90,88,108,74,71,78,72,67,77,65,50,57,60,62,83,82,84,66,89,94,82,86,88,102,86,56,91,81,79,72,61,81,73,53,53,59,70,61,61,61,67,58,45,54,47,41,41,39,27,24,29,16,17,14,20,8,7,12,7,18
M83004,26,32,25,29,28,32,32,35,31,37,47,42,40,44,36,56,45,44,43,35,35,28,42,35,40,45,34,46,44,40,42,45,45,42,67,45,36,47,50,54,47,56,52,54,51,58,44,42,54,44,56,67,60,50,68,66,76,69,99,88,72,81,81,101,67,85,71,88,81,75,80,62,69,73,60,73,71,64,58,66,42,41,33,39,45,39,35,31,32,20,23,11,14,17,9,10
M83005,21,23,23,24,31,22,22,22,16,15,26,26,20,23,25,26,30,30,21,31,24,21,26,26,26,30,30,31,27,21,33,26,27,29,20,27,43,41,29,31,30,33,22,32,18,27,24,25,17,31,37,29,23,32,39,20,40,29,31,29,39,41,43,39,40,30,28,45,26,26,28,28,36,25,27,27,27,27,25,29,25,9,15,16,9,12,11,7,13,10,6,6,6,5,7,10
M83006,135,143,142,151,148,152,173,153,179,157,166,156,187,183,143,156,159,155,137,114,113,105,125,120,130,139,152,142,149,188,233,193,212,188,209,186,197,195,182,186,202,197,209,200,213,198,201,174,212,188,208,199,200,224,197,217,204,223,200,224,219,208,212,208,176,214,193,172,177,182,176,167,174,195,186,192,206,213,185,181,150,150,140,118,120,135,103,78,79,55,48,50,40,44,31,63
M83007,39,44,32,32,37,36,41,36,47,46,43,55,58,38,34,40,50,49,28,36,41,37,38,45,28,46,46,43,53,36,44,53,65,45,65,47,62,58,57,51,67,50,42,53,51,41,45,43,44,44,51,50,71,61,47,54,46,55,50,48,50,47,45,50,45,39,26,33,24,32,29,26,23,43,31,26,39,19,23,33,27,24,15,16,19,12,15,14,8,10,7,4,7,4,3,3
M83009,21,31,37,36,46,41,60,46,47,50,48,48,69,53,59,73,60,47,46,37,36,34,47,37,57,53,43,45,54,46,52,57,52,48,42,60,74,51,48,52,62,48,49,57,71,65,54,47,50,67,55,75,94,71,82,105,88,97,96,104,81,103,86,94,83,85,78,72,62,90,70,69,62,64,77,88,95,84,83,86,68,80,50,39,46,35,36,36,36,28,14,20,12,7,5,20
M83010,66,75,71,69,66,65,60,85,64,68,90,92,91,81,59,82,75,66,59,63,48,43,68,61,78,73,90,83,74,73,94,100,80,97,107,100,90,112,84,83,84,87,76,71,66,57,57,58,52,55,55,58,63,53,49,53,46,55,53,52,48,52,41,43,42,41,36,42,34,42,25,24,20,25,20,26,27,25,11,21,21,18,12,14,19,13,14,11,8,8,11,12,9,8,3,14
M83011,26,24,34,51,37,30,39,34,43,31,33,41,43,43,37,42,42,37,30,44,38,31,24,34,36,46,42,47,29,42,36,40,63,45,43,45,49,49,38,40,43,43,48,44,41,28,43,44,43,56,42,50,51,80,47,73,62,63,69,61,68,65,49,55,52,46,64,59,66,50,62,55,61,54,57,62,76,60,41,45,39,32,36,38,38,32,34,21,20,20,14,13,13,9,3,16
M83012,41,19,23,32,34,35,39,43,43,23,39,45,50,51,53,42,39,33,40,39,38,40,26,40,36,39,44,32,39,49,36,44,52,40,43,57,44,52,54,46,38,44,32,52,40,45,46,52,40,55,62,64,59,61,60,57,55,58,60,61,57,54,52,61,45,57,58,62,53,53,50,41,47,54,56,52,62,62,44,47,41,36,34,27,29,21,23,24,31,10,14,18,7,15,13,19
M83013,7,10,14,6,8,21,18,17,14,28,24,21,24,23,19,20,21,21,26,17,22,14,19,21,18,22,20,18,15,14,10,10,16,23,19,17,15,11,17,20,26,18,16,30,23,22,28,18,30,30,33,27,39,48,46,48,55,39,41,47,45,34,47,41,38,32,30,31,28,35,42,23,39,33,31,40,49,42,33,33,29,23,26,23,12,17,10,13,16,13,6,3,11,10,4,16
M83014,46,37,53,52,56,55,66,53,66,87,73,82,71,61,62,75,62,66,61,58,49,42,49,51,63,51,62,71,58,77,73,96,64,90,87,85,71,61,73,86,55,83,61,77,70,84,64,55,58,62,72,66,64,78,68,61,60,61,64,55,37,43,53,48,37,40,41,38,39,41,41,44,34,42,31,28,50,42,24,27,26,23,25,24,20,21,16,17,12,10,8,17,11,5,11,8
M83015,23,36,25,25,40,38,33,32,41,34,36,39,41,52,29,48,40,43,41,42,35,24,40,33,35,28,34,40,41,42,45,31,33,49,38,43,43,41,56,29,34,49,46,41,45,39,28,49,50,53,52,60,69,62,63,73,54,61,59,62,70,64,55,46,61,59,52,59,48,46,51,44,47,37,56,58,64,43,50,45,31,30,34,25,23,22,18,30,25,15,19,8,8,5,6,9
M83016,27,34,34,28,39,26,36,49,37,42,34,35,31,33,24,38,33,39,22,34,30,25,28,41,30,22,38,33,38,43,38,44,55,46,52,46,37,42,53,50,44,46,33,43,39,31,24,25,32,39,47,44,51,49,36,47,51,54,55,46,68,56,67,69,53,53,59,66,65,51,58,42,47,58,60,43,53,44,40,39,37,38,40,29,24,23,18,14,21,14,10,11,10,4,6,10
M83017,18,21,21,24,16,19,11,24,19,14,25,12,22,22,10,22,26,18,20,11,15,15,17,26,16,23,16,13,23,27,15,24,22,30,32,29,27,38,19,27,31,24,24,30,26,20,20,24,28,25,20,30,31,32,39,28,43,49,52,47,52,34,42,33,42,40,37,37,45,37,40,41,37,43,32,45,43,37,26,29,22,16,18,12,13,15,12,8,8,5,10,10,1,5,2,5
M83018,25,39,32,41,38,44,38,35,36,49,55,44,48,42,38,51,40,49,44,35,29,34,36,57,38,41,39,33,42,39,36,41,54,43,46,47,66,58,47,52,45,48,50,60,57,50,26,41,44,50,52,56,53,64,68,70,64,74,66,75,63,70,74,68,90,54,67,64,60,53,62,57,54,43,51,59,55,51,40,52,41,60,39,31,37,28,31,32,21,23,20,21,17,7,4,14
M83020,25,35,35,30,47,37,35,45,59,48,59,70,62,41,60,62,71,63,51,55,40,51,42,38,33,39,41,46,44,41,51,56,57,50,57,58,61,54,50,53,53,54,55,69,47,58,54,49,66,59,60,81,69,86,76,81,76,97,56,70,85,75,70,72,73,50,62,63,51,56,62,50,60,61,63,52,80,71,46,55,53,39,34,29,30,28,25,26,21,19,13,18,8,11,9,31
M83021,43,46,34,57,49,56,54,62,76,59,55,63,73,65,61,76,79,65,78,54,47,49,57,59,47,42,56,75,76,52,66,90,61,57,71,76,62,66,68,69,63,73,72,73,57,56,59,42,60,60,66,80,79,75,75,65,52,48,62,53,70,59,56,56,62,45,54,43,44,48,43,35,36,42,42,56,52,49,34,43,26,35,25,21,20,23,16,22,12,15,8,8,3,6,7,10
M83022,26,27,28,30,40,31,30,35,41,36,38,45,34,30,41,40,36,38,40,32,32,26,29,23,32,23,20,28,25,30,27,45,32,38,38,33,44,45,42,47,44,41,29,48,35,33,43,44,39,40,56,67,62,63,67,64,61,62,55,79,74,73,75,67,68,68,61,61,52,57,69,59,63,62,62,75,83,77,59,56,42,46,43,24,30,29,25,15,23,17,15,10,13,10,7,14
M83023,32,33,46,46,43,36,39,38,50,54,38,41,43,34,50,44,41,45,41,36,40,50,37,40,37,53,52,75,52,60,46,62,57,52,56,63,66,56,45,50,43,54,43,49,54,53,56,50,41,73,67,51,70,64,75,54,73,75,79,77,84,68,70,64,61,66,60,51,67,62,58,65,62,56,65,60,59,56,41,58,41,42,34,33,27,28,16,17,20,17,8,10,9,7,4,5
M83024,41,55,45,49,39,51,49,55,31,35,33,38,31,45,30,51,35,47,38,21,44,29,37,44,48,42,46,40,58,50,72,64,56,67,75,46,61,55,55,53,57,55,43,43,47,58,46,46,45,46,55,53,49,57,56,66,64,58,40,58,61,40,55,62,59,43,39,50,37,34,33,33,43,33,48,27,41,47,28,32,35,32,34,16,18,19,22,16,15,17,6,7,5,0,1,15
M83025,14,18,28,19,26,26,18,22,28,26,18,28,33,22,22,21,23,25,34,25,27,20,22,34,26,26,35,40,44,43,54,32,52,35,41,36,28,47,40,23,36,33,35,32,25,34,26,22,23,39,28,36,43,48,37,53,60,64,43,50,41,57,44,33,38,52,37,45,33,37,44,36,33,36,28,45,36,41,33,34,22,32,18,27,24,27,22,17,20,15,7,11,7,5,5,8
M83026,124,128,144,109,131,144,155,158,127,139,132,137,122,137,112,108,132,117,96,120,99,92,84,100,112,130,139,159,136,173,157,178,194,188,182,185,158,152,164,141,131,131,117,136,145,114,94,97,114,82,85,100,89,88,88,82,97,88,86,90,75,74,68,73,78,71,60,67,44,50,51,45,39,50,54,45,47,46,40,43,26,34,28,24,37,25,20,16,16,12,20,10,15,10,9,15
M83027,47,50,58,45,69,45,45,54,54,53,60,53,63,63,70,61,59,60,48,51,52,51,44,50,50,52,45,50,56,63,82,64,89,73,67,90,70,82,74,67,71,70,69,77,77,82,59,68,65,71,57,73,102,88,86,80,81,88,89,75,89,85,68,63,53,62,72,67,49,59,59,46,44,48,53,46,59,57,44,38,42,35,27,22,21,24,21,17,14,8,10,11,8,11,5,6
M83028,47,64,75,63,66,73,64,66,76,82,77,86,77,79,67,61,72,73,71,52,59,44,41,66,51,71,69,83,72,83,88,84,89,89,98,111,90,96,88,89,71,61,77,78,61,81,65,66,56,53,71,65,86,72,76,67,79,73,69,86,74,78,67,69,58,53,58,66,47,49,64,43,41,47,54,50,54,51,45,36,40,26,32,26,18,24,20,17,15,18,8,11,8,4,3,14
M83030,47,51,48,55,53,61,65,67,61,77,59,75,84,73,75,63,72,71,74,55,59,47,73,71,65,50,55,64,74,53,87,71,76,89,85,83,81,89,73,89,87,82,81,84,92,85,82,78,101,90,93,114,99,102,103,85,90,110,107,80,87,89,82,79,107,71,68,79,87,72,71,74,61,61,68,73,86,91,62,82,63,71,66,50,42,44,31,32,26,19,18,22,13,8,7,18
M83031,24,27,27,30,21,30,33,29,34,41,33,27,45,33,41,23,22,32,22,24,17,26,28,21,23,30,29,24,18,23,31,35,33,31,33,31,38,34,27,39,31,45,44,37,39,32,29,26,39,32,34,43,51,52,46,38,48,49,49,39,44,56,52,56,35,49,45,52,44,46,40,43,37,38,44,53,54,52,41,45,54,44,30,28,39,31,27,32,23,24,11,10,14,16,16,10
M83032,58,67,75,67,74,74,56,71,79,69,65,76,87,67,80,78,71,69,62,68,51,62,79,70,89,83,79,82,93,95,88,93,115,103,103,85,102,82,74,87,86,86,81,102,74,80,76,71,92,95,117,109,113,105,104,103,85,102,109,113,101,105,68,98,92,60,86,75,75,86,64,61,60,69,64,71,71,86,69,59,56,49,39,32,42,22,35,19,22,12,17,20,12,11,3,11
M83033,33,50,40,41,39,43,31,29,43,34,44,41,35,38,22,31,37,31,20,27,23,28,31,33,37,53,58,60,72,60,69,62,53,58,53,57,54,50,43,48,49,44,41,54,45,40,29,38,28,27,41,44,45,44,38,47,36,46,36,49,49,32,41,39,26,37,30,31,24,34,36,42,30,24,28,37,34,31,31,25,20,19,30,13,11,15,16,10,8,9,8,9,6,3,1,13
M83034,55,57,62,60,57,58,63,74,57,65,83,81,45,72,67,80,71,58,67,62,66,52,63,51,54,52,70,63,72,65,81,58,70,86,95,78,94,87,90,79,73,90,73,84,77,63,63,66,62,65,90,89,87,91,74,83,71,80,72,69,64,77,91,76,82,82,48,75,85,63,65,58,54,77,53,66,73,68,53,53,44,61,34,44,32,40,35,43,31,21,20,26,16,5,12,23
M83035,34,29,34,44,41,31,34,38,42,34,31,33,41,48,49,39,40,45,41,33,26,21,32,26,28,27,39,32,34,32,48,50,58,39,40,45,47,30,44,45,43,41,31,51,52,34,34,47,50,42,41,39,56,51,53,52,59,62,67,60,47,64,67,54,47,54,38,55,43,37,50,50,37,34,50,43,38,37,38,50,37,25,21,35,28,21,15,14,20,8,12,7,9,5,6,7
M83036,20,44,42,46,40,42,45,62,54,61,63,62,69,54,67,67,55,45,60,41,42,41,37,54,53,47,43,64,50,62,61,76,52,67,61,63,65,60,66,71,50,49,57,60,55,56,50,54,42,69,48,46,55,75,59,66,71,67,67,63,63,65,53,65,35,47,59,54,43,53,35,39,46,44,47,53,67,38,31,50,36,35,20,21,21,26,18,19,13,15,9,9,5,8,4,8
M83037,29,29,45,28,40,46,35,45,37,46,50,45,50,53,56,51,42,43,35,47,29,17,34,43,36,28,32,23,42,56,43,47,51,48,58,49,40,53,50,61,41,47,41,63,52,55,45,61,69,52,60,61,70,72,63,75,62,69,61,69,69,71,70,54,69,57,55,51,45,52,62,58,33,42,49,54,50,67,41,33,38,41,19,32,32,33,24,15,23,10,12,10,11,2,9,15
M83038,33,37,47,50,54,60,39,55,62,53,69,63,63,60,66,68,61,67,41,65,52,35,42,42,47,56,43,55,55,55,62,70,66,63,68,67,66,67,66,66,49,57,53,71,58,49,49,49,55,63,69,48,61,73,74,88,93,75,91,67,70,79,78,80,69,76,65,56,55,67,48,54,59,59,65,50,59,73,46,43,39,52,36,33,40,41,32,28,34,21,17,19,23,14,12,26
M83042,30,44,38,44,45,37,46,49,36,50,57,59,46,61,52,47,60,57,55,37,36,37,39,48,49,51,55,49,42,51,65,53,71,69,71,59,48,53,59,48,64,54,57,58,51,43,55,48,50,53,54,62,70,71,57,104,77,104,105,99,74,88,72,88,75,65,94,64,69,67,64,74,58,71,56,63,63,70,52,58,47,48,44,38,49,35,26,24,26,18,14,18,20,9,9,19
M83044,69,69,74,74,61,93,66,75,66,68,63,72,63,81,73,73,80,67,50,52,59,58,62,68,77,80,107,102,105,126,124,140,122,118,129,109,115,108,105,89,85,90,89,87,79,72,90,72,69,64,66,69,77,89,97,73,85,89,98,79,92,69,81,70,85,68,72,69,52,58,48,57,43,51,56,71,57,52,56,36,49,55,47,23,35,39,31,25,18,8,11,14,11,10,9,17
M83045,25,46,52,47,58,51,44,45,48,48,66,46,65,46,52,58,50,56,57,50,42,45,49,46,40,53,49,55,62,61,47,59,64,60,56,60,69,48,69,52,63,56,66,61,54,67,62,60,67,81,60,83,85,84,66,62,77,85,83,85,74,80,76,76,68,80,72,59,63,61,70,72,85,75,85,88,82,74,66,70,64,54,41,46,34,35,21,30,17,26,9,15,5,6,4,14
M83046,32,38,38,44,34,28,54,47,48,43,49,49,62,54,48,49,46,50,39,41,35,40,37,35,55,32,48,53,47,48,48,49,70,62,65,53,55,56,58,61,47,46,59,45,55,45,55,55,43,65,65,77,77,68,73,78,83,76,86,84,64,67,95,75,76,62,69,70,66,54,73,62,69,59,70,67,88,80,55,57,52,45,34,33,30,38,33,31,26,18,12,11,12,8,12,15
M83047,31,28,26,27,37,38,40,37,44,39,34,41,51,24,32,43,30,39,30,26,23,29,32,20,33,35,41,31,49,33,46,55,40,43,32,58,47,46,41,36,49,30,41,37,28,32,34,36,32,41,28,54,46,44,38,37,44,44,49,47,46,48,49,36,39,38,47,34,36,31,41,30,33,33,40,30,35,36,20,26,30,26,18,20,17,15,10,14,9,9,8,6,4,4,1,9
M83048,43,33,58,39,57,54,56,61,60,56,52,68,49,52,45,64,51,63,49,37,39,47,48,39,55,49,56,58,49,40,50,74,74,81,61,69,61,70,72,75,63,68,68,65,62,55,54,41,67,54,64,69,79,87,65,76,63,69,53,69,65,80,71,61,41,54,59,44,62,52,52,54,49,54,62,48,58,49,50,42,42,35,31,21,20,25,20,18,12,11,7,9,11,3,8,12
M83049,44,42,45,48,63,66,55,54,50,52,52,58,56,55,53,76,68,55,61,53,48,46,45,43,48,54,56,31,54,70,47,72,73,83,68,70,70,66,63,62,75,76,62,79,71,68,47,65,52,57,78,75,61,72,83,66,68,84,65,85,65,72,59,75,74,67,59,49,53,60,68,41,62,46,64,64,54,74,52,58,56,57,48,36,32,37,37,15,19,22,17,21,10,12,7,17
M83050,43,33,36,39,52,58,41,49,57,37,52,56,52,55,64,46,63,48,44,42,42,46,55,45,43,72,56,65,77,63,68,71,64,73,66,82,76,70,72,57,62,72,63,67,55,54,50,48,61,58,62,61,72,56,55,76,66,59,68,73,60,69,78,59,55,60,52,53,67,51,62,52,46,47,45,45,58,53,44,49,49,41,33,33,21,36,21,19,30,13,14,11,6,8,10,20
M83051,46,60,58,73,61,63,74,60,68,72,69,64,71,57,55,79,59,53,50,52,54,45,54,69,70,71,74,105,69,106,85,112,94,97,115,101,92,82,91,77,81,72,66,78,70,82,68,56,58,70,66,64,85,85,78,93,101,81,90,91,76,91,87,76,72,81,57,59,77,52,55,50,51,60,42,60,62,64,49,59,42,43,47,32,27,31,25,25,17,17,16,19,11,10,5,13
M83052,93,109,110,115,106,116,123,143,141,145,135,141,125,146,128,133,125,128,128,108,78,90,90,111,126,110,84,125,116,133,147,145,162,151,136,155,193,148,150,173,159,160,167,162,168,131,117,135,126,120,124,114,157,139,137,144,143,142,126,137,130,135,107,112,132,102,107,101,98,89,105,102,97,95,95,129,109,86,76,60,86,64,57,67,64,52,46,43,43,30,21,14,19,18,6,21
M83054,24,56,41,53,40,41,60,51,51,56,46,51,46,52,50,63,50,58,54,33,47,37,46,51,55,62,61,66,63,61,62,55,63,70,65,53,64,81,72,64,66,73,66,67,71,66,52,71,60,62,71,70,90,78,82,86,73,86,83,83,79,73,91,70,79,75,68,65,51,65,57,71,58,54,63,55,69,44,40,37,45,35,28,29,22,33,16,24,21,20,9,17,11,9,3,8
M83056,35,54,41,43,41,56,42,44,65,59,62,52,72,56,58,62,49,47,65,44,44,47,45,44,54,49,67,61,55,62,64,80,73,74,60,80,64,77,74,79,53,68,68,90,78,71,81,63,82,79,76,71,83,84,66,97,79,77,83,76,69,68,69,77,84,63,61,58,65,73,55,70,60,70,71,69,84,78,35,53,60,41,46,44,31,39,43,36,22,21,16,20,11,10,5,14
M83057,33,56,55,47,62,76,61,61,56,60,67,48,46,57,58,65,69,66,47,49,42,46,53,61,55,65,64,73,67,93,79,80,73,78,77,88,79,67,73,66,75,74,77,71,64,67,66,66,61,64,64,67,82,70,77,80,64,95,61,74,72,65,55,63,56,56,61,53,42,40,55,57,61,56,53,56,44,49,50,50,45,51,30,38,31,23,26,27,24,23,18,11,8,9,8,18
M83059,13,9,15,11,17,9,12,21,11,13,20,18,20,19,16,29,22,16,14,11,16,19,21,18,13,15,12,12,18,9,13,14,16,17,22,17,16,17,18,24,18,15,17,17,21,14,19,20,23,28,30,24,29,45,42,38,39,30,32,32,30,28,29,28,29,28,33,19,26,32,27,23,37,26,27,29,30,29,24,25,26,20,19,16,11,7,12,4,3,7,7,4,3,4,2,4
M83061,22,27,41,29,37,37,41,35,35,42,43,56,45,53,36,53,50,50,36,32,38,35,30,42,44,45,41,34,35,42,35,38,52,46,54,42,48,43,49,49,45,41,40,47,50,43,40,47,52,43,46,48,60,68,45,65,61,53,64,73,58,57,58,52,54,56,54,50,39,45,47,47,29,48,65,65,63,50,37,57,49,46,35,31,34,32,27,23,23,17,13,9,7,11,4,14
M83062,41,61,47,65,51,59,49,67,70,61,54,67,56,68,71,65,64,72,62,64,48,51,69,70,72,62,85,68,70,73,71,87,78,89,80,94,86,90,70,68,76,85,81,76,81,77,71,50,71,63,76,72,85,102,111,99,95,86,97,90,80,106,87,79,58,78,68,83,79,67,69,81,72,59,85,75,79,86,61,80,61,57,45,55,49,35,31,27,22,31,16,14,19,6,8,22
M83063,18,17,20,17,23,29,26,18,22,22,33,25,29,29,25,17,35,20,22,19,19,22,8,19,21,19,23,23,24,28,27,28,34,27,28,30,29,32,27,31,29,31,35,26,34,21,24,22,22,22,34,34,24,30,26,19,20,19,24,31,36,22,27,26,19,31,26,17,16,19,19,16,17,17,15,11,18,11,13,9,13,15,8,9,4,7,6,2,1,5,4,7,0,0,0,3
M83065,16,27,31,30,31,30,32,33,37,38,33,46,42,50,52,57,42,49,41,30,26,36,24,29,29,22,29,33,29,26,28,21,35,35,32,25,39,33,38,45,48,48,47,39,58,42,42,55,50,57,57,58,61,57,66,52,59,81,60,71,55,63,54,53,41,53,38,49,52,42,52,49,40,48,60,46,51,54,38,50,48,34,34,20,23,24,13,15,19,8,11,8,6,5,4,10
M83066,41,37,46,34,43,59,43,49,44,47,43,45,43,52,40,48,42,38,43,31,26,32,34,28,44,50,63,71,74,57,73,65,69,78,80,70,68,57,80,66,54,57,51,56,50,56,48,39,52,48,60,53,50,42,45,47,61,46,42,60,42,57,42,56,51,29,37,36,38,35,37,35,28,39,37,39,36,29,33,36,28,18,15,13,25,13,25,13,10,7,8,1,4,4,4,6
M83067,42,31,47,31,38,31,53,46,34,32,38,47,40,45,27,41,50,51,42,51,50,49,40,53,56,58,71,61,55,67,70,84,64,69,72,83,66,70,58,59,67,42,44,45,60,40,52,67,52,53,46,47,37,60,56,62,54,49,43,48,56,42,59,44,55,49,41,28,47,41,33,37,27,27,29,27,39,23,16,28,23,23,19,25,12,18,14,30,9,15,18,13,6,9,7,14
M83068,77,83,90,81,84,101,88,86,76,120,129,93,103,87,104,97,105,99,89,84,89,79,80,104,94,96,76,105,91,103,83,95,104,103,114,115,109,96,101,98,90,81,95,93,92,91,80,92,85,82,85,93,104,112,112,110,104,98,108,117,71,79,79,76,71,76,77,70,57,69,62,65,50,63,61,67,67,84,54,47,64,48,30,30,20,24,25,19,20,15,6,9,6,6,7,8
M83069,69,68,66,66,79,70,87,95,64,75,76,89,82,91,74,96,87,86,65,60,56,51,70,73,61,70,79,94,84,85,105,94,96,94,110,102,103,99,115,91,87,98,78,94,92,90,84,87,91,96,108,115,122,112,115,117,109,132,130,140,119,120,93,100,113,112,108,98,82,112,66,86,100,78,100,84,87,103,90,104,92,67,45,64,56,51,31,33,41,20,29,22,21,17,12,26
M83070,14,20,43,21,27,32,31,28,38,35,27,37,34,31,47,40,37,34,30,31,25,24,38,34,50,38,37,43,30,41,39,46,49,41,54,51,35,55,43,35,45,48,41,43,49,39,31,42,47,45,45,53,79,76,57,57,74,62,67,74,81,65,59,55,63,54,62,48,56,41,59,59,49,47,51,64,65,53,40,52,41,36,44,25,31,16,20,11,9,20,8,7,8,4,7,11
M83071,23,46,32,54,55,64,61,67,62,49,62,61,56,67,57,52,64,61,72,52,58,52,56,44,52,50,58,51,69,60,66,70,65,80,62,58,76,72,65,73,67,70,59,80,66,76,55,63,67,81,59,75,86,84,94,102,89,85,88,95,97,64,82,111,84,89,65,87,80,66,69,64,74,54,82,89,77,71,73,58,54,46,53,40,28,38,28,38,28,29,23,17,15,18,15,20
M83072,39,40,49,39,45,49,58,57,52,45,43,66,58,68,32,57,40,53,51,35,48,45,44,63,42,65,63,65,63,68,53,58,75,60,56,67,53,61,57,68,62,67,62,54,76,60,56,67,50,61,63,69,78,80,85,85,92,109,103,89,89,68,79,74,71,77,84,76,85,93,83,84,85,76,80,70,98,89,73,77,68,78,61,52,38,26,39,40,28,19,23,11,9,6,5,19
M83073,48,45,49,47,57,59,41,58,55,51,58,46,54,58,52,66,51,44,43,47,50,43,57,43,47,48,39,65,45,64,67,56,75,65,65,66,56,64,58,71,56,51,56,50,54,42,52,44,62,52,58,66,65,67,62,67,90,67,70,58,56,62,68,63,41,54,51,50,46,44,46,47,50,50,47,48,40,50,39,39,47,30,30,33,25,26,19,19,17,13,9,10,7,6,1,9
M83074,44,56,65,64,78,70,71,71,72,60,66,69,85,80,73,75,92,90,73,71,56,66,79,76,66,62,73,84,93,95,92,79,94,78,92,105,93,88,71,75,65,74,87,77,76,67,80,90,64,107,84,105,102,106,99,103,123,114,129,119,120,117,102,94,90,91,82,79,77,71,88,71,51,61,73,78,77,91,61,78,53,58,46,43,35,26,29,34,28,26,15,20,13,9,6,23
M83075,127,114,137,133,120,134,137,126,141,135,133,137,144,145,110,137,135,123,133,138,140,172,145,185,177,175,185,175,237,195,190,166,180,172,143,164,174,162,139,155,130,136,145,143,108,114,102,97,78,76,89,82,80,77,75,77,57,71,63,77,57,61,59,54,63,50,46,53,42,54,46,40,29,33,27,45,39,39,23,31,23,34,19,26,17,19,22,17,5,11,12,4,9,3,4,5
M83076,33,31,38,33,21,25,27,22,25,33,28,33,36,34,24,39,37,32,60,92,105,103,116,108,100,98,95,87,90,84,59,62,71,66,65,49,55,48,51,44,43,46,40,42,34,24,35,22,29,32,33,31,42,47,29,34,28,37,36,41,29,40,29,35,37,25,24,32,23,32,23,23,22,30,13,17,25,21,18,25,16,18,18,15,12,11,11,7,12,7,7,10,5,7,6,10
M83079,38,30,42,49,45,53,38,36,50,45,46,48,43,50,44,42,58,53,57,51,45,44,34,42,41,46,51,49,50,57,56,43,60,57,49,62,51,56,54,57,51,52,58,53,54,62,52,47,64,56,47,69,67,91,72,75,99,74,77,90,56,61,65,60,51,55,68,61,57,38,58,56,52,62,71,57,63,56,42,40,57,36,40,27,32,31,23,20,16,23,16,9,16,11,10,30
M83084,24,28,34,33,27,28,29,14,28,24,33,27,40,30,42,40,36,33,25,52,27,18,38,29,31,40,38,36,35,36,29,31,47,58,43,36,34,35,34,35,35,35,40,47,32,34,44,32,41,40,40,59,46,43,54,41,40,63,47,53,45,49,39,51,38,41,44,47,50,40,37,37,41,50,40,43,47,46,36,52,36,34,27,22,27,17,12,17,12,13,7,7,11,5,3,4
M83088,63,69,68,71,66,64,74,83,55,67,76,76,76,61,72,84,54,73,62,57,76,57,67,87,79,70,94,81,95,93,97,120,112,106,101,99,123,90,97,91,95,71,98,84,85,65,77,87,107,82,86,102,104,117,116,124,119,106,126,113,114,112,94,113,115,96,91,94,95,80,119,81,80,85,99,84,98,111,77,79,73,69,49,52,53,57,44,29,29,25,20,17,8,10,10,23
M83089,43,34,35,40,56,54,56,47,44,55,59,60,51,48,77,73,58,66,62,48,45,52,56,45,44,43,49,44,45,53,51,50,66,53,56,69,63,67,53,57,68,72,49,62,62,48,51,63,58,74,64,68,70,68,87,87,81,87,90,74,77,86,65,66,77,63,82,67,78,61,77,63,70,88,87,82,66,80,68,75,53,51,39,48,37,39,41,26,27,15,8,17,13,8,7,19
M83090,25,24,20,24,32,19,20,22,22,25,28,26,18,26,27,27,25,24,20,25,28,25,23,21,36,30,23,28,32,35,24,29,30,31,29,24,31,32,27,19,16,24,30,24,31,28,22,21,29,27,28,27,28,35,33,40,30,30,35,43,35,36,36,31,25,28,38,33,35,28,31,33,21,30,22,36,43,46,28,25,30,24,24,20,15,15,21,12,3,6,5,5,3,8,4,11
M83092,26,39,39,33,30,49,48,34,47,43,35,41,27,40,41,45,37,39,36,27,24,24,41,27,33,43,29,27,29,37,37,56,52,45,56,54,53,40,35,41,63,38,43,49,57,46,40,41,53,65,53,52,49,73,78,68,80,91,81,81,77,59,71,79,60,54,71,65,53,74,63,59,52,56,49,58,64,64,44,64,54,47,40,35,30,27,21,30,10,11,11,4,7,8,5,13
M83093,19,26,28,23,29,38,35,35,32,40,37,41,32,30,27,35,34,35,34,31,18,20,29,31,33,25,32,29,39,34,24,39,32,39,33,31,40,33,30,36,41,33,36,32,26,29,32,28,25,34,48,33,47,42,51,56,54,58,52,58,54,58,48,43,53,44,46,51,29,44,34,31,39,30,28,33,43,36,31,30,42,32,29,35,32,33,34,26,30,16,16,9,7,5,10,16
M83094,72,74,69,77,65,96,75,97,84,83,89,103,99,103,97,101,76,95,81,70,72,72,62,69,84,80,83,77,98,88,96,77,104,97,105,118,119,94,104,106,89,103,105,95,93,81,61,71,84,83,78,92,102,106,96,109,108,117,95,103,89,94,90,74,76,81,91,87,76,70,59,69,65,56,82,73,84,65,65,60,55,52,45,40,30,38,34,32,19,23,14,10,14,12,7,17
M83096,22,25,11,18,10,24,20,17,19,19,31,27,17,33,23,25,33,20,23,33,28,28,23,26,25,20,21,39,35,28,24,28,34,34,22,36,30,27,21,28,31,35,23,25,21,31,32,26,32,36,30,34,53,48,48,53,40,40,44,56,44,34,42,40,35,28,49,44,30,26,30,33,33,30,38,35,37,52,26,34,26,23,27,22,31,20,21,14,10,13,2,8,5,10,5,6
M83097,25,43,45,44,35,58,48,57,54,43,51,42,46,57,43,64,58,42,36,36,43,39,52,37,42,48,38,55,57,63,71,68,59,70,64,47,74,56,54,54,63,70,60,68,69,51,41,57,66,46,61,49,70,73,65,75,64,73,73,74,63,68,73,67,58,60,38,78,49,40,44,44,44,41,50,56,54,42,29,60,38,35,30,20,26,30,26,22,21,15,17,8,11,8,12,12
M83100,15,18,16,18,17,20,13,26,14,24,16,27,33,24,24,24,27,22,27,25,15,17,22,23,16,25,19,25,23,18,22,18,25,29,19,29,30,28,36,17,21,32,27,30,22,24,27,23,13,26,27,20,29,25,33,31,27,30,31,25,31,22,20,33,20,24,21,31,26,29,32,21,24,29,25,22,23,29,20,26,22,33,12,20,17,20,10,7,11,9,6,8,5,7,2,6
M83102,39,37,47,54,49,50,53,48,46,55,54,56,53,62,35,54,47,50,41,35,36,47,31,41,38,41,62,47,59,52,47,59,53,62,58,65,76,45,52,47,52,53,36,44,43,42,27,36,38,39,37,41,40,49,40,43,53,28,37,50,47,40,38,45,36,38,44,32,31,32,30,17,26,20,33,25,30,28,18,25,13,13,8,14,13,15,18,10,10,4,8,2,5,2,5,8
M83103,21,16,20,25,17,15,20,21,15,26,23,24,17,34,24,24,26,15,19,21,21,16,19,22,27,17,30,28,21,28,42,16,24,20,24,26,30,29,26,22,21,28,25,37,26,27,19,22,21,27,26,23,39,30,30,49,38,37,36,40,26,38,46,35,29,25,27,30,24,22,43,46,30,34,28,35,42,36,34,30,25,24,19,20,14,20,9,7,5,4,10,6,4,2,2,4
M83107,28,29,34,37,39,44,31,28,29,28,32,53,48,40,34,35,34,50,34,34,27,38,36,30,39,29,43,53,42,57,51,57,39,58,52,55,43,45,38,34,47,28,37,40,37,26,31,31,34,39,45,34,55,42,59,42,33,47,51,53,46,44,32,42,38,36,42,39,36,30,35,30,33,24,27,33,36,34,29,27,25,29,19,15,27,23,15,15,13,5,8,8,7,5,7,5
M83108,28,27,38,34,34,50,26,38,40,38,36,35,43,44,49,35,47,41,32,37,39,23,43,39,42,38,32,38,39,36,45,37,48,60,47,48,49,45,40,47,44,34,41,61,57,33,37,43,42,55,51,55,63,71,56,51,63,53,53,62,59,55,61,41,52,48,48,44,47,51,43,44,45,36,51,48,52,58,41,42,33,27,21,33,26,17,18,17,10,13,6,5,6,2,2,9
M83109,17,24,27,18,26,14,27,16,26,16,14,21,24,20,19,23,18,18,12,14,10,14,16,9,23,31,27,28,22,31,26,29,36,36,32,26,28,28,26,26,26,30,16,34,15,16,16,27,18,21,24,14,25,25,21,34,24,25,21,28,21,27,28,16,25,22,20,27,20,24,30,17,21,28,16,13,26,26,21,14,18,10,13,12,11,13,16,6,7,5,10,3,5,8,5,11
M83110,70,84,96,94,113,107,99,99,99,101,85,105,92,109,92,98,105,87,68,72,62,67,80,73,76,93,103,123,111,123,120,119,125,126,114,129,116,122,111,116,110,116,100,101,95,88,96,81,65,77,97,99,107,94,94,95,85,75,93,91,81,75,93,73,99,94,84,80,72,75,74,83,84,84,81,72,75,69,61,43,53,52,29,26,23,25,11,22,15,11,10,8,7,6,6,14
M83111,8,19,9,5,11,10,14,12,9,7,12,14,14,9,9,7,8,9,5,16,8,5,8,10,16,16,25,19,9,26,18,26,19,19,24,21,20,10,14,12,16,8,10,9,11,15,17,12,12,6,8,13,10,11,15,17,9,12,14,12,15,14,15,13,13,12,17,12,12,11,10,7,15,10,16,17,13,12,11,10,4,8,5,5,5,6,3,4,3,3,0,2,2,2,0,3
M83113,6,11,14,14,11,11,18,19,17,18,16,15,13,23,23,16,24,11,12,11,14,9,10,10,16,12,13,17,16,10,17,14,23,13,14,15,17,17,21,17,19,13,22,21,13,26,12,22,21,15,20,20,17,10,16,14,19,15,10,12,15,11,15,17,17,12,15,17,17,16,11,8,8,7,10,12,7,6,7,5,7,4,1,0,4,4,2,3,1,1,2,3,1,1,1,1
M83117,39,31,44,37,48,31,41,48,43,62,47,49,54,62,57,47,61,56,43,41,47,36,41,44,37,35,63,46,45,50,61,47,69,55,77,70,65,65,64,77,60,61,63,50,45,60,45,46,48,54,71,52,65,58,63,52,52,50,56,60,53,59,59,57,49,53,57,61,59,52,50,50,44,32,43,47,29,31,26,21,16,24,15,21,19,12,3,9,13,9,10,5,5,3,3,12
M83121,14,17,18,19,20,21,16,22,26,30,28,27,26,25,31,40,26,28,27,17,17,23,18,22,23,24,25,20,36,35,36,31,33,27,33,21,37,30,26,32,24,22,34,30,43,24,31,37,29,28,34,33,44,49,59,48,49,36,43,54,56,46,36,53,49,44,51,42,38,37,53,62,46,36,52,55,63,50,35,34,34,36,28,23,26,23,19,20,12,13,12,5,6,7,2,7
M83122,9,17,16,16,12,12,14,14,14,13,17,16,23,16,16,14,15,13,7,11,9,9,9,9,20,25,6,22,10,11,9,15,9,15,19,18,16,15,20,13,15,12,15,20,16,10,12,15,20,12,17,22,17,25,27,35,27,22,28,35,30,35,25,38,28,27,30,20,21,21,13,20,18,24,15,11,9,20,17,14,18,17,15,8,3,6,6,6,3,7,2,3,0,1,2,2
M83123,56,47,49,55,60,62,52,64,58,68,65,49,58,58,66,65,53,42,45,43,57,49,46,66,57,67,68,78,66,82,88,73,81,76,94,82,69,78,70,66,60,74,73,55,51,51,68,40,45,42,59,45,61,56,54,68,61,61,70,57,50,59,64,56,58,44,55,46,41,36,40,35,33,40,32,37,36,41,24,24,16,20,24,17,18,16,6,21,12,17,9,12,8,2,3,8
M83125,12,14,15,13,13,10,8,15,19,15,16,17,20,23,22,15,17,19,16,8,15,14,13,10,11,16,16,11,15,14,14,14,21,17,10,12,10,13,7,18,17,11,24,18,27,19,11,14,18,29,20,27,30,23,34,42,21,33,32,31,40,35,27,32,24,25,23,23,31,20,25,21,21,15,23,24,22,24,14,13,17,14,14,8,11,12,13,10,6,9,10,2,2,2,2,5
M83126,38,61,41,47,58,43,47,45,58,56,40,39,63,52,70,41,57,55,54,42,38,44,38,49,53,50,45,44,54,62,69,60,58,67,81,69,53,59,56,57,44,34,48,67,39,56,44,49,50,53,45,49,64,54,38,53,40,59,52,51,68,52,56,57,56,36,52,50,42,38,44,37,54,37,32,43,48,37,29,38,26,23,18,24,25,13,16,15,14,18,9,10,6,3,5,7
M83127,44,69,48,55,55,43,61,53,52,52,65,52,61,54,47,59,52,46,46,38,40,43,44,50,54,57,51,55,57,68,62,59,58,75,74,74,62,59,67,53,54,39,58,53,49,35,40,37,37,31,37,31,29,37,34,40,27,28,34,30,22,30,24,18,15,20,19,16,15,15,25,17,17,15,18,25,11,11,10,11,9,7,7,9,5,6,12,7,4,3,3,1,2,0,0,2
M83129,56,70,55,66,65,64,69,71,58,71,60,62,79,59,57,67,68,57,64,56,53,36,48,46,50,55,60,63,69,69,83,88,96,80,73,85,79,79,96,74,84,72,69,78,60,63,61,59,61,63,63,81,77,80,82,82,85,70,86,80,82,71,68,74,77,70,68,74,57,45,49,60,40,44,45,51,41,37,40,34,45,38,31,23,28,35,28,22,18,14,16,8,10,12,5,18
M83130,11,13,22,15,16,18,15,14,18,20,21,14,18,16,23,9,27,24,10,15,16,13,14,25,24,30,30,22,27,28,32,24,25,29,26,18,17,17,24,16,16,21,27,14,20,18,15,19,20,29,20,39,29,26,35,45,16,42,35,32,21,35,31,22,17,27,20,26,18,21,14,19,24,25,20,24,25,29,23,17,23,24,16,17,11,20,10,13,6,7,6,5,5,3,2,1
M83132,22,24,23,31,26,33,27,26,30,29,39,35,31,38,30,23,33,30,15,18,22,21,24,16,27,29,28,36,20,32,39,45,42,54,42,29,51,37,45,38,40,33,33,25,44,32,28,29,29,35,28,35,39,38,42,30,26,42,47,45,35,46,40,41,47,49,55,48,50,37,67,36,41,35,29,32,23,21,18,22,19,17,11,12,12,10,14,14,7,6,4,4,5,3,1,8
M83138,21,29,27,31,40,33,33,26,33,40,48,29,44,44,42,46,46,29,36,42,27,25,29,29,27,30,22,33,35,24,50,32,42,41,32,56,46,53,49,45,56,49,54,47,46,42,38,34,33,49,35,39,29,48,54,39,39,54,47,48,49,41,48,51,63,56,54,51,57,42,47,44,44,42,34,32,33,35,22,39,24,26,15,14,25,12,14,20,11,11,13,10,7,7,8,14
M83139,20,22,22,22,26,18,30,17,31,25,26,31,15,26,45,25,25,32,23,28,21,26,19,30,33,27,34,34,44,41,23,46,45,24,36,39,31,31,34,21,31,33,27,27,28,16,19,27,29,28,41,30,44,42,53,37,41,52,31,37,47,41,36,34,30,27,23,30,26,22,25,20,25,24,22,34,29,35,25,24,13,17,19,9,14,11,8,11,4,7,4,5,5,3,1,5
M83140,21,16,20,17,22,26,22,25,34,27,30,39,30,24,23,34,29,20,22,22,30,24,39,36,29,33,29,26,22,28,27,30,38,42,42,23,32,19,21,30,38,29,25,24,29,38,34,24,24,28,23,23,26,42,28,35,34,29,29,35,27,28,31,41,26,29,30,33,18,23,26,24,18,33,18,21,22,27,22,18,17,13,14,21,22,8,15,12,16,4,7,6,5,3,5,10
M83141,22,38,40,39,33,52,52,57,66,52,45,53,44,59,43,57,60,62,55,30,40,29,40,27,37,44,33,43,36,43,38,50,51,49,42,55,56,63,58,67,57,71,68,64,63,62,50,51,61,59,62,61,59,50,60,67,55,68,76,54,62,54,81,58,46,60,53,50,47,61,57,54,52,42,50,59,61,50,44,44,41,52,35,26,36,33,29,24,21,15,17,11,9,7,8,16
M83143,22,33,27,30,33,39,23,40,32,29,46,28,29,42,39,29,40,36,34,26,32,26,31,27,34,37,30,45,34,26,30,35,46,42,39,45,57,35,46,39,34,40,38,30,26,25,31,21,35,25,33,34,29,42,41,28,30,39,33,25,26,31,25,28,30,23,40,36,32,25,22,14,16,21,18,27,19,19,15,12,11,20,18,13,6,12,7,7,4,8,4,4,3,1,3,9
M83146,62,82,92,79,94,94,80,104,92,98,104,121,111,116,101,113,113,87,76,80,79,72,63,77,82,78,90,81,87,101,102,116,113,118,117,119,116,108,129,97,101,126,104,105,92,96,78,68,60,70,77,67,87,76,86,81,87,84,84,96,75,60,65,78,66,64,67,66,57,49,62,42,47,50,56,42,58,45,39,39,29,41,27,29,36,23,30,41,26,19,8,22,18,10,5,21
M83148,56,62,81,73,70,66,93,83,107,95,99,82,96,96,105,82,79,113,62,70,62,80,78,62,72,69,90,101,76,79,116,108,99,114,99,109,124,103,132,102,107,99,102,106,118,70,93,77,95,113,82,107,122,112,106,90,83,110,102,91,110,83,71,75,81,91,90,65,81,75,62,68,71,45,68,48,77,70,48,45,55,38,30,28,35,39,31,18,17,11,24,9,8,5,5,14
M83601,19,13,27,28,21,26,31,29,26,30,23,32,33,25,28,37,32,25,22,20,20,19,23,24,27,16,29,18,23,26,34,27,21,22,24,39,44,41,31,28,29,39,44,34,42,29,35,26,33,41,42,33,47,36,44,33,43,54,43,40,32,52,41,45,36,25,34,26,59,47,41,37,60,40,48,54,50,43,45,48,31,49,40,30,27,33,27,31,26,27,21,22,13,10,11,26
M83608,24,29,23,22,21,32,29,22,28,25,24,19,37,24,23,31,23,27,23,14,27,23,21,19,19,27,35,43,32,26,39,42,37,30,28,37,27,22,31,31,28,30,29,24,34,37,27,20,18,35,39,35,36,32,52,44,51,49,39,37,41,26,36,44,31,24,31,39,27,18,16,23,27,31,32,31,43,42,32,43,35,25,24,17,19,21,19,8,17,8,3,9,7,2,3,4
M83616,18,26,25,37,24,23,29,23,17,18,23,25,30,22,29,30,35,26,29,19,23,29,28,20,25,34,29,40,31,32,36,40,32,35,32,32,32,31,38,33,34,38,26,31,29,32,17,32,39,26,41,44,26,28,45,34,48,46,47,29,32,28,35,24,26,26,21,25,26,20,22,24,21,17,24,19,23,20,21,13,24,17,10,15,14,10,9,9,2,1,6,1,2,2,0,1
M83617,95,102,102,111,118,126,119,118,117,134,117,140,131,124,135,131,125,108,115,110,108,101,107,108,102,120,137,112,147,145,160,127,153,136,143,148,138,153,135,150,147,136,119,141,156,149,129,128,124,133,147,151,171,175,168,195,176,173,186,187,145,157,143,112,119,135,123,101,110,116,127,107,115,124,106,132,183,162,123,143,131,112,80,69,57,56,55,54,41,25,26,25,19,7,8,26
M83619,14,17,19,17,20,17,17,17,20,17,23,14,12,22,12,10,21,12,18,15,15,19,17,13,23,25,33,23,27,25,37,28,28,32,24,19,21,29,22,20,24,26,24,28,14,16,21,15,17,13,23,17,21,19,32,18,27,27,19,27,20,17,18,23,8,21,15,10,18,16,18,18,16,12,13,17,10,12,7,10,15,9,15,11,9,10,4,7,7,7,1,3,2,1,1,5
M83624,12,14,10,19,14,13,20,15,22,20,21,18,15,22,19,14,19,14,15,11,23,13,11,14,15,13,20,18,12,26,20,16,36,25,25,26,27,29,26,19,27,21,13,20,27,22,12,13,23,15,12,20,22,30,20,25,26,14,17,18,21,29,24,14,11,19,24,12,15,18,17,18,8,11,20,18,22,16,9,9,16,13,6,8,7,10,4,7,5,1,2,4,2,1,2,3
M83625,44,51,54,65,72,70,74,73,64,56,81,70,66,63,61,68,61,48,59,49,47,46,47,62,72,64,92,81,89,83,95,108,99,113,112,98,95,75,83,82,99,90,75,73,70,71,48,55,66,42,55,58,60,62,64,54,63,56,68,43,60,57,73,65,63,65,41,46,49,51,61,47,36,46,36,42,36,39,37,20,24,20,25,18,16,14,21,15,16,12,8,7,10,3,5,6
M83627,42,52,51,60,49,54,69,60,62,59,84,55,69,60,61,60,49,46,46,40,45,42,46,55,63,60,51,72,71,78,68,71,48,87,71,70,62,72,58,56,69,72,53,49,57,40,46,45,42,42,33,38,43,35,30,29,29,33,36,31,23,23,35,31,24,24,17,17,24,23,18,19,19,16,21,14,28,17,15,19,15,12,16,12,10,18,14,15,11,9,9,4,6,7,3,11
M83632,21,21,28,21,31,21,35,30,21,27,26,30,34,31,20,42,46,38,28,21,21,12,21,25,22,28,19,30,23,24,37,29,33,29,38,31,41,48,33,30,34,37,37,34,30,30,33,35,26,30,28,41,34,36,41,47,37,36,33,39,40,38,23,25,28,39,28,28,24,28,22,24,34,43,27,18,24,25,28,24,21,21,16,12,18,15,18,15,13,12,5,8,3,9,2,8
M83637,22,17,14,27,32,26,26,33,20,20,29,32,29,37,35,37,35,29,35,30,34,23,27,20,19,34,30,43,32,33,30,37,32,35,40,33,31,21,47,30,29,42,49,42,33,26,30,29,31,35,27,27,21,30,36,35,38,34,24,28,30,34,27,30,21,23,18,23,10,18,15,23,23,24,18,16,27,21,16,24,13,8,14,9,8,7,8,11,3,3,5,4,4,3,5,7
M83638,80,70,83,87,86,79,73,88,89,81,86,84,79,75,85,77,93,95,85,56,60,69,55,70,89,76,96,97,97,96,99,101,108,104,100,104,103,88,90,102,97,95,96,96,87,96,80,59,90,100,92,90,101,134,128,117,121,99,126,107,109,103,98,101,96,91,86,88,81,83,70,67,71,85,73,75,85,83,56,63,58,46,34,42,40,34,32,19,18,19,14,14,9,10,4,6
M83640,4,7,4,10,9,11,6,10,13,7,14,10,15,15,16,16,15,11,16,16,9,15,14,13,6,11,7,14,13,8,10,11,12,15,13,12,8,12,9,13,15,9,15,15,14,11,17,11,15,13,19,31,20,20,20,21,25,34,34,25,21,19,18,28,17,18,24,18,18,22,21,19,19,17,18,27,21,13,16,23,11,18,7,11,12,9,13,1,4,3,5,4,2,0,1,4
M83641,2,6,9,7,4,8,13,7,13,11,13,16,12,11,17,26,18,24,12,17,13,12,5,9,10,11,5,16,15,12,11,9,14,17,18,14,8,14,10,10,18,10,7,11,11,12,5,6,7,9,10,18,10,11,19,15,21,10,16,12,14,13,12,8,16,13,11,12,16,10,12,3,7,8,7,6,15,19,5,11,9,12,10,7,5,7,3,4,5,5,2,6,2,3,2,3
M83650,77,101,92,89,94,93,93,104,106,108,101,115,110,97,114,112,96,79,71,69,76,64,76,92,90,83,88,95,91,102,111,127,113,130,116,135,140,128,89,104,105,98,85,77,101,81,70,75,80,83,70,94,64,66,66,66,69,55,82,58,66,60,67,44,51,51,55,59,32,42,49,41,47,34,44,36,43,29,24,19,26,28,20,16,26,20,9,12,15,17,8,8,5,4,2,11
M83661,49,37,46,39,52,52,51,38,43,49,49,42,34,41,29,44,41,39,28,30,29,29,45,42,38,43,55,67,52,46,54,55,58,63,64,44,44,51,56,54,53,43,40,42,41,44,29,36,21,43,31,31,56,38,33,45,41,42,36,58,39,45,44,40,39,29,30,27,30,28,20,27,21,27,22,28,22,16,11,17,15,12,14,17,9,7,5,6,8,4,7,1,3,6,3,4
M83668,25,27,31,25,32,32,31,19,45,20,28,29,23,20,24,27,17,28,20,29,18,25,16,14,27,45,21,39,39,21,35,42,48,47,31,40,46,41,48,36,38,39,35,29,32,20,27,26,28,17,27,22,39,31,37,37,37,35,32,40,41,42,49,50,36,42,35,35,23,31,36,28,26,23,29,27,31,25,17,26,15,12,15,10,22,12,13,9,9,8,12,6,3,6,2,9
M83670,13,17,20,20,14,15,11,10,10,9,11,8,8,13,9,9,9,15,273,634,658,547,411,290,219,102,72,65,53,48,30,30,32,26,28,22,26,21,26,31,11,14,24,10,18,23,19,9,15,17,13,15,17,19,14,20,21,16,24,12,15,16,9,24,17,12,12,10,16,10,10,11,9,10,6,8,12,12,8,12,9,6,2,5,3,4,4,2,2,2,2,1,3,2,2,0
M83680,33,46,32,40,38,39,29,44,32,40,36,44,40,33,39,41,34,38,35,39,40,29,46,30,42,55,54,53,51,49,48,55,55,56,46,46,41,49,38,50,48,47,41,49,30,45,30,39,33,43,47,48,56,42,46,46,60,60,52,48,62,53,52,41,42,45,46,42,27,37,37,39,42,28,36,36,31,28,17,25,26,28,14,15,15,16,8,22,13,13,10,12,7,2,5,15
M83681,55,48,66,65,47,48,62,65,84,66,69,70,66,67,65,71,76,65,79,58,44,48,51,56,64,67,67,65,60,81,88,79,71,93,96,86,74,80,81,80,72,92,62,72,63,67,63,63,45,45,46,37,41,40,42,44,35,41,28,29,33,43,29,28,36,30,19,15,16,16,31,20,14,18,20,15,25,15,13,20,9,14,9,14,11,4,10,10,12,10,9,3,3,7,8,15
M83682,24,41,33,27,34,32,32,34,34,38,33,37,29,41,45,40,28,36,24,33,28,27,30,28,34,28,41,35,39,48,48,37,35,41,56,40,33,39,51,44,48,33,37,42,31,34,30,35,29,37,37,39,40,30,41,49,47,41,27,27,30,37,34,30,33,33,34,20,15,26,21,16,19,20,20,20,23,28,13,24,22,17,9,12,7,6,7,14,5,7,2,3,2,0,2,3
M83691,4,5,9,5,7,6,3,7,6,9,6,9,8,3,6,6,9,6,7,4,7,5,4,2,5,6,6,8,7,10,3,2,7,7,8,9,8,9,9,7,11,1,11,7,9,10,11,10,13,13,10,8,13,13,19,15,15,16,9,19,23,16,18,20,17,13,23,8,10,9,10,10,10,19,17,13,14,17,13,13,12,7,5,2,11,7,5,6,8,1,4,4,4,2,2,4
M83693,35,53,51,48,51,54,53,48,46,41,44,56,61,55,53,52,57,45,36,38,45,42,37,33,38,35,44,44,47,63,59,61,56,68,51,70,59,61,62,66,62,43,47,56,45,44,35,50,37,46,55,51,51,37,47,43,43,52,42,35,28,38,43,44,27,38,34,32,32,23,32,19,28,23,27,24,18,14,14,16,7,7,7,3,7,5,4,3,2,3,2,2,3,2,1,2
M83697,21,17,27,22,21,22,16,20,24,20,22,21,23,19,19,11,19,25,15,19,19,18,12,18,24,25,17,21,26,19,32,22,38,24,15,31,27,17,20,28,23,33,26,19,22,14,17,22,15,12,18,19,25,15,19,25,19,12,18,19,18,15,14,10,18,21,23,8,12,12,9,11,10,17,6,18,14,8,8,9,11,8,6,7,10,8,15,6,8,10,7,8,6,5,3,14
M83698,8,15,22,14,14,17,16,18,10,18,18,17,15,19,15,20,19,15,8,16,11,15,9,15,15,17,18,20,11,24,24,13,29,18,23,14,20,24,35,14,12,16,24,19,13,12,13,12,15,28,27,23,17,23,32,23,35,31,29,18,30,26,22,17,20,13,13,11,13,18,19,16,17,17,17,17,28,25,14,21,11,13,14,11,18,12,18,10,6,8,7,9,7,8,6,11
M83701,27,31,22,21,16,36,28,27,33,15,39,19,27,19,20,23,17,23,18,21,25,13,18,16,20,27,35,38,32,33,29,39,32,28,47,35,30,36,31,32,24,27,31,30,25,12,22,24,23,27,30,23,32,24,31,25,29,39,30,32,40,29,25,30,24,29,26,23,24,20,25,23,26,26,21,25,26,28,16,14,17,19,12,26,18,17,9,5,13,9,9,5,5,7,4,9
M83703,27,21,22,29,26,30,31,30,35,45,39,31,28,33,34,26,33,27,36,28,33,26,27,32,34,28,24,32,29,37,23,41,40,46,34,42,35,45,35,41,41,40,32,30,29,26,23,34,30,24,37,37,46,40,43,42,41,44,48,36,46,41,35,39,34,31,30,28,27,30,33,20,23,26,31,28,32,41,15,25,28,18,14,12,14,13,6,4,6,8,7,3,8,1,4,5
M83709,22,22,18,31,23,21,25,42,36,28,21,38,26,34,28,23,29,30,26,21,24,22,25,23,36,20,29,26,29,29,25,35,30,31,48,45,34,36,40,36,46,52,34,37,30,28,34,38,31,29,45,48,70,39,51,46,43,42,39,54,50,39,58,38,43,49,39,40,36,36,26,34,21,29,30,36,33,24,28,26,18,30,19,15,20,9,3,14,10,7,10,5,5,4,1,3
M83711,14,26,16,15,22,12,25,22,20,22,24,19,26,19,23,25,20,16,18,9,14,7,11,11,15,16,19,20,15,21,23,20,30,33,25,30,27,27,32,22,22,23,29,25,32,18,22,23,14,33,21,28,22,32,36,30,26,19,37,33,41,30,30,17,27,28,32,34,19,29,29,26,24,26,29,28,25,29,18,28,20,22,18,16,15,23,12,17,6,4,13,6,3,3,1,2
M83713,21,19,18,28,28,29,30,29,31,30,35,33,26,39,34,46,38,32,23,35,28,25,33,36,21,31,35,25,28,27,39,36,35,27,31,36,26,31,24,29,28,41,31,36,29,35,21,18,18,28,30,26,31,21,35,39,25,40,26,44,27,29,34,30,27,37,30,22,19,26,36,17,25,19,30,27,20,32,24,32,10,16,13,17,10,15,8,8,5,4,1,5,5,5,4,8
M83715,25,26,20,25,28,29,27,24,30,49,31,15,32,26,36,34,31,35,28,19,24,20,26,24,32,30,36,28,22,28,28,28,44,41,39,33,44,34,35,34,25,30,30,31,32,26,21,29,28,32,22,23,39,45,38,31,44,35,34,40,45,47,41,33,28,36,36,30,40,27,20,23,24,24,13,13,25,21,15,15,15,18,9,12,10,7,9,5,7,6,7,3,6,3,3,1
M83717,21,19,15,24,25,22,24,17,17,21,19,26,23,22,23,25,16,12,23,12,20,17,20,22,26,27,22,23,33,34,24,35,33,24,36,32,26,33,30,19,23,25,15,21,29,14,13,16,22,28,24,19,29,25,29,35,32,32,27,23,34,34,24,14,18,17,19,16,14,16,15,16,14,14,26,15,25,11,14,13,10,10,14,7,7,2,4,7,4,6,2,3,2,0,2,0
M83718,26,24,29,21,24,23,21,25,23,22,26,13,24,23,25,22,20,21,20,13,20,16,26,24,20,22,31,26,41,34,31,44,39,38,38,37,46,40,36,39,32,37,34,25,25,26,28,30,19,9,17,24,18,23,22,24,12,33,21,20,18,27,13,27,25,11,20,20,19,8,12,14,11,19,10,13,19,11,8,4,11,6,11,13,7,4,7,9,4,8,2,3,3,3,0,1
M83719,18,14,19,28,17,19,26,28,22,25,25,22,30,25,30,27,13,19,23,20,13,9,18,18,26,23,22,23,36,23,27,23,42,33,24,31,36,34,37,30,29,29,30,27,26,28,30,19,26,27,31,23,23,21,32,32,32,33,41,31,37,36,40,32,25,31,28,23,24,36,28,29,19,15,15,19,17,15,10,9,13,11,14,6,10,10,10,8,5,4,3,9,3,3,4,5
M83723,108,120,120,121,139,142,162,150,139,151,160,174,155,167,137,162,147,147,147,134,124,134,123,106,116,137,137,151,153,178,162,157,190,167,193,181,155,191,182,171,174,158,169,156,160,145,115,134,123,116,105,138,156,160,166,164,160,145,171,156,147,151,139,131,136,126,111,111,104,110,102,96,92,106,91,88,110,94,79,77,86,50,64,55,46,42,52,35,24,34,37,30,22,17,17,54
M83725,26,21,24,31,34,24,29,32,33,47,26,23,40,30,28,42,27,41,24,20,21,27,26,15,19,29,28,30,24,25,34,28,38,38,32,48,35,23,32,31,33,24,26,24,30,15,21,16,14,18,25,13,20,30,24,22,16,10,15,20,23,14,13,16,19,12,15,16,21,14,12,18,7,19,13,11,16,8,7,3,5,5,2,7,4,6,4,3,5,2,2,1,5,0,2,1
M83727,21,12,26,21,19,21,16,19,27,21,21,29,22,24,18,28,20,21,17,16,13,10,13,17,22,21,25,25,25,28,25,23,22,26,37,32,27,27,22,15,27,22,29,25,15,14,22,21,22,19,21,29,21,35,19,20,26,23,29,31,29,33,40,23,25,26,19,26,31,29,34,24,30,18,21,27,24,14,24,28,12,23,15,11,19,9,16,12,10,6,4,4,3,1,3,1
M83738,25,23,28,27,36,33,34,32,24,33,30,34,27,33,30,37,27,37,40,35,30,27,26,35,43,43,42,45,45,37,46,47,52,43,41,29,47,55,52,28,36,44,40,48,38,43,23,26,28,30,43,40,47,48,51,52,50,65,56,45,41,56,53,46,39,52,42,36,43,39,45,29,43,31,52,42,41,49,36,38,46,33,23,21,22,32,30,25,14,10,9,8,9,3,7,11
Y00078,31,26,16,29,25,26,33,31,40,32,30,31,45,35,32,32,41,26,33,21,24,22,27,34,33,22,27,41,27,32,35,38,40,42,41,46,38,40,41,34,39,52,43,35,34,39,33,26,28,24,23,33,38,26,37,28,24,20,28,32,26,25,26,28,29,34,13,25,19,20,23,23,16,19,22,17,20,20,18,16,11,17,10,12,10,11,7,9,5,10,9,5,4,4,2,7
Y02354,23,17,35,47,33,34,58,42,46,53,60,53,57,52,60,54,61,62,40,40,39,40,43,47,35,56,60,48,51,39,53,65,60,68,60,76,65,57,69,64,56,50,57,59,63,60,43,54,53,59,62,54,76,56,63,59,82,67,65,71,71,65,79,50,50,53,47,41,50,51,57,52,55,44,53,51,53,44,51,45,41,52,37,21,28,33,23,27,21,18,18,12,10,6,11,15
Y02414,7,8,6,11,6,8,4,14,13,10,6,9,6,10,10,9,7,15,7,6,7,8,11,3,5,8,11,9,10,17,11,9,14,13,16,17,12,14,12,7,5,11,4,15,5,7,6,7,9,9,9,4,8,6,8,6,6,4,5,6,4,7,7,3,3,3,0,4,0,2,2,2,1,2,2,2,1,0,1,0,0,0,0,0,0,0,0,0,0,1,0,0,0,0,0,0
Y02521,46,65,51,58,89,81,74,95,96,95,89,96,98,105,89,94,82,73,66,65,63,40,64,67,54,56,51,73,90,82,84,101,82,94,97,94,88,102,89,77,88,87,82,77,73,63,73,64,56,54,64,47,62,44,62,49,50,57,45,54,61,48,53,54,32,44,36,41,39,38,33,28,36,24,23,29,29,26,18,19,16,17,23,16,11,12,16,5,13,12,8,5,6,6,5,9
Y02594,11,14,19,11,15,21,26,20,23,24,13,15,22,15,27,16,21,18,15,14,12,14,19,10,17,15,21,10,19,19,16,12,23,21,24,29,34,21,22,14,22,24,16,22,18,10,21,16,15,19,20,12,23,17,23,19,17,15,12,15,12,12,22,13,20,12,12,26,19,10,14,13,12,12,9,15,11,16,13,17,12,12,11,19,8,8,5,9,7,4,3,3,4,2,1,10
Y02867,18,21,29,30,25,28,37,29,23,33,39,37,35,26,33,27,27,31,15,22,14,20,27,17,28,44,40,45,42,27,47,35,40,52,49,52,44,43,30,37,32,29,30,27,26,26,28,28,31,24,18,19,19,14,25,15,20,23,17,17,24,18,11,17,12,17,11,12,12,12,12,14,17,10,14,16,12,4,6,5,6,5,9,4,6,7,4,7,6,2,2,3,1,2,2,5
