GP code,0,1,2,3,4,5,6,7,8,9,10,11,12,13,14,15,16,17,18,19,20,21,22,23,24,25,26,27,28,29,30,31,32,33,34,35,36,37,38,39,40,41,42,43,44,45,46,47,48,49,50,51,52,53,54,55,56,57,58,59,60,61,62,63,64,65,66,67,68,69,70,71,72,73,74,75,76,77,78,79,80,81,82,83,84,85,86,87,88,89,90,91,92,93,94,95+
J82001,39,42,58,55,52,55,42,66,38,56,72,59,78,72,71,72,68,43,61,65,49,58,77,70,80,83,69,74,69,85,79,82,77,87,56,87,75,94,76,64,79,61,53,77,71,74,64,59,54,51,54,57,55,49,47,50,53,55,40,47,37,35,38,44,30,33,23,31,27,39,26,28,26,21,31,24,27,18,20,19,16,17,7,7,13,7,8,12,10,3,7,7,6,1,2,5
J82002,68,62,92,74,84,93,81,82,92,91,77,85,99,78,83,74,87,76,78,69,59,63,62,75,80,104,92,94,106,90,100,120,112,106,138,127,117,114,97,91,116,92,97,104,106,99,81,95,100,108,80,99,94,77,63,73,78,67,64,76,86,88,60,84,82,70,78,98,64,64,81,80,80,79,83,70,74,65,51,40,33,35,31,18,23,21,17,22,11,8,12,9,6,6,7,14
J82005,14,17,20,11,18,17,23,15,15,20,16,31,15,24,20,28,14,25,25,15,8,11,20,17,14,20,20,16,23,23,17,19,15,16,18,30,26,17,29,18,16,19,31,36,33,24,22,22,34,30,29,38,39,36,30,40,41,38,52,40,46,47,53,35,38,38,42,34,39,34,35,33,31,22,42,29,41,40,34,14,30,26,18,20,18,21,17,8,15,16,8,5,10,6,5,8
J82007,59,65,93,95,115,120,130,117,114,131,148,143,148,140,140,158,142,154,132,131,102,110,138,137,140,125,135,131,135,151,124,137,146,145,153,185,182,125,180,157,139,157,157,193,158,164,142,171,168,158,221,191,219,211,211,251,236,234,259,310,281,313,258,293,248,292,250,249,252,265,275,263,268,292,296,316,371,351,269,281,263,239,176,167,213,179,167,159,137,133,105,97,70,56,51,140
J82009,55,75,64,60,65,67,65,62,56,72,77,74,71,61,73,68,54,73,59,56,59,44,48,49,63,71,73,92,66,67,79,76,84,74,96,74,68,94,63,95,78,81,70,98,89,85,76,85,75,89,97,102,118,107,76,93,125,122,126,122,109,125,128,133,122,124,118,104,117,96,104,99,95,103,90,118,125,134,106,109,98,78,88,60,61,76,57,56,36,60,38,37,37,27,18,69
J82010,89,102,106,101,109,94,115,122,114,116,120,122,137,125,113,107,112,103,92,68,93,71,98,91,116,109,92,92,115,123,119,122,150,128,137,125,165,131,129,138,138,138,134,126,126,105,103,109,97,101,94,125,115,117,142,148,138,135,125,153,140,140,128,141,121,114,116,122,98,102,112,85,94,86,102,114,120,124,83,82,67,58,49,67,50,56,52,34,38,35,18,28,21,10,11,27
J82012,44,49,41,40,36,46,44,35,54,60,58,48,59,56,52,63,61,59,43,41,59,36,46,60,48,54,60,61,60,75,71,77,80,77,64,95,55,71,57,77,65,77,72,68,80,64,47,64,73,72,84,74,77,75,70,81,85,81,77,81,75,100,75,76,89,77,66,72,66,51,88,46,63,73,69,74,75,79,61,49,51,52,40,43,32,36,35,29,40,24,14,21,16,10,7,14
J82016,31,50,42,46,48,51,40,47,40,61,54,58,52,46,38,31,44,37,39,41,27,37,26,29,27,37,39,28,27,44,44,47,44,56,52,52,46,43,58,49,46,56,74,48,52,60,53,47,60,61,58,70,71,78,78,70,92,89,71,80,88,74,71,64,74,78,78,67,71,66,59,55,54,51,61,74,70,64,54,58,41,56,37,36,29,23,25,29,20,9,13,12,10,6,6,7
J82017,65,70,70,59,63,64,76,82,83,70,59,94,81,90,63,85,92,80,76,74,60,63,55,60,76,67,78,71,102,94,86,88,92,87,80,97,98,74,98,91,89,100,81,92,93,68,87,88,87,78,99,94,93,100,106,97,93,108,97,96,99,101,89,97,87,74,72,76,92,63,82,62,70,58,74,69,77,79,62,51,51,55,43,33,49,28,45,39,29,26,17,23,17,15,12,16
J82018,78,86,105,97,106,124,94,92,102,121,96,119,96,102,109,92,121,88,105,74,64,67,79,84,80,91,103,87,90,111,112,146,134,134,121,147,140,111,110,114,131,113,115,143,132,121,108,115,128,108,108,117,135,134,144,112,131,140,126,156,124,130,123,144,121,114,99,108,96,103,100,90,92,104,99,103,106,126,73,85,86,76,83,45,58,44,57,52,35,36,38,24,23,23,17,36
J82019,54,64,56,58,63,92,86,85,90,110,115,78,122,120,100,97,109,94,76,53,52,49,66,63,57,55,60,55,70,77,71,77,81,98,85,102,96,97,84,103,114,109,117,117,111,106,112,113,91,104,104,100,83,99,88,91,84,93,91,85,101,106,85,96,85,83,81,83,92,86,90,91,82,95,115,99,109,97,94,80,71,69,55,67,64,47,39,50,40,42,23,30,28,32,20,42
J82020,31,36,31,26,40,28,32,49,50,39,40,56,43,44,47,41,38,39,41,17,30,33,24,39,36,42,44,39,49,46,34,42,46,56,58,48,63,56,57,38,54,56,51,50,42,41,44,47,47,39,34,37,52,35,36,40,45,33,32,41,29,39,45,41,42,30,32,46,38,36,28,21,27,32,32,30,26,25,15,22,19,16,18,18,24,10,14,17,7,11,8,6,4,4,4,12
J82021,28,21,25,21,23,26,38,28,21,28,37,39,29,43,42,32,35,25,21,24,28,33,27,36,28,41,37,43,33,32,35,38,36,41,51,30,35,37,38,44,41,29,42,37,42,37,25,40,38,50,52,57,61,56,69,60,68,68,65,71,81,68,85,64,96,107,83,76,76,75,68,74,81,80,75,75,84,84,86,67,80,56,45,41,43,45,50,27,24,30,31,18,20,11,9,35
J82022,50,49,43,49,46,53,57,48,61,70,72,75,58,65,82,69,46,57,53,54,53,44,42,70,59,58,67,65,79,89,106,111,111,93,115,112,109,97,95,82,92,88,73,75,67,73,73,64,69,46,67,56,73,75,58,70,56,80,79,68,80,57,62,73,66,51,59,41,38,56,57,45,47,55,54,54,57,72,46,49,42,50,35,33,25,39,32,25,20,18,17,8,19,2,8,23
J82024,107,120,142,138,157,136,147,146,138,134,131,139,111,96,135,134,109,116,106,110,131,129,158,192,239,195,223,240,206,232,220,223,211,221,240,210,193,192,159,152,164,148,148,151,131,113,122,110,108,101,102,89,83,78,87,72,80,68,58,66,66,77,71,53,47,54,68,51,41,42,32,28,31,37,34,33,31,28,19,27,32,21,15,20,11,7,9,10,13,5,9,9,3,5,4,7
J82025,76,100,102,75,100,83,84,87,96,77,83,85,99,75,60,75,73,53,59,49,54,72,81,84,74,105,80,101,111,99,115,134,120,130,139,122,112,108,108,115,104,116,89,76,91,100,92,83,116,107,85,103,115,119,123,111,116,118,114,121,107,92,91,104,86,77,74,52,45,65,65,58,57,72,76,46,69,90,57,48,47,61,42,32,25,29,33,33,23,19,14,16,12,6,9,21
J82026,53,61,65,54,79,67,82,70,65,65,57,76,70,85,79,71,71,61,63,69,86,64,60,86,96,89,86,91,111,101,94,85,97,99,103,93,119,97,119,107,85,86,81,94,90,71,93,96,90,105,92,92,102,118,101,104,117,118,111,112,118,120,116,109,105,97,84,79,95,81,95,89,74,103,100,103,130,127,110,106,93,101,74,67,74,74,58,55,65,42,46,31,31,27,15,53
J82028,97,116,126,90,107,126,127,125,119,135,145,143,125,117,130,112,117,111,126,100,100,102,125,160,178,181,208,210,213,225,241,220,255,270,246,272,249,248,221,242,230,217,206,196,202,182,177,153,148,169,163,165,171,178,166,169,174,170,164,166,172,169,145,158,125,119,121,123,140,118,117,107,130,96,101,135,127,115,85,75,67,67,59,47,71,49,63,41,46,29,35,22,17,20,16,50
J82033,40,47,44,45,46,65,48,60,46,61,48,58,41,56,68,35,61,55,40,43,41,26,52,37,40,44,37,59,49,49,52,76,66,60,67,65,69,73,61,55,70,69,56,57,48,46,54,62,67,59,44,66,66,85,66,73,66,68,97,79,60,66,78,77,72,62,59,55,55,48,52,63,59,57,53,57,49,62,49,47,45,34,29,21,26,25,18,13,16,8,13,6,10,7,4,18
J82034,48,52,66,73,83,74,70,76,75,69,84,81,86,78,87,77,77,89,69,60,46,70,82,59,71,63,74,80,60,81,76,76,60,85,74,84,111,94,97,79,80,82,94,90,81,78,78,86,82,95,89,93,109,112,93,126,109,106,130,111,111,118,99,110,96,94,92,91,87,78,83,89,91,90,70,90,77,82,59,55,52,63,43,42,54,53,43,37,24,26,19,17,18,18,11,21
J82035,41,45,35,47,39,47,59,53,74,67,65,69,54,48,78,67,69,94,141,166,173,187,213,214,197,176,160,146,122,110,85,117,93,101,83,99,82,91,90,76,83,76,84,65,88,87,100,90,76,106,91,89,110,93,88,93,74,79,77,83,87,83,95,91,80,79,80,78,87,65,69,70,71,68,85,58,83,79,79,74,79,61,67,58,58,47,52,37,31,36,38,37,18,12,19,43
J82036,10,6,12,16,9,6,14,16,10,21,11,14,11,13,15,15,6,15,18,18,11,10,9,10,8,6,8,11,10,10,14,9,10,9,10,16,11,16,17,8,14,13,13,19,20,12,18,17,21,14,22,17,26,18,31,25,27,28,27,28,27,21,21,27,25,13,27,20,18,26,26,25,16,14,20,16,17,11,16,9,6,16,9,6,8,11,9,3,4,6,3,2,6,1,2,4
J82039,32,36,39,43,40,53,47,44,56,51,53,57,48,61,46,59,57,52,63,55,40,50,37,36,55,52,56,47,55,67,48,65,75,71,61,65,42,65,62,58,58,55,57,66,54,55,60,70,40,72,82,68,79,81,62,96,87,93,92,98,82,82,83,78,99,74,88,72,69,57,77,88,89,70,72,65,99,95,74,64,66,67,49,42,48,44,33,52,42,23,39,29,19,17,20,32
J82040,80,105,116,98,117,94,90,128,113,139,97,122,115,127,128,130,124,92,93,91,71,75,75,95,81,95,96,102,111,149,139,145,142,156,146,148,132,169,137,164,153,118,132,139,122,103,88,92,101,90,104,87,104,100,90,77,90,99,93,103,99,98,99,87,103,104,79,75,57,64,62,54,68,63,63,69,75,49,65,49,60,41,50,31,33,33,31,31,19,22,18,12,15,13,4,14
J82042,63,103,106,103,104,114,108,111,88,91,99,89,110,84,94,80,83,96,66,56,54,60,57,69,67,78,105,102,102,99,105,125,131,136,144,147,123,134,126,121,115,124,113,99,116,101,110,110,102,93,94,94,106,106,119,109,110,114,130,118,113,113,103,109,97,102,93,88,80,75,79,79,71,80,81,75,83,73,52,56,75,57,51,43,28,34,33,16,22,20,19,10,12,5,2,14
J82050,103,90,111,89,111,110,122,111,125,145,131,121,139,152,135,117,139,106,240,384,458,380,376,387,333,261,196,190,166,161,152,158,169,148,172,166,173,187,194,171,159,179,153,155,173,151,156,160,144,154,163,147,148,155,140,131,119,137,144,131,114,95,113,115,112,80,94,83,90,79,75,93,81,75,66,88,117,80,49,68,53,52,37,32,49,52,28,32,31,25,15,24,16,19,13,34
J82051,78,108,98,111,114,81,91,80,103,121,98,82,112,99,105,90,85,90,82,64,67,71,72,68,87,106,108,102,113,124,131,127,146,143,144,137,153,129,114,139,149,130,123,127,126,116,111,109,106,125,119,118,131,145,148,143,123,131,143,156,143,120,132,125,132,136,102,114,94,114,90,93,85,85,108,82,81,98,68,75,57,52,50,49,36,42,38,38,36,25,20,20,13,15,8,33
J82053,54,71,55,42,51,42,49,48,54,46,52,60,65,62,56,64,69,47,50,53,42,38,61,54,74,81,82,80,82,92,83,95,103,93,98,74,90,68,65,58,68,67,79,75,65,73,63,72,62,48,53,63,60,79,61,57,72,87,46,75,79,75,76,61,72,47,48,48,49,50,53,44,43,52,56,67,58,62,41,41,42,43,26,20,26,19,21,19,19,17,10,15,8,5,11,13
J82055,41,38,53,57,42,59,43,54,47,46,50,50,41,40,37,49,55,30,44,36,38,40,52,55,59,71,70,86,81,83,107,101,99,88,69,90,87,100,86,111,89,104,78,91,65,62,61,58,69,53,67,62,70,86,82,76,75,87,98,72,72,73,72,71,71,63,58,54,59,57,48,39,55,52,67,69,61,45,53,46,59,44,35,38,41,50,35,27,28,15,22,14,15,11,15,27
J82056,68,76,99,77,87,96,114,114,95,113,113,123,131,137,114,107,124,116,117,103,91,99,91,100,85,79,105,120,98,117,127,125,146,114,119,148,158,130,102,114,127,128,126,105,119,124,103,121,107,125,145,110,153,142,156,175,165,151,169,182,185,166,173,187,169,157,162,139,149,151,138,169,132,139,138,137,172,165,117,108,117,113,77,94,88,65,77,55,46,37,37,41,29,26,20,43
J82058,110,110,128,121,130,135,150,139,130,123,134,135,132,142,124,120,110,94,90,79,89,81,87,109,124,127,161,138,159,192,216,216,208,207,190,199,245,180,175,184,164,170,158,164,143,141,132,145,126,133,141,121,139,141,130,104,128,126,108,122,112,109,98,94,93,85,78,76,66,70,55,64,56,45,74,65,69,73,56,54,39,50,44,43,40,32,32,28,24,13,18,12,10,11,3,12
J82059,13,21,19,26,20,23,30,28,28,47,41,29,47,25,44,44,37,43,36,34,37,30,28,37,33,20,19,24,19,27,23,26,26,33,31,24,38,34,22,26,31,46,30,41,41,47,36,43,48,50,59,45,54,60,65,56,67,77,59,67,65,65,67,66,58,54,59,52,48,43,48,43,55,40,49,44,58,50,36,50,30,34,20,20,30,24,22,16,12,15,9,5,6,4,5,16
J82060,62,59,70,79,78,79,58,77,72,80,77,88,86,78,69,82,70,78,80,95,79,87,105,81,100,114,100,95,113,113,121,110,100,100,99,94,99,92,99,111,99,88,84,88,87,84,78,76,64,68,72,80,72,83,82,67,75,76,81,83,78,70,61,63,59,51,67,51,54,56,40,46,31,53,38,42,41,55,28,30,33,30,48,29,31,19,25,26,15,17,14,7,9,8,5,16
J82061,47,42,59,76,61,57,66,62,76,65,68,103,82,84,78,75,89,85,66,52,43,48,63,58,59,70,59,68,58,75,70,76,61,80,67,84,89,88,86,89,86,89,92,89,84,62,76,85,82,86,83,102,104,97,91,96,92,94,116,120,96,96,64,72,88,84,76,79,66,87,78,86,62,75,65,62,77,72,65,66,60,56,41,49,43,29,38,25,24,19,13,19,12,16,8,32
J82062,56,67,53,74,89,88,114,93,91,88,110,97,110,114,114,102,109,116,98,83,92,75,80,97,80,100,77,111,102,109,102,110,115,124,143,120,116,138,144,118,113,132,130,112,105,98,120,106,107,90,108,104,105,98,104,110,78,90,94,87,98,95,71,74,74,80,82,68,52,72,70,58,47,62,64,45,60,43,34,44,35,39,28,30,22,27,29,20,25,16,18,15,12,7,4,16
J82063,35,36,44,33,45,50,45,54,38,51,54,46,54,55,40,44,42,50,37,33,44,30,35,40,41,38,53,56,53,52,56,53,61,67,58,72,53,62,59,75,65,54,59,65,61,49,47,47,54,45,49,51,45,47,46,50,55,45,61,51,51,50,56,50,44,48,34,41,43,41,29,41,27,27,29,20,30,37,21,25,17,27,15,27,19,13,17,18,8,9,10,5,5,9,4,7
J82064,57,48,68,67,67,72,85,77,75,79,86,79,85,78,61,76,71,68,63,61,58,38,41,55,59,67,65,71,61,66,86,77,77,84,73,81,101,90,85,61,83,84,69,95,84,94,79,75,59,80,82,81,106,100,83,99,106,149,122,116,115,119,99,103,87,98,99,87,94,78,85,81,88,85,95,88,98,102,75,70,68,61,36,42,47,36,39,28,28,29,18,14,14,11,6,26
J82069,186,221,249,231,251,258,272,292,307,259,324,324,309,344,306,293,314,329,271,255,234,259,262,308,325,308,296,351,338,352,365,371,407,414,422,385,422,386,410,362,381,400,366,355,408,355,348,351,324,352,320,379,381,327,388,358,388,337,340,336,345,306,305,263,255,261,221,238,216,213,208,229,193,218,211,237,245,226,170,163,136,137,113,113,110,96,78,81,61,50,42,45,29,27,21,63
J82071,76,95,68,74,87,90,86,91,78,90,102,77,94,78,86,77,82,61,64,52,63,53,51,80,87,80,97,107,94,113,97,120,146,120,130,135,132,132,111,119,121,106,118,97,98,78,75,60,81,67,87,56,62,63,75,76,67,77,71,88,63,69,68,65,47,60,54,65,47,47,47,59,43,46,43,50,51,25,22,33,31,28,20,21,14,26,14,16,16,12,7,11,8,6,6,11
J82072,50,48,58,63,60,61,70,69,65,72,73,75,64,78,70,65,81,76,60,48,53,42,40,54,43,50,58,76,62,58,80,72,71,80,83,78,92,93,70,91,58,85,61,87,70,74,63,61,74,75,77,95,80,76,87,94,91,93,109,105,79,112,87,67,55,85,86,68,66,85,67,57,63,51,67,66,63,83,50,53,57,51,40,35,31,39,35,22,31,18,19,20,18,11,8,31
J82073,42,45,53,49,43,48,52,67,56,64,64,53,62,53,69,59,38,73,54,41,40,45,36,59,52,48,73,52,61,52,76,78,76,82,74,75,91,70,86,62,70,51,70,58,64,57,56,59,47,71,51,64,62,67,77,54,74,74,77,63,79,75,69,49,59,75,47,42,34,51,31,42,45,40,37,41,59,41,29,40,31,39,20,19,23,13,20,20,15,18,9,8,3,5,5,10
J82074,72,63,84,73,94,88,79,90,75,91,80,84,76,95,94,73,71,86,68,60,54,44,49,69,55,80,69,73,69,78,101,91,80,92,103,102,101,91,97,89,91,97,101,98,101,96,94,66,90,96,115,101,115,95,97,109,102,111,100,109,123,114,88,108,89,115,92,74,67,79,77,92,84,102,105,105,117,162,93,114,92,82,60,65,64,74,72,55,52,40,41,44,24,19,21,37
J82075,19,23,20,25,27,23,25,21,30,31,22,35,37,43,38,34,27,32,26,36,23,25,21,26,17,39,33,32,26,28,26,27,29,39,27,27,29,32,35,28,39,41,35,43,34,32,28,35,28,48,40,57,44,45,53,47,58,58,68,67,57,46,65,65,60,53,46,57,67,51,51,48,46,65,52,67,68,70,52,45,38,39,38,39,32,31,23,28,26,18,16,15,17,19,12,18
J82076,93,117,123,111,130,139,144,131,126,108,121,134,141,114,120,133,109,136,113,98,77,82,88,113,120,114,133,158,169,167,172,177,183,170,187,167,207,171,167,177,147,142,173,158,153,139,123,142,147,135,117,127,131,133,117,130,168,144,145,147,163,162,156,127,110,122,104,117,105,125,118,111,119,111,92,100,123,119,82,96,64,68,66,46,66,55,46,43,34,26,19,27,28,11,10,27
J82079,40,50,51,58,49,46,60,45,51,54,46,43,44,42,38,37,45,47,40,41,31,33,28,33,30,43,33,36,50,35,58,58,56,55,61,67,61,59,61,49,63,43,61,64,64,63,46,50,37,55,68,58,66,63,60,60,64,51,63,68,54,63,64,50,48,41,32,45,34,40,36,31,33,32,27,33,45,49,34,33,29,19,16,14,18,17,10,18,14,14,13,10,6,8,8,12
J82080,27,21,26,20,25,30,29,34,24,35,30,34,37,34,28,28,27,37,413,896,1049,1033,1288,1951,2055,1187,739,527,351,194,125,107,84,89,78,80,77,49,43,50,47,56,52,32,40,36,31,28,23,25,24,30,25,13,19,22,18,26,15,19,17,21,19,9,20,13,17,11,7,7,4,11,10,14,11,8,9,8,6,6,10,3,6,4,4,5,6,2,3,7,1,3,1,2,0,2
J82081,70,88,87,84,98,107,82,78,114,104,92,108,87,89,95,86,76,71,147,236,221,235,284,304,330,301,309,311,269,274,281,257,281,257,241,242,213,192,199,163,167,136,125,142,124,143,92,84,75,63,86,68,75,75,55,73,85,67,78,67,77,67,59,58,59,67,63,41,57,42,49,37,49,34,28,35,28,33,27,27,19,23,19,14,10,13,11,10,9,9,4,5,2,4,1,6
J82082,65,85,92,81,116,103,91,101,117,87,101,104,110,114,109,84,79,82,91,45,65,57,81,53,91,70,83,79,111,74,110,101,126,129,105,138,146,114,147,116,128,103,119,101,91,101,95,81,89,81,80,86,84,100,78,81,73,87,75,69,84,68,53,63,62,59,45,41,34,31,48,26,32,37,29,35,55,38,37,38,37,28,17,20,14,20,10,9,11,11,4,7,5,10,2,12
J82083,170,231,229,231,225,239,261,283,261,253,298,273,260,267,298,297,300,266,239,231,221,241,239,262,289,276,276,302,315,309,299,322,309,358,310,361,330,352,310,331,322,285,335,292,306,278,282,252,257,280,339,317,333,345,359,367,380,375,348,380,382,357,362,332,308,334,282,291,266,265,278,249,263,221,261,274,282,283,227,234,165,187,136,125,131,120,114,118,103,70,87,61,53,59,42,83
J82084,18,23,18,23,21,27,17,29,20,19,20,28,26,31,26,29,26,16,20,17,15,15,19,24,28,30,22,26,25,20,29,32,35,31,32,28,30,37,35,30,32,29,29,32,35,23,25,26,30,27,35,34,40,38,39,46,44,45,43,47,59,51,62,39,35,47,52,37,38,30,42,33,45,28,44,47,39,44,35,28,34,30,27,22,20,16,16,14,10,16,7,15,10,9,2,4
J82085,184,175,211,188,225,222,209,239,238,261,237,237,247,233,239,231,240,194,201,207,227,245,237,250,263,291,260,284,313,296,295,344,331,312,342,334,325,335,313,319,277,277,270,251,264,233,225,203,210,203,206,215,204,231,203,211,202,179,243,224,212,203,193,169,183,159,164,159,135,141,137,106,107,113,111,89,128,133,111,90,90,81,64,58,60,40,73,35,36,40,27,29,22,13,8,32
J82087,28,27,40,24,45,37,34,46,36,41,50,37,49,51,49,48,36,47,38,33,31,47,36,26,53,29,42,38,46,44,51,56,41,63,47,43,52,64,43,50,56,61,49,57,55,36,48,35,49,48,41,44,49,44,42,45,57,40,52,48,47,53,39,42,50,39,44,26,35,33,44,33,29,46,38,33,47,41,27,24,21,25,18,20,9,16,14,18,7,6,7,11,7,6,6,11
J82088,53,56,55,72,66,63,63,80,88,61,82,79,84,74,79,92,72,89,76,64,66,56,69,57,63,86,77,96,86,95,109,99,112,113,116,87,112,117,112,113,108,113,111,120,110,91,76,93,95,96,83,96,87,89,79,83,100,89,81,86,74,98,73,69,81,69,63,78,58,59,68,58,55,45,47,36,42,51,38,39,35,36,38,23,29,25,24,17,13,19,9,15,6,6,8,7
J82089,107,107,124,121,124,114,128,118,110,127,100,126,125,114,103,105,111,115,88,80,86,59,60,84,99,98,108,139,135,148,131,129,130,171,166,172,154,148,147,154,123,137,140,135,131,130,97,99,99,100,100,122,113,116,106,102,105,136,142,146,108,122,116,103,85,119,108,80,77,86,100,89,82,89,92,91,124,90,75,79,73,72,63,47,63,56,55,47,36,36,26,19,20,20,10,29
J82092,38,45,44,43,42,40,62,48,47,53,65,53,57,62,49,50,53,50,45,46,40,32,39,49,42,41,52,46,47,52,61,69,73,91,88,57,63,62,65,57,57,62,78,67,71,53,53,62,56,66,41,42,54,56,53,55,50,42,40,48,37,41,38,29,52,44,39,45,40,36,52,32,42,51,43,43,36,38,23,23,22,17,12,10,18,17,9,10,9,10,12,8,4,5,6,28
J82094,60,56,80,93,102,94,98,92,106,106,106,92,116,114,97,116,118,122,87,77,76,72,91,66,88,96,95,88,103,107,108,107,124,115,113,132,128,124,129,114,111,114,110,113,120,109,102,129,128,114,127,132,143,145,135,148,141,145,161,156,169,155,153,155,133,112,124,108,90,109,108,114,106,109,113,126,146,121,120,82,98,74,72,62,61,49,54,40,35,42,16,20,22,16,11,34
J82098,127,140,139,148,157,190,178,212,219,209,228,260,238,228,237,254,259,255,213,183,150,139,168,160,183,182,165,190,167,189,182,188,213,198,191,232,215,201,221,203,231,218,243,252,233,242,221,281,225,241,292,239,301,318,278,295,321,296,266,306,305,264,257,259,276,232,235,237,213,226,175,218,173,184,223,248,241,261,198,214,183,173,138,156,158,131,100,113,89,79,77,59,57,47,32,84
J82101,80,81,82,75,91,87,89,91,98,102,84,116,125,118,98,122,116,99,103,100,98,92,111,115,107,115,97,116,117,112,122,144,118,136,127,159,129,135,129,115,118,125,118,125,113,115,124,129,110,113,109,117,121,128,123,120,140,126,130,143,142,111,134,109,113,141,128,103,101,86,115,75,75,83,77,86,106,100,64,83,58,68,59,59,51,49,28,34,38,25,22,26,18,12,11,21
J82102,80,99,113,130,131,140,135,138,144,145,150,141,163,149,156,148,140,139,146,105,121,101,112,118,117,113,121,152,144,148,142,159,200,189,156,195,180,157,166,164,192,147,147,149,159,145,147,128,162,142,156,169,154,162,193,193,174,173,186,150,146,163,140,160,142,134,130,125,102,120,143,103,110,95,108,112,126,123,101,106,87,90,79,69,72,82,75,53,46,41,43,33,28,16,19,44
J82103,49,50,57,64,71,61,78,79,90,64,95,82,83,74,80,80,71,66,70,54,52,49,45,43,75,55,67,64,79,95,79,101,90,86,85,86,91,89,81,82,90,84,81,101,99,97,72,78,84,74,99,89,77,96,98,94,87,82,99,101,88,89,93,70,65,73,72,55,62,57,48,65,52,60,64,77,74,60,47,76,47,41,50,31,37,39,28,24,14,20,17,14,9,15,9,13
J82104,31,35,38,28,40,51,46,43,65,51,69,75,54,72,81,76,61,68,58,54,36,41,51,55,46,50,56,37,40,56,58,32,49,73,45,62,63,67,60,61,50,68,62,66,73,47,62,67,73,72,91,68,79,103,95,83,93,97,124,119,115,90,125,87,97,100,93,120,94,115,100,82,98,94,110,119,153,137,98,109,89,77,81,62,77,70,60,50,42,44,35,43,31,25,13,44
J82106,23,28,50,38,34,47,39,48,48,53,38,46,50,42,41,57,35,33,41,33,31,21,33,37,22,29,32,26,32,18,29,33,41,34,47,41,35,44,42,41,48,49,56,38,49,54,48,50,57,50,54,52,58,52,60,61,49,54,58,62,54,59,51,48,49,50,54,49,40,36,35,43,50,52,38,46,40,36,32,41,33,21,27,20,21,16,19,21,8,13,6,9,12,8,5,13
J82112,71,85,115,73,89,118,122,117,120,129,133,128,141,143,122,108,124,146,107,93,102,112,90,112,115,108,128,126,136,125,127,141,148,154,141,166,150,147,148,146,152,153,156,137,156,147,135,147,138,145,149,161,188,194,154,180,168,187,183,186,184,180,179,146,170,169,153,128,145,124,138,132,142,135,141,139,147,146,103,91,84,85,75,80,60,72,69,56,54,44,27,23,31,26,20,48
J82115,28,33,22,37,29,38,32,33,26,26,39,30,29,32,22,22,18,28,26,14,21,26,21,32,34,55,58,55,73,71,68,75,53,77,62,74,59,65,53,39,39,55,46,49,41,47,49,39,29,37,32,32,30,32,39,26,37,31,35,20,26,16,27,21,21,29,16,25,17,14,16,16,13,10,15,16,10,8,6,7,13,12,5,1,11,6,4,4,8,2,1,2,1,3,4,3
J82116,27,41,42,44,42,56,48,64,53,64,55,50,74,78,73,77,80,66,66,55,43,36,51,45,42,36,36,42,33,43,46,45,40,54,49,52,57,56,52,65,58,75,66,75,74,76,63,58,72,60,76,77,82,89,86,63,69,74,74,74,80,82,58,70,72,64,69,73,59,58,63,47,47,66,58,59,76,62,44,33,52,37,39,26,26,30,29,17,17,15,20,18,12,12,3,22
J82119,40,33,28,44,44,50,60,39,47,59,41,50,60,36,49,48,51,56,49,35,43,32,43,39,38,47,48,53,58,47,65,50,54,54,58,52,41,58,48,53,64,52,54,73,57,55,69,50,51,59,56,44,72,78,82,73,83,88,83,100,83,97,84,89,64,89,72,88,77,75,77,68,58,70,80,90,89,72,65,77,48,43,38,43,42,41,28,27,22,34,15,18,13,12,13,24
J82121,39,42,54,48,53,56,48,48,57,57,58,65,65,79,60,57,70,65,46,38,34,31,47,47,55,40,46,42,57,58,49,56,64,65,68,81,47,54,52,70,62,66,65,72,61,65,67,64,51,70,65,83,64,71,69,69,73,55,63,78,53,75,66,48,71,68,61,54,64,47,39,46,54,54,62,62,61,53,63,46,46,44,34,28,29,23,16,18,18,12,12,14,14,8,7,11
J82122,40,52,58,60,57,58,43,58,63,58,47,52,58,44,48,60,47,58,76,53,76,74,93,114,85,108,89,155,114,98,96,116,100,109,106,88,108,80,75,71,82,87,87,84,66,55,47,60,63,61,47,39,52,46,51,45,63,50,42,58,44,35,44,43,54,37,40,36,37,37,28,27,29,26,39,31,27,26,23,22,26,23,14,19,19,8,16,19,18,10,11,10,9,15,2,25
J82124,34,27,37,38,40,50,30,55,42,44,68,64,61,62,60,73,60,74,72,54,45,46,47,61,41,29,31,32,33,41,38,37,42,37,39,54,41,61,34,52,55,52,57,66,58,70,66,79,67,65,71,75,87,78,73,76,81,80,83,76,88,87,80,77,76,67,64,67,61,52,63,75,65,73,77,64,76,72,64,70,56,60,49,55,35,48,30,32,30,31,18,11,16,17,13,26
J82126,15,21,15,27,22,31,24,24,31,36,38,24,30,30,27,19,29,17,21,21,12,9,18,18,15,19,28,23,24,29,40,38,27,38,28,35,38,35,35,33,41,41,43,40,34,28,44,33,30,25,23,18,21,27,34,24,22,33,18,16,25,28,16,19,20,21,22,30,24,13,16,14,27,17,15,21,22,21,15,20,20,19,21,13,15,14,17,3,17,11,11,14,15,13,12,35
J82128,30,36,50,40,45,54,55,46,49,47,42,46,44,37,47,55,39,39,47,39,46,37,27,39,39,45,39,49,51,69,69,72,60,88,78,57,85,67,81,58,76,82,62,62,57,61,64,64,54,50,53,64,53,54,55,55,63,75,65,57,71,57,61,46,47,42,37,32,32,45,43,30,39,31,46,43,39,44,32,39,26,34,19,21,19,25,23,14,14,12,6,9,6,4,2,10
J82129,8,18,24,20,19,24,33,24,35,34,40,47,28,37,44,33,40,36,42,26,22,21,22,21,28,34,33,22,16,16,26,24,22,27,18,21,32,29,28,38,36,37,35,44,41,55,36,45,38,46,52,58,57,63,52,58,56,79,69,69,68,75,58,70,60,52,59,54,51,61,61,46,73,70,71,71,87,57,64,49,56,45,31,40,37,27,39,33,21,33,18,19,24,15,10,40
J82130,93,109,96,104,101,121,153,140,161,142,169,172,187,157,184,204,185,193,175,127,108,122,136,98,133,118,127,138,122,138,143,126,137,141,137,132,147,151,163,172,165,170,164,172,197,187,177,186,152,181,174,195,177,177,156,164,178,156,181,157,170,161,153,142,125,145,123,142,107,104,105,99,116,140,112,113,138,124,105,104,94,91,70,73,70,65,69,44,56,39,36,37,37,29,29,75
J82131,30,34,53,54,42,64,45,60,44,57,62,66,53,66,65,62,55,74,46,49,47,44,51,39,46,53,40,49,54,48,43,57,58,45,62,48,66,51,64,73,53,55,62,70,73,59,68,62,55,59,77,78,81,97,89,115,107,92,89,110,120,120,93,94,96,99,105,107,104,100,85,95,81,110,113,73,104,102,72,90,62,63,52,54,46,35,54,41,40,33,40,22,17,17,10,31
J82132,39,50,72,62,70,54,66,71,65,75,67,66,82,78,71,95,68,73,79,66,47,55,65,55,72,67,74,80,63,84,90,79,87,88,100,86,95,85,102,88,76,69,79,65,99,74,83,71,77,79,88,87,93,97,87,110,101,99,114,85,103,110,105,94,84,87,81,77,71,57,85,77,68,69,80,70,83,78,50,77,62,39,46,39,56,41,39,26,39,29,25,21,22,21,14,17
J82134,92,112,137,128,120,129,153,155,162,169,146,151,160,139,146,137,149,130,154,135,113,106,139,113,126,157,145,150,161,159,167,171,181,172,177,201,211,169,200,154,153,162,151,151,139,143,140,147,140,158,152,153,167,170,181,191,183,184,156,197,192,192,190,166,168,157,160,129,131,130,123,128,123,129,133,155,147,148,129,131,94,102,95,105,73,87,76,67,59,54,45,35,44,26,23,55
J82136,44,41,59,51,40,38,49,53,50,59,48,55,57,72,65,69,86,72,53,48,43,43,53,59,64,61,62,60,52,54,63,72,57,55,56,44,56,55,64,59,66,64,70,70,71,65,76,74,85,77,96,77,100,92,86,99,77,98,92,103,99,82,89,102,79,83,76,77,77,66,66,74,43,45,67,77,70,81,42,55,45,35,33,27,38,30,25,28,22,27,18,23,4,14,2,21
J82138,78,83,86,69,89,103,103,108,87,104,95,124,109,122,89,108,109,90,96,70,64,59,75,78,77,75,87,90,90,83,87,107,112,110,112,94,98,114,115,111,125,122,139,126,129,130,111,120,127,116,148,137,138,132,126,144,152,134,129,147,153,139,142,139,136,121,123,98,92,85,80,96,105,104,100,102,131,109,76,103,72,76,44,48,54,47,46,45,42,28,22,15,19,12,18,30
J82139,33,47,49,57,56,61,70,55,70,55,78,76,71,66,75,72,91,70,58,55,62,48,41,50,63,52,45,46,60,72,62,63,50,59,65,66,56,78,67,78,82,78,73,101,81,68,73,74,96,101,98,88,109,104,96,106,155,149,131,133,115,145,139,136,118,150,125,118,124,147,123,135,140,138,161,155,184,181,126,147,124,139,83,77,86,81,90,76,66,53,45,34,34,41,37,70
J82143,48,46,68,60,60,79,77,102,92,94,111,111,109,123,131,110,108,107,88,76,59,58,72,70,80,66,67,73,69,83,70,73,81,86,86,68,104,78,86,108,122,104,128,111,134,119,104,116,144,143,116,130,147,129,137,121,136,117,121,131,141,119,111,116,101,93,93,98,83,88,99,96,97,91,95,93,110,94,95,72,75,59,64,46,55,47,39,44,35,29,26,21,19,13,6,29
J82144,135,126,153,135,145,154,143,155,160,134,131,144,147,119,142,128,117,113,121,100,111,105,131,136,164,180,210,233,236,247,226,254,263,264,304,279,252,249,254,207,196,193,197,164,159,164,149,130,170,150,142,145,153,166,158,177,174,173,166,161,169,177,134,144,127,144,128,135,105,103,121,117,93,108,103,102,115,96,76,88,75,69,53,52,61,59,48,32,41,34,27,30,26,17,8,39
J82145,48,54,55,69,60,62,90,87,92,88,74,111,86,88,111,127,113,87,94,73,74,54,65,70,90,83,74,72,90,62,81,82,89,85,121,89,95,88,90,94,109,106,109,113,119,100,107,118,105,107,110,119,115,141,124,125,130,136,139,137,138,152,146,143,135,142,134,122,118,131,121,137,116,123,124,130,143,156,92,114,93,87,77,66,60,59,67,43,30,35,39,32,31,20,12,54
J82146,15,9,24,19,11,16,18,18,25,25,27,26,24,28,27,24,33,23,24,19,22,16,16,29,17,19,24,17,12,15,21,28,33,27,22,20,27,25,22,29,30,27,35,33,39,28,37,43,25,38,41,30,37,37,33,47,50,61,55,46,44,57,53,42,44,38,43,45,40,44,44,38,37,46,34,38,50,58,38,36,37,33,24,21,25,23,22,25,19,22,24,13,8,13,5,20
J82147,25,33,45,39,41,31,40,46,54,43,58,45,63,36,41,40,47,34,42,33,33,27,31,27,42,36,25,30,32,35,36,34,56,55,57,43,51,52,37,48,51,45,51,58,61,49,33,44,41,50,38,57,54,61,55,74,63,52,73,69,72,68,57,70,47,65,49,60,50,52,49,42,43,48,55,50,53,44,45,41,39,32,23,15,25,36,25,16,12,16,6,6,9,6,3,3
J82149,78,95,101,92,112,94,108,102,106,109,111,130,99,120,93,90,106,116,80,109,84,48,72,96,93,98,119,111,130,144,146,164,155,157,145,171,157,147,159,129,124,123,126,132,109,99,101,85,103,108,94,117,96,107,103,122,95,111,114,100,80,115,85,86,67,95,86,77,75,66,70,53,68,54,57,62,52,53,59,40,31,42,30,17,29,25,19,25,20,20,15,6,14,8,4,13
J82150,35,34,50,42,49,54,53,66,43,62,59,61,68,71,65,76,68,53,47,45,46,36,50,35,46,44,39,44,53,42,39,70,47,59,57,59,53,66,55,58,44,74,62,70,66,80,71,55,72,59,73,77,79,88,92,94,107,86,92,97,96,102,98,86,83,97,85,82,74,85,101,97,96,99,86,94,126,126,71,69,84,79,61,47,48,49,44,27,25,34,30,20,21,20,12,38
J82151,9,8,9,13,23,28,23,17,24,22,28,27,25,33,27,27,25,38,21,17,26,16,20,22,9,19,24,15,9,16,23,16,17,24,18,23,28,17,29,25,24,27,30,24,28,29,34,30,28,32,32,34,29,55,32,51,49,57,37,47,43,47,48,49,43,46,48,51,48,44,51,46,45,52,33,37,35,48,35,30,30,25,24,15,26,17,25,10,17,11,10,8,8,10,8,14
J82152,25,24,37,41,24,35,39,39,52,47,37,46,33,42,54,42,54,35,40,41,32,38,36,34,35,43,44,47,47,40,68,58,51,48,64,62,48,65,51,64,42,54,49,56,47,46,37,45,35,55,46,47,65,49,54,50,67,71,80,63,67,63,69,63,68,62,65,57,51,50,41,54,53,41,53,53,67,54,31,38,41,36,26,20,20,21,21,23,14,13,10,13,11,5,6,17
J82154,143,197,195,186,191,212,190,205,247,213,219,261,234,239,222,223,228,193,184,152,164,137,152,187,194,195,193,199,239,212,214,260,257,269,272,297,316,305,274,238,240,243,277,268,238,226,242,239,212,248,248,250,275,255,260,294,273,292,260,279,243,279,268,250,226,219,198,196,178,184,143,188,160,154,167,183,178,212,134,163,143,128,128,79,102,103,90,70,53,79,48,51,40,39,34,48
J82155,311,328,311,355,346,360,386,368,423,439,383,439,408,417,399,364,384,368,316,376,366,387,356,345,441,402,435,473,455,491,507,532,523,525,548,524,503,485,528,466,460,419,468,402,354,380,350,321,372,348,348,328,386,398,333,357,381,369,393,347,371,323,317,332,293,284,292,314,261,251,245,243,220,210,196,215,232,239,200,183,141,121,108,108,92,111,95,80,63,71,57,48,52,23,14,65
J82156,23,26,40,31,22,31,27,25,26,34,25,21,35,39,32,32,36,28,21,28,26,20,33,33,39,23,30,29,46,49,45,39,45,42,42,42,49,38,41,52,37,39,31,37,43,46,33,29,48,44,31,41,55,48,56,61,67,47,52,49,76,74,53,59,52,82,57,51,58,59,52,58,63,62,49,52,70,64,41,57,35,41,39,29,47,29,34,36,16,19,20,9,17,15,10,18
J82157,56,77,71,84,81,86,89,83,91,88,86,103,95,106,105,102,91,96,92,65,77,67,57,74,83,85,85,93,107,106,119,116,98,114,110,104,121,84,102,118,94,113,108,103,114,110,99,99,105,101,136,108,137,127,126,113,121,105,118,118,109,122,112,103,109,92,102,91,108,95,99,80,89,106,99,110,108,120,91,101,80,70,82,62,97,64,53,54,37,34,34,30,32,25,19,42
J82161,40,28,36,43,38,39,58,56,53,59,47,64,71,55,53,48,54,41,38,37,44,43,47,31,40,39,48,49,32,57,41,58,62,64,74,66,72,64,65,75,62,44,59,54,80,58,61,63,59,53,52,67,78,75,63,81,85,79,88,83,99,71,92,77,90,82,72,63,69,62,70,68,55,67,77,63,82,88,56,66,67,49,36,34,38,30,30,33,24,13,18,19,7,8,9,21
J82163,58,81,85,69,89,78,69,93,104,78,80,86,83,76,68,86,90,82,80,83,81,70,80,91,86,83,92,95,92,101,99,104,110,115,127,127,100,109,107,120,103,110,86,110,85,106,95,76,88,90,87,100,104,119,123,115,121,112,118,151,130,113,123,104,118,115,117,100,102,108,102,114,96,97,101,103,117,125,91,87,82,94,61,64,69,51,39,46,41,35,37,21,24,10,14,42
J82169,46,50,51,57,51,53,52,57,69,47,53,61,60,46,46,47,48,51,43,43,36,34,40,52,51,44,43,49,59,71,67,62,72,91,73,78,62,83,76,78,73,55,72,72,70,52,60,65,54,50,49,51,48,66,46,54,54,60,42,46,45,44,44,42,42,35,45,45,38,30,46,34,31,24,33,24,34,43,17,24,18,20,10,15,16,13,16,11,12,3,8,7,2,5,0,5
J82174,44,39,49,50,56,60,77,60,71,74,74,82,61,82,77,76,69,83,66,62,54,45,54,59,52,61,63,51,58,50,64,65,69,62,76,65,79,75,73,85,66,86,93,92,74,86,73,79,83,90,89,101,101,138,110,97,116,120,128,135,130,117,124,122,104,116,99,99,83,88,92,88,95,88,84,75,78,82,50,74,59,59,52,52,37,39,26,35,26,25,26,18,17,8,5,23
J82183,15,23,33,28,20,40,22,39,21,22,26,21,28,19,30,28,28,25,24,27,23,22,26,37,42,35,47,40,43,44,34,35,42,48,37,46,55,49,34,50,28,43,53,40,43,28,42,40,28,31,42,32,32,26,33,30,33,42,37,36,33,28,32,37,34,42,40,27,31,22,22,23,25,29,20,24,29,27,31,29,18,22,14,14,10,21,18,20,7,10,13,6,6,7,8,6
J82184,26,25,19,21,21,23,31,25,23,23,17,15,20,35,24,23,22,13,18,16,19,15,22,35,29,29,22,38,40,40,34,28,36,26,34,42,21,27,33,27,29,30,23,27,32,20,19,20,27,20,29,26,21,25,26,27,28,26,33,30,31,19,29,19,24,20,27,17,18,22,25,14,10,14,8,11,15,15,11,9,6,3,7,5,11,4,5,2,1,5,3,4,3,0,2,2
J82194,51,43,58,53,63,58,70,73,82,73,70,80,67,69,87,92,74,69,66,73,51,56,68,58,68,60,82,82,82,82,79,81,91,116,94,87,97,117,104,88,80,97,89,87,82,94,68,79,85,75,87,81,92,94,102,89,118,109,88,111,98,93,90,78,89,71,73,59,72,64,56,74,50,44,62,62,64,61,49,43,42,44,25,33,44,28,23,28,37,18,22,15,16,12,9,27
J82196,70,72,69,71,70,77,87,86,109,95,85,86,103,84,96,80,106,104,79,88,82,79,78,81,89,91,95,101,115,97,106,93,115,98,133,116,110,117,105,84,115,99,94,83,102,86,64,72,56,86,88,92,107,91,90,92,108,93,91,96,97,96,106,95,79,87,85,79,88,77,73,62,58,63,70,71,80,73,70,44,46,49,35,35,28,26,47,27,29,27,23,24,18,15,16,16
J82199,63,57,51,50,44,47,35,38,37,41,39,40,29,27,20,30,22,34,266,535,573,566,585,606,566,433,409,409,319,254,186,165,148,152,118,112,118,86,73,66,66,80,44,50,46,35,26,34,29,25,23,26,31,20,22,27,24,29,25,22,20,15,27,19,17,16,13,20,22,17,13,14,13,22,25,9,13,13,9,13,8,6,9,5,13,9,4,3,3,5,2,1,2,3,0,5
J82201,11,21,26,35,36,37,35,40,44,49,42,65,56,54,56,57,62,57,48,37,30,33,41,34,24,30,20,22,23,38,24,32,41,32,37,27,51,60,42,54,51,43,60,60,59,58,66,62,70,61,68,61,49,61,44,69,65,51,67,60,70,46,60,44,52,51,54,40,55,41,40,42,40,40,44,39,48,45,27,31,38,34,24,21,21,23,19,22,19,24,16,10,12,4,5,18
J82207,46,63,43,46,43,48,45,48,47,54,54,49,53,46,58,58,48,49,42,62,65,61,105,128,152,138,128,125,138,139,134,107,96,130,109,87,102,88,98,78,84,72,95,76,94,51,68,71,71,56,54,54,55,44,56,68,57,46,46,41,44,49,50,45,35,39,38,35,35,35,36,27,40,34,33,40,29,29,24,24,24,25,17,17,13,14,18,12,12,10,7,15,11,2,5,13
J82208,34,38,34,41,31,31,47,36,38,33,44,34,38,40,36,29,32,38,32,28,27,28,34,41,49,43,53,56,64,63,65,64,61,53,55,56,60,61,58,56,58,53,55,37,48,41,39,36,40,38,40,40,53,45,40,42,45,44,34,38,34,39,33,35,36,33,33,26,20,25,24,25,17,21,15,16,28,23,22,23,20,21,10,20,8,9,14,7,10,4,7,9,5,2,3,4
J82210,23,24,26,18,22,35,31,36,35,37,34,47,40,40,56,26,37,44,37,37,38,48,29,30,41,30,40,26,41,33,33,45,37,43,44,33,48,33,38,30,44,38,40,47,39,43,40,46,38,52,53,56,61,71,71,77,77,90,80,75,86,94,69,82,81,68,75,62,72,75,67,62,72,75,85,95,79,103,83,92,68,49,49,43,46,48,47,39,36,34,21,21,16,23,16,31
J82213,26,50,35,32,48,44,49,47,40,39,37,39,50,44,38,44,49,43,42,41,21,34,29,34,39,40,50,53,53,54,49,55,63,62,65,57,54,59,48,55,57,40,58,52,48,44,47,45,54,34,36,30,45,42,32,41,38,20,29,39,29,32,22,34,25,30,25,30,20,25,18,23,24,14,18,21,17,16,13,10,7,14,12,3,7,12,3,3,8,2,1,2,4,1,2,6
J82214,46,42,73,56,61,57,46,63,63,63,54,57,61,55,50,59,38,56,42,38,34,31,46,49,40,47,45,52,52,54,58,68,70,64,54,58,57,73,83,59,66,82,71,78,69,55,65,66,71,80,71,73,68,65,64,67,61,84,62,84,66,63,64,53,59,59,46,63,50,39,64,51,50,39,60,51,51,44,31,36,35,41,36,27,18,18,27,17,23,13,7,16,11,8,5,14
J82215,24,62,44,43,58,47,62,60,74,81,72,58,80,80,69,71,88,84,56,63,54,53,54,67,69,36,52,60,56,58,50,59,59,54,82,64,58,85,65,72,83,82,85,69,70,91,81,84,77,88,83,86,89,111,97,110,74,106,93,103,104,91,95,98,92,111,81,96,79,96,99,72,90,77,108,97,110,110,78,94,82,67,53,47,53,42,43,42,31,40,21,21,26,10,16,31
J82216,44,43,51,53,59,65,67,75,85,63,92,77,87,93,64,90,78,63,61,70,43,55,55,55,54,59,59,63,64,64,59,65,72,72,74,89,94,81,90,74,87,73,99,95,101,86,82,88,99,83,76,92,115,89,78,88,108,99,94,94,103,80,109,87,67,77,88,64,62,60,77,81,74,75,89,95,84,88,63,89,68,72,49,61,61,57,42,40,36,41,33,26,24,24,9,37
J82217,0,0,0,0,0,0,0,0,0,0,0,0,0,0,0,0,0,0,1,2,1,1,4,3,5,1,3,4,3,1,3,2,8,4,8,8,4,6,3,2,3,1,4,2,3,2,2,2,3,2,1,0,0,2,2,2,2,0,1,1,0,0,0,0,0,1,0,0,0,0,0,0,0,0,0,0,0,0,0,0,0,0,0,0,0,0,0,0,0,0,0,0,0,0,0,0
J82218,113,138,148,135,129,131,140,133,121,106,119,115,107,94,111,84,82,75,86,57,54,69,54,74,97,111,129,151,142,164,152,170,167,177,174,188,192,163,152,148,158,155,144,165,139,140,135,113,131,126,103,115,109,114,94,114,111,87,108,90,103,88,84,86,83,94,71,74,65,54,54,52,70,56,51,47,43,52,39,48,29,31,27,23,18,20,19,13,17,11,6,7,5,6,8,13
J82605,13,18,15,14,14,18,18,16,10,16,10,11,13,12,16,15,17,8,21,24,28,58,59,85,88,93,85,92,58,64,77,62,69,44,52,39,42,41,30,36,33,21,28,29,17,25,18,24,26,20,19,8,14,20,8,14,9,14,15,13,11,10,7,7,9,10,8,8,14,7,9,6,6,7,9,8,10,5,7,5,8,4,6,1,4,2,4,2,5,5,2,0,2,1,3,3
J82622,178,241,250,226,250,269,282,270,314,305,322,313,320,322,320,303,294,318,249,214,211,207,206,200,231,287,290,315,268,341,316,373,318,328,355,369,348,339,376,328,331,313,315,326,315,308,257,283,298,288,283,323,298,306,303,318,284,328,307,314,286,304,256,276,258,235,241,243,168,173,203,185,199,166,185,174,191,174,137,167,128,138,120,96,87,92,81,81,69,63,45,57,52,39,26,76
J82625,19,15,21,15,22,24,31,22,21,28,26,23,21,27,30,16,29,20,17,13,11,8,22,25,27,22,19,31,22,18,28,25,24,14,24,30,23,35,19,27,28,32,23,30,23,24,31,30,32,24,34,33,25,37,34,35,38,34,34,43,42,40,35,36,32,36,39,29,30,35,30,23,33,37,30,30,37,24,34,30,20,22,21,21,12,17,14,14,12,9,7,7,8,0,5,9
J82639,77,80,88,86,78,95,101,97,119,107,115,112,100,111,92,101,104,93,82,66,86,54,71,87,79,96,92,77,76,83,104,97,91,118,102,108,113,126,104,95,109,121,111,129,127,131,121,125,139,136,109,154,129,139,149,131,140,143,143,142,161,130,133,137,146,124,129,110,109,114,129,120,120,111,111,154,139,157,118,103,99,75,58,59,59,62,47,34,34,25,25,17,12,16,8,22
J82640,25,36,34,37,31,34,34,34,36,30,48,43,35,40,40,33,39,43,36,29,27,33,28,34,40,33,31,24,40,33,42,39,41,51,45,50,35,52,48,50,49,39,42,41,48,41,27,39,39,42,34,51,42,54,54,45,45,56,54,49,47,63,47,46,52,41,50,47,31,34,35,25,39,31,33,37,37,32,30,26,31,25,24,19,10,14,13,14,12,14,7,8,7,5,6,6
J82646,71,96,86,94,104,97,112,90,104,100,124,145,139,124,123,117,137,112,102,81,84,86,75,82,94,93,104,104,100,107,114,113,111,134,143,128,139,127,148,123,96,137,113,106,103,102,85,86,89,89,90,93,107,118,109,127,126,133,128,109,117,118,118,119,116,92,82,106,70,69,72,58,51,58,65,63,55,67,55,50,54,41,39,40,42,34,25,40,20,17,15,16,16,14,5,13
J82663,23,20,15,18,20,16,17,23,21,24,30,17,20,18,19,20,20,24,106,244,238,194,286,379,300,164,131,94,75,63,77,60,68,55,43,50,43,39,44,48,37,28,31,23,35,23,23,34,24,18,21,21,26,27,26,17,19,25,16,17,20,18,15,17,19,17,19,13,15,18,12,17,16,16,18,17,10,15,11,10,7,5,10,7,7,5,8,8,4,3,0,0,1,2,1,2
J82669,52,55,58,67,64,71,82,83,65,71,75,64,71,77,64,64,65,74,53,55,41,43,50,47,74,60,71,55,57,64,86,64,81,66,74,87,63,75,75,69,78,81,56,73,71,57,53,48,49,56,52,72,57,57,64,51,46,46,53,55,47,55,53,47,51,49,42,48,48,39,38,41,51,25,30,33,39,37,25,18,21,19,17,12,10,17,11,12,12,9,3,7,4,5,1,4
J84003,19,25,32,16,18,21,19,29,33,42,33,35,42,32,43,35,40,46,34,38,28,30,30,19,39,29,28,32,41,22,29,26,30,46,41,41,38,42,28,37,31,39,41,44,58,44,27,45,43,49,41,53,47,63,74,67,71,75,62,61,74,67,88,69,82,81,70,92,63,79,73,62,68,70,74,62,75,94,55,61,52,51,31,32,31,25,18,24,14,15,14,13,14,14,11,19
J84004,24,39,26,30,25,35,38,31,45,51,46,54,35,37,51,45,43,46,44,40,36,47,38,37,51,45,42,69,48,41,52,52,44,56,50,63,52,52,59,38,53,55,54,57,54,48,35,58,50,41,58,55,68,63,44,48,70,84,58,68,64,66,57,63,61,58,66,72,51,64,66,55,76,51,77,55,87,79,58,58,49,38,38,25,22,30,20,16,17,12,7,6,7,2,4,19
J84005,20,20,19,27,22,23,35,40,34,40,42,43,35,43,47,50,44,37,32,37,38,31,34,27,31,39,36,41,45,40,45,42,39,49,44,38,35,44,38,47,47,43,45,60,51,50,58,55,51,63,72,70,71,77,73,72,72,82,72,78,67,76,60,65,78,75,58,71,65,67,60,66,69,60,61,67,65,67,62,57,54,56,34,27,41,37,34,25,18,23,26,13,12,11,8,17
J84007,13,13,10,18,17,18,16,28,26,30,27,32,25,20,30,30,32,24,22,24,21,12,9,18,13,16,13,15,20,19,20,16,13,20,24,17,22,27,23,25,43,23,19,32,30,29,32,28,27,33,35,34,35,58,46,47,51,47,51,56,45,46,72,53,56,59,62,70,70,69,62,66,68,64,60,70,85,84,56,61,50,62,44,40,39,34,22,33,36,29,25,18,21,15,14,31
J84008,13,19,11,18,18,21,29,16,22,30,28,21,40,27,30,28,30,27,24,27,21,25,24,18,22,29,20,30,20,29,14,23,33,33,21,23,38,25,23,33,27,23,23,28,35,36,31,25,32,35,32,32,39,41,30,31,50,46,49,61,38,40,47,35,48,42,27,45,34,31,27,26,43,23,35,37,36,36,29,28,27,28,28,25,24,21,12,14,10,11,7,10,8,2,4,7
J84011,95,121,117,127,121,131,154,150,142,159,146,160,137,139,162,118,113,149,121,122,104,93,81,101,127,128,135,152,169,173,170,187,181,190,162,187,180,178,184,170,137,140,139,152,153,131,136,122,152,149,152,152,167,162,189,190,175,178,193,184,153,169,184,141,141,134,140,140,143,146,131,129,132,133,148,134,150,127,116,112,111,121,69,73,78,63,59,44,41,44,47,35,25,19,16,40
J84012,52,54,64,73,48,78,62,62,79,64,80,80,83,94,93,76,94,76,77,56,63,61,75,66,62,82,71,80,92,93,88,97,101,92,85,76,96,94,80,79,91,74,78,86,80,69,78,97,83,78,79,102,89,101,104,124,116,117,113,111,106,108,122,109,97,100,104,99,85,93,106,74,63,80,87,87,97,94,72,89,41,66,29,37,46,39,39,19,27,20,17,12,10,9,6,28
J84013,63,76,100,77,98,85,110,120,112,111,124,124,130,129,119,105,140,120,118,101,95,92,93,103,126,129,134,126,126,147,118,139,151,152,118,131,155,143,142,127,132,134,141,131,146,137,120,136,135,151,154,171,171,184,193,228,219,234,230,243,244,240,270,253,245,226,221,208,231,235,252,233,222,222,214,205,224,226,188,188,156,156,131,99,105,87,90,80,69,60,51,56,42,36,25,53
J84015,45,56,51,55,73,77,87,75,82,89,82,87,101,78,95,96,78,88,80,62,46,52,52,69,61,76,69,57,83,79,98,82,91,84,109,98,95,94,80,109,108,83,87,106,111,88,105,87,84,83,97,111,125,124,107,114,141,141,133,112,127,114,112,127,95,106,104,103,97,95,100,98,86,95,87,110,113,103,76,98,77,79,66,45,57,43,46,43,43,32,31,19,28,16,14,25
J84016,16,16,17,16,17,14,19,20,24,35,29,27,25,31,26,23,22,28,31,28,31,23,21,24,10,22,17,23,23,18,18,22,18,26,23,26,24,33,26,26,26,26,26,41,19,43,22,26,32,28,32,42,47,58,59,61,47,59,66,60,61,62,57,68,60,71,62,68,57,74,66,70,55,51,51,81,84,69,47,53,45,37,36,21,27,21,18,18,26,23,12,17,8,3,6,20
J84017,16,31,37,30,30,35,49,27,48,40,32,48,50,52,47,49,42,63,48,55,32,23,32,37,38,37,44,31,50,41,47,43,54,44,67,61,42,51,69,54,47,48,47,47,32,58,35,37,38,43,61,59,66,69,69,67,70,61,79,81,77,77,74,82,73,59,50,62,54,57,60,58,63,67,61,72,69,58,43,68,50,44,33,39,39,31,47,32,28,20,14,15,15,15,8,20
J84019,28,31,40,35,38,35,34,36,32,34,32,37,54,37,32,38,42,33,42,40,26,33,44,33,33,49,45,43,29,55,49,43,44,51,60,47,39,48,38,39,34,39,50,52,57,52,34,34,49,62,62,61,74,65,76,96,90,99,72,117,109,108,97,111,118,102,91,102,105,103,108,112,138,114,103,108,143,126,101,92,98,83,60,68,63,61,53,35,43,35,26,28,25,16,11,46
Y01281,22,18,18,14,17,21,8,17,15,26,12,20,21,23,19,21,31,22,22,12,23,13,18,9,10,21,13,23,20,23,20,32,26,31,20,24,32,18,27,23,27,21,22,24,19,19,23,16,22,28,22,29,28,31,36,19,37,41,41,32,36,38,38,43,33,20,41,34,27,30,22,33,30,32,27,30,45,32,34,36,26,28,26,28,19,21,20,24,18,19,11,9,5,9,7,6
Y02526,0,0,0,0,0,0,0,0,0,0,0,0,0,0,0,0,0,0,0,0,0,0,0,0,0,0,1,0,1,1,2,1,0,0,1,0,1,0,0,1,1,1,0,0,0,0,0,1,0,1,0,0,0,1,2,1,1,0,0,0,0,0,0,0,1,0,0,1,0,0,0,0,0,0,0,0,0,0,0,1,0,0,0,0,0,0,0,0,0,0,0,0,0,0,0,0
Y07014,56,63,78,85,73,85,81,100,100,92,93,83,122,104,95,96,102,92,85,62,60,55,63,74,64,76,83,93,79,81,95,96,106,93,133,118,105,103,113,112,102,111,105,108,114,95,82,81,71,83,80,94,83,88,85,82,65,76,83,61,71,68,59,54,57,61,54,39,34,52,45,46,42,42,54,52,58,47,42,43,36,32,33,28,14,20,21,12,10,10,10,6,7,8,3,10
Y07819,0,0,0,0,0,0,0,0,0,0,0,0,0,0,0,0,0,0,0,0,0,0,0,1,0,0,0,2,0,0,0,0,2,0,0,0,0,0,0,0,0,0,0,0,2,0,1,0,0,0,0,1,0,0,0,0,0,1,0,0,0,0,0,0,0,0,0,0,0,0,0,0,0,0,0,0,0,0,0,0,0,0,0,0,0,0,0,0,0,0,0,0,0,0,0,0
