ICB name,GP code,GP name,Asthma: QOF prevalence,Bowel cancer screening coverage: aged 60 to 74 years old,Breast screening coverage: aged 53 to 70 years old,CHD: QOF prevalence,CKD: QOF prevalence,COPD: QOF prevalence,Cancer: QOF prevalence,Cervical screening coverage: aged 25 to 49 years old,Cervical screening coverage: aged 50 to 64 years old,Children who received at least 1 dose of MMR vaccine between the ages of 1 and 1.5 yrs,Dementia: QOF prevalence,Depression: QOF incidence - new diagnosis,Deprivation score (IMD 2025),Diabetes: QOF prevalence,Hypertension: QOF prevalence,"Last BP reading of patients (80+ yrs, with hypertension), in the last 12 months is <= 150/90 mmHg (denominator incl. PCAs)","Last BP reading of patients (<80 yrs, with hypertension), in the last 12 months is <= 140/90 mmHg (denominator incl. PCAs)",Learning disability: QOF prevalence,Mental Health: QOF prevalence,Obesity: QOF prevalence (new definition),Osteoporosis: QOF prevalence,"Patients (aged 45+ yrs), who have a record of blood pressure in the last 5 yrs (denominator incl. PCAs)",Patients with diabetes and a history of CVD (excl. haem. stroke) treated with a statin (denominator incl. PCAs),People with type 2 diabetes who have received an annual foot check,People with type 2 diabetes who received a cholesterol check,Smoking: QOF prevalence,Stroke: QOF prevalence,Weighted population
North East and North Cumbria ICB - 00L,A84002,The Rothbury Practice,8.2272,81.0959,84.5133,5.117,8.7514,2.6641,7.6023,75.8929,78.9474,93.5484,0.7472,0.873,16.059,8.4484,25.4386,72.8395,53.1438,0.6335,0.9422,10.8324,0.3061,89.9551,76.8421,75.3247,92.2078,6.2658,3.2651,6804
North East and North Cumbria ICB - 00L,A84005,Bedlingtonshire Medical Group,8.9314,79.0323,79.2285,3.7185,7.1401,2.7947,4.243,78.2609,81.2,94.3089,0.9551,1.862,23.014,9.9515,19.1248,84.1379,65.5877,0.9316,0.7515,19.1335,0.3889,90.561,85.4795,76.2162,93.5135,9.869,2.5912,14358
North East and North Cumbria ICB - 00L,A84006,Alnwick Medical Group,7.8417,82.0043,78.7053,4.6179,6.0427,2.4572,5.8253,72.5664,76.0095,86.2595,1.1968,0.467,16.23,8.5895,21.7391,77.8431,69.7245,0.6037,1.1651,17.8605,1.0187,89.8677,82.0268,70.3252,86.9919,9.3819,3.0186,21628
North East and North Cumbria ICB - 00L,A84007,Ponteland Medical Group,6.2696,78.8419,78.5714,3.9907,6.428,1.3116,6.0558,76.4706,81.7778,90.0,1.1721,0.642,8.105,6.8008,18.8651,79.2642,67.6224,0.5209,0.5581,11.3137,0.6542,88.6398,81.1245,75.4717,90.566,5.688,2.986,11085
North East and North Cumbria ICB - 00L,A84008,Belford Medical Practice,7.844,80.0,76.3636,4.5343,4.1948,2.645,6.846,81.7204,80.1724,100.0,0.6668,0.724,20.812,8.825,23.8942,70.412,65.3465,0.3112,0.689,16.2797,0.1062,90.0263,82.7273,60.0,96.6667,9.5261,3.5119,5263
North East and North Cumbria ICB - 00L,A84009,Railway Medical Group,7.7371,73.4824,72.3642,4.0717,7.2247,3.0093,4.2197,65.0575,68.5345,94.9091,0.8588,1.937,34.281,10.3104,18.1744,79.0941,59.9654,1.1327,1.3955,18.448,2.3025,84.806,83.8184,75.2525,85.6061,15.2068,2.6392,35432
North East and North Cumbria ICB - 00L,A84011,White Medical Group,7.4793,82.3881,78.7037,3.6244,5.1879,1.2622,5.9518,80.7018,84.3023,88.8889,1.239,1.586,8.228,6.7887,19.2219,87.1622,74.7533,0.5327,0.6484,11.2477,4.717,89.234,84.9711,86.3636,94.3182,4.6881,2.7327,7938
North East and North Cumbria ICB - 00L,A84013,The Gables Medical Group,7.8969,73.1092,74.8428,5.1973,5.993,4.1673,4.4842,70.8108,74.4,100.0,1.9331,0.853,31.499,11.4936,19.5215,78.5124,71.6162,0.919,1.3944,25.5818,0.2154,88.8642,86.8421,69.8113,91.5094,15.8875,2.8205,8064
North East and North Cumbria ICB - 00L,A84014,Marine Medical Group,8.0629,74.0586,75.8958,4.5104,6.1051,3.361,2.7863,75.772,75.2066,94.9045,1.1276,0.18,32.244,9.7669,18.7909,79.4816,69.1981,0.9821,1.0112,19.2353,1.4382,90.8313,83.2569,76.9231,87.6923,13.5505,2.6335,16867
North East and North Cumbria ICB - 00L,A84016,Prudhoe Medical Group,7.9044,80.4598,67.9348,3.3918,5.4597,2.4786,4.102,78.9474,80.2632,91.3793,1.0291,1.796,14.933,8.0897,19.1767,86.9388,72.449,0.8552,0.8697,17.4462,1.8476,90.4157,90.2857,89.0244,93.9024,10.433,2.1597,6703
North East and North Cumbria ICB - 00L,A84018,Corbridge Health Centre,7.4812,82.5613,78.481,4.2699,5.6576,1.7107,7.0754,81.5951,81.1765,97.4359,1.3686,1.467,11.875,5.9854,18.4617,78.2946,63.7214,0.4927,0.8622,11.4442,1.0021,87.1348,81.7518,80.0,90.7692,5.6516,3.5719,7890
North East and North Cumbria ICB - 00L,A84020,Guidepost Medical Group,9.7494,76.7164,74.8837,5.4263,7.5798,4.3559,5.7996,75.0,75.5952,98.1132,1.369,2.551,26.789,11.5119,22.9496,83.4123,78.7623,0.9708,1.1699,22.8887,1.0132,88.7537,78.6441,83.9161,93.7063,11.8688,3.6465,10599
North East and North Cumbria ICB - 00L,A84022,Coquet Medical Group,9.4686,80.6291,76.0204,5.2363,7.2648,3.173,6.2392,77.2277,74.0741,96.4706,1.1097,1.668,23.979,10.3939,22.1537,67.632,53.6053,0.8714,0.9864,14.2968,0.4793,85.6214,78.972,66.8421,88.9474,13.5293,3.5512,14893
North East and North Cumbria ICB - 00L,A84024,Burn Brae Medical Group,8.9178,81.1947,73.8095,3.9325,6.5891,2.417,6.8099,80.4348,82.1918,93.5484,1.5154,1.037,13.966,7.3462,21.5711,77.5338,66.8075,0.9783,0.9783,11.2517,1.291,89.355,83.9081,80.0,90.9091,9.045,3.1652,11007
North East and North Cumbria ICB - 00L,A84025,Cramlington Medical Group,8.7869,75.0,77.0492,4.463,7.3297,4.2407,4.6481,79.7468,74.3902,93.0233,1.5556,0.812,22.054,10.2781,22.3333,81.2808,70.8873,1.0556,1.2593,19.4858,0.672,88.8848,83.7079,75.7576,93.9394,13.8215,2.7037,6498
North East and North Cumbria ICB - 00L,A84026,Well Close Medical Group,8.8372,76.8844,76.8293,5.321,5.9553,3.8411,5.4298,73.516,67.4286,98.0769,1.284,0.336,23.028,9.084,20.9032,71.3684,58.5754,0.7182,1.1861,16.8454,1.1551,89.0368,87.7698,91.2698,92.8571,13.8192,3.2862,10938
North East and North Cumbria ICB - 00L,A84027,Bellingham Practice,8.7181,79.7872,73.3333,3.8843,4.8044,2.2196,5.5491,83.3333,80.8989,96.1539,0.7886,0.549,23.585,9.4397,23.4521,74.8634,64.8387,0.5841,1.139,19.7666,0.9553,90.0326,80.5195,86.6667,93.3333,10.6454,3.1542,3531
North East and North Cumbria ICB - 00L,A84028,Seaton Park Medical Group,8.7133,74.7599,72.5,5.0679,4.9608,3.1522,4.7841,70.8995,72.4796,93.9394,1.0389,1.517,33.74,10.9329,19.0199,84.4444,77.128,1.272,1.2923,21.814,1.2575,87.8691,83.3856,60.1911,89.4904,16.315,2.9799,24640
North East and North Cumbria ICB - 00L,A84029,Northumberland Health,8.0829,78.0083,77.8523,4.398,6.0418,2.6998,5.2253,72.5664,76.2376,89.2857,0.4354,0.878,18.958,9.9514,22.4254,79.0576,68.534,0.9144,0.4572,14.33,0.2395,88.8242,84.9673,65.6716,83.5821,10.8674,2.4603,5494
North East and North Cumbria ICB - 00L,A84030,Village Medical Group,9.0527,78.1579,79.2969,4.3678,5.7319,2.6525,4.9691,76.0,79.1045,98.9691,1.0345,0.49,19.579,10.0801,19.3811,88.2845,80.4551,0.6101,0.8576,23.4072,0.8507,91.9128,85.4396,89.697,96.9697,9.0778,2.9797,12779
North East and North Cumbria ICB - 00L,A84031,Greystoke Surgery,7.4714,81.4969,88.4013,4.4658,6.5025,2.3028,5.9109,87.6404,89.916,98.75,1.1281,0.916,13.704,7.0711,17.9377,83.1014,74.525,0.6153,0.7645,16.582,0.4926,86.9162,85.8974,92.8571,98.2143,5.8459,3.2445,11133
North East and North Cumbria ICB - 00L,A84033,The Sele Medical Practice,7.9957,81.7518,79.1908,4.1012,5.8515,2.1018,5.9638,78.8732,84.252,96.6667,1.4183,1.352,14.199,7.377,16.3021,85.214,82.4964,1.35,1.2474,15.2946,2.19,88.225,80.7143,77.0492,93.4426,8.9331,3.6569,6387
North East and North Cumbria ICB - 00L,A84034,Haltwhistle Medical Group,8.6655,79.1045,73.7805,5.5146,7.5452,4.0057,6.6104,81.25,80.1724,91.8919,1.0059,2.869,23.021,9.9434,23.9626,79.8722,69.7356,0.5209,1.1137,22.2954,2.1235,91.3307,84.8649,87.6543,95.0617,11.8068,3.7004,6644
North East and North Cumbria ICB - 00L,A84035,Riversdale Surgery,8.3099,81.323,78.0488,4.1478,6.5147,1.5113,5.2393,76.3975,76.1905,95.0,0.89,0.585,14.308,8.1759,18.3711,76.3699,66.8329,0.487,0.7053,16.1154,0.1644,86.0526,87.6543,84.9315,94.5205,9.9379,3.241,6435
North East and North Cumbria ICB - 00L,A84036,Valens Medical Partnership,8.5966,77.4887,75.1714,4.5178,6.0425,2.987,4.5379,72.9941,73.904,96.3303,0.8713,0.795,26.775,9.5907,19.9084,81.8548,70.3135,0.7583,1.2242,19.9322,3.0604,85.6568,85.4957,79.9699,89.006,13.471,2.7006,57950
North East and North Cumbria ICB - 00L,A84037,Netherfield House,8.9526,75.502,76.9697,4.5122,6.548,3.1968,4.8452,78.7356,80.597,96.1539,0.5328,0.475,23.433,10.2364,19.2308,87.2549,70.9779,0.3497,0.7659,16.8942,0.2055,94.328,87.9781,79.1209,95.6044,10.4438,2.9637,7063
North East and North Cumbria ICB - 00L,A84038,Forum Family Practice,9.7463,80.8581,81.9095,3.914,6.7003,2.9161,4.8786,78.5714,80.0,92.233,1.0866,1.174,18.487,9.3236,20.7451,87.9154,72.3377,1.1309,1.2086,19.7189,2.3129,93.1423,84.0816,91.1504,95.5752,7.8146,2.6832,9819
North East and North Cumbria ICB - 00L,A84039,Gas House Lane Surgery,7.5041,83.0128,85.0746,3.6267,5.51,0.9764,5.3145,78.0105,82.4324,95.7746,1.0322,0.368,13.616,6.9474,16.3342,78.9668,59.0,0.7393,0.9485,12.1755,0.6464,87.5885,85.3147,79.7101,94.2029,4.9361,2.6364,7136
North East and North Cumbria ICB - 00L,A84040,Humshaugh & Wark Med Grp,8.4092,82.9787,75.4237,4.596,6.4637,2.6347,7.3478,76.6234,80.2326,91.6667,1.0246,1.094,19.624,8.4068,20.5796,87.5862,80.6452,0.5562,0.7611,21.3406,1.926,91.1982,83.5165,82.8571,94.2857,10.0366,3.5714,3722
North East and North Cumbria ICB - 00L,A84042,Scots Gap Medical Group,7.5779,80.3571,80.2817,4.4527,6.7797,1.9481,6.6327,76.087,79.2453,77.7778,0.6957,0.53,17.909,8.0357,19.3878,86.7257,73.1148,0.2319,0.603,14.9894,0.6334,90.7962,83.6066,84.6154,100.0,7.3635,2.7365,2140
North East and North Cumbria ICB - 00L,A84044,Union Brae & Norham Prac,8.8381,75.9644,75.814,4.8356,4.6244,3.3027,5.5323,67.0157,70.3226,85.7143,1.4632,0.651,23.129,10.0082,19.4537,73.7805,65.2622,0.6689,0.8779,18.2304,0.2722,86.315,78.0488,82.7273,94.5455,13.9617,3.456,7787
North East and North Cumbria ICB - 00L,A84045,Haydon Bridge & Allendale Medical Pract,7.847,79.3706,70.2247,3.7854,5.7846,1.9783,5.992,79.661,78.3582,81.25,1.2745,0.687,20.376,8.0613,23.3403,82.1705,68.421,0.7228,0.9511,15.1817,0.9908,90.8371,77.5194,77.9412,94.1176,8.8336,3.2338,5619
North East and North Cumbria ICB - 00L,A84047,Branch End Surgery,8.689,83.4783,79.3548,3.6461,4.7203,1.5547,6.0337,80.7692,84.9624,96.1539,1.5177,1.049,11.374,6.4983,19.3781,80.8511,67.451,0.8699,0.7403,13.3304,2.0202,90.3822,85.9813,88.2353,96.0784,5.8365,3.0909,5304
North East and North Cumbria ICB - 00L,A84604,Wooler Health,8.9016,79.5848,77.907,5.2352,7.7503,2.9448,6.4622,77.2277,75.8621,94.7368,0.7362,1.437,21.775,9.8719,25.6237,79.078,72.5026,0.6339,0.7566,19.1991,0.431,88.7097,83.8323,91.5493,97.1831,10.9815,3.1697,5544
North East and North Cumbria ICB - 00L,A84614,The Adderlane Surgery,9.3525,74.6479,50.9804,4.7532,4.3771,2.6508,3.4735,78.3333,82.9268,100.0,0.8227,2.357,18.581,9.2113,14.9452,82.6667,73.4127,0.6856,1.3254,13.7486,0.6129,90.6956,85.7143,64.2857,96.4286,13.4015,2.6965,2242
North East and North Cumbria ICB - 00L,A84619,Elsdon Avenue Surgery,8.3127,77.9141,75.4902,4.1268,6.5968,3.2175,4.1968,79.562,78.2051,86.4865,1.5855,0.651,19.759,9.2841,18.4192,84.9057,70.9984,0.443,1.0026,20.8097,0.2139,90.1593,85.8268,81.4815,96.2963,13.0792,2.8445,4602
North East and North Cumbria ICB - 00N ,A88001,Victoria Medical Centre,5.2601,68.9076,69.4444,4.1347,6.1424,3.0394,3.9704,77.4194,78.5714,100.0,1.6977,1.114,26.275,8.8235,16.1281,93.4783,86.4745,0.9584,1.0405,21.161,0.4798,90.6305,86.0465,80.7692,94.2308,15.332,2.8204,4404
North East and North Cumbria ICB - 00N ,A88002,Farnham Medical Ctr.,7.4424,70.0627,72.0195,4.1578,5.2194,3.7615,4.6901,75.4579,74.4966,93.3775,1.2657,1.562,36.628,9.1649,15.679,81.7844,73.3554,0.828,0.9759,17.1618,3.4926,90.408,79.3578,79.2035,89.3805,17.8011,2.3007,21370
North East and North Cumbria ICB - 00N ,A88003,Marsden Rd. Health Centre,7.654,76.9928,77.0053,4.0748,6.4762,3.5014,4.8888,77.7542,75.0903,93.2643,1.1073,1.627,31.674,8.794,19.5291,76.0045,62.6472,0.7265,0.9848,17.157,2.1167,87.0793,81.8056,74.5875,91.7492,14.6648,2.3372,23065
North East and North Cumbria ICB - 00N ,A88004,Mayfield Medical Group,7.7983,72.9231,69.3694,4.1413,6.7848,3.2776,4.9385,74.7368,74.7126,90.6667,1.0409,2.925,31.634,9.4381,18.514,88.0,77.9155,0.8083,1.2402,20.629,0.4299,86.3872,89.8693,80.4878,95.122,13.3194,2.4693,11549
North East and North Cumbria ICB - 00N ,A88005,Wenlock Road Surgery,6.54,66.6667,68.0412,4.4154,4.049,4.3478,3.4467,69.5313,68.5714,97.8261,0.7209,3.08,39.937,12.0888,16.3325,87.6033,78.4768,0.6533,1.0363,21.2147,0.412,91.6279,82.8125,84.4156,90.9091,17.8415,1.9148,5550
North East and North Cumbria ICB - 00N ,A88006,Talbot Medical Centre,7.5929,70.8861,70.8134,4.7224,8.3294,5.1436,4.8373,74.477,78.2895,93.6508,0.8424,2.027,38.931,10.3421,16.2093,80.3347,72.5509,0.753,1.1487,21.9636,0.7151,91.944,83.8951,83.0508,92.3729,16.6084,2.7441,10286
North East and North Cumbria ICB - 00N ,A88008,Trinity Medical Centre,7.1874,72.0833,75.0,4.4337,5.4853,3.7959,4.3715,67.5127,74.0385,92.6471,0.5445,4.295,39.786,9.2929,18.0149,87.4372,74.9739,0.6223,1.3846,19.1335,0.2697,89.2942,87.931,83.1461,92.1348,17.6904,2.3024,8405
North East and North Cumbria ICB - 00N ,A88009,Dr Thorniley-Walker & Partners,6.5111,76.0163,78.3133,3.2836,5.4498,2.3715,5.34,78.2609,77.7778,92.3077,0.7629,1.783,20.306,7.8901,17.4461,83.3333,76.9521,0.6468,0.6965,16.7101,0.5536,89.2868,85.1852,85.7143,92.8571,10.3009,2.4378,6568
North East and North Cumbria ICB - 00N ,A88010,Albert Road Surgery,7.8947,70.2479,71.9512,4.5361,6.8198,4.5069,5.0922,79.5699,82.2581,96.6667,1.0828,3.569,32.039,11.6539,20.6614,89.781,76.0984,0.6731,0.9365,23.1449,0.5859,93.2005,87.8049,85.2459,96.7213,12.5213,2.1364,4272
North East and North Cumbria ICB - 00N ,A88012,Ellison View Surgery,7.4068,71.1934,68.7117,4.0999,5.6818,3.3559,4.3809,77.1574,70.0855,98.2143,0.5621,2.541,26.471,9.0928,15.9861,88.2716,77.5155,0.7109,1.0415,17.9339,0.2402,92.0584,83.2258,80.5195,92.2078,13.5408,2.2152,7541
North East and North Cumbria ICB - 00N ,A88013,Central Surgery,8.1677,70.6731,72.2353,3.4141,5.0755,3.0956,4.1136,74.3865,71.3396,92.1348,0.7413,1.789,31.965,8.4969,14.8883,82.7181,65.5142,0.7465,1.2529,18.0228,0.2203,83.9127,77.8481,78.7611,88.9381,15.689,1.9054,22983
North East and North Cumbria ICB - 00N ,A88014,West View Surgery,5.6818,66.6667,62.7451,3.404,5.0722,3.925,2.7093,71.0526,76.1905,92.3077,0.2779,0.742,40.626,7.6202,12.1223,94.8276,77.3196,0.6947,1.1115,12.5361,0.3363,82.8518,82.7586,74.2857,100.0,21.0759,1.5978,3313
North East and North Cumbria ICB - 00N ,A88015,St George & Riverside Medical Practice,6.905,69.2308,68.7117,3.8316,6.2542,3.6158,4.0475,71.4953,73.7705,93.5484,0.9984,1.73,39.727,9.7065,16.1765,83.7104,69.5297,0.9984,1.4031,19.5775,0.1747,89.7467,85.9813,69.9029,93.2039,18.0153,1.8484,8742
North East and North Cumbria ICB - 00N ,A88016,Colliery Court Medical Group,7.3317,78.3333,77.8846,4.8132,7.8088,2.4187,5.1639,79.0323,75.5952,96.7213,0.6893,3.222,19.656,9.1418,21.3206,86.5169,74.5558,0.8223,1.1851,18.8249,2.9554,88.5417,85.7708,79.0476,95.2381,10.0816,2.334,8904
North East and North Cumbria ICB - 00N ,A88022,The Glen Medical Group,6.7115,75.0,70.2041,3.4693,5.1492,2.8059,3.9444,77.5862,76.2431,94.8905,0.8965,2.212,25.658,8.5594,14.8185,77.9783,66.1337,0.8158,0.8606,19.894,0.3098,91.2489,83.9552,67.1875,91.4063,13.9448,1.9632,12421
North East and North Cumbria ICB - 00N ,A88023,Whitburn Surgery,7.7074,78.5714,77.7778,4.6157,7.6331,3.1826,5.6579,78.9116,79.661,90.2439,0.8003,1.699,17.796,8.9266,19.7841,79.5082,63.0037,0.5211,0.8934,17.3726,2.9635,89.3697,90.4762,78.0822,89.0411,8.1875,2.2706,5879
North East and North Cumbria ICB - 00N ,A88025,The G.P.Suite,7.7177,72.1393,71.9697,5.4492,8.4645,4.5144,4.8564,75.0,74.7475,88.4615,1.6644,1.167,34.055,10.8492,20.7934,85.6287,74.6309,1.0032,1.0488,22.0836,0.4587,89.6652,85.2941,75.7143,94.2857,15.2366,2.736,6151
North East and North Cumbria ICB - 00N ,A88601,Imeary Street Practice,8.4701,76.6467,79.8165,4.1476,4.7893,3.3226,4.1017,73.8806,81.9277,90.0,0.7333,2.299,32.673,8.3084,18.7901,86.9863,78.0415,1.0541,0.8478,21.1275,0.161,91.6041,84.8485,74.0741,96.2963,12.2634,2.0165,4892
North East and North Cumbria ICB - 00N ,A88608,Ravensworth Surgery,6.0816,71.4932,71.223,4.1716,4.3577,3.7006,4.5753,75.8427,77.0642,100.0,0.942,2.96,33.83,9.915,16.5854,81.8628,66.3683,1.0093,0.9756,16.3001,0.9976,90.0527,86.1702,78.8235,92.9412,14.8995,2.6072,7465
North East and North Cumbria ICB - 00N ,A88613,East Wing Practice,7.3213,68.8889,70.0,4.0639,9.912,3.688,4.2988,75.5725,69.863,97.8723,1.5034,0.645,34.652,9.6037,15.8093,86.014,74.717,0.9631,1.1745,20.5865,0.2885,89.861,72.2628,76.7857,89.2857,16.8776,2.4665,5619
North East and North Cumbria ICB - 00P ,A89001,Deerness Park Medical Group,8.2435,71.7895,67.3981,4.0812,5.1542,3.859,3.896,65.7407,72.0165,94.6154,0.9407,2.749,42.836,9.2947,19.4134,75.9917,71.3352,1.2147,1.4592,19.6137,0.8794,90.1977,88.4058,71.1111,88.8889,15.2685,2.3702,18194
North East and North Cumbria ICB - 00P ,A89002,Riverview Surgery,4.8431,64.3216,62.6984,3.0611,3.956,3.8621,2.4746,60.084,71.6981,93.1035,0.4291,0.524,47.743,8.8048,15.2625,78.6207,61.6052,1.13,1.2302,14.3702,0.2646,83.644,90.3615,69.4737,73.6842,20.1409,1.7594,9342
North East and North Cumbria ICB - 00P ,A89004,Hetton Group Practice,6.4725,73.6211,68.8811,5.2462,8.142,3.4354,4.5185,76.0218,76.8182,87.8788,1.1846,3.507,36.617,9.9969,21.0611,80.8349,65.5454,1.3031,0.9054,22.2234,0.9406,89.8811,87.9487,74.1176,85.8824,13.9207,2.7077,14682
North East and North Cumbria ICB - 00P ,A89005,Villette Surgery,7.0597,75.7709,77.7778,5.019,7.8265,3.6172,5.071,66.8712,72.8972,88.3721,1.4365,1.701,37.33,9.7863,21.5819,87.9859,70.2282,1.2634,1.2461,21.0974,1.0212,89.986,91.2821,69.8795,93.9759,12.6404,2.9941,7664
North East and North Cumbria ICB - 00P ,A89006,Wearside Medical Practice - Pallion,5.6205,66.2037,67.1053,3.7734,3.9609,2.895,3.4269,65.3333,71.1111,93.5065,0.631,3.681,38.687,9.077,16.6893,83.7321,71.1404,0.8908,1.0392,24.4331,0.9277,93.0756,92.228,73.8318,90.6542,14.6088,1.5588,9323
North East and North Cumbria ICB - 00P ,A89007,Pallion Family Practice,6.0581,73.5294,75.5274,4.9643,4.6934,2.7447,4.4094,68.9266,78.4211,98.8506,0.7333,3.06,35.083,10.1299,21.3932,73.3167,62.7418,0.9116,1.1098,15.6284,0.2483,87.7124,90.0356,76.2821,88.4615,13.0768,2.0908,12342
North East and North Cumbria ICB - 00P ,A89008,Red House Medical Centre,5.3903,66.4706,69.2913,4.0224,5.6453,3.6977,3.7157,67.4286,77.8846,94.9153,0.8297,0.615,45.193,9.832,20.7973,71.2821,60.334,1.2987,0.9921,17.0499,0.2422,91.0479,89.0511,65.3846,89.7436,19.6739,2.2908,6752
North East and North Cumbria ICB - 00P ,A89009,Herrington Medical Centre,6.791,76.6355,77.2926,3.7443,5.0314,2.4301,4.3075,80.3797,79.3478,96.5217,1.408,1.699,24.471,8.3409,16.6458,78.4575,71.7213,0.897,0.7301,19.2629,0.2308,90.6872,83.7963,65.7658,91.8919,11.3876,2.1172,9861
North East and North Cumbria ICB - 00P ,A89010,Dr Stephenson & Partners,7.0148,76.9392,75.4777,4.5851,2.4866,3.1029,5.0086,78.3784,81.0127,98.2609,0.7737,0.991,29.457,10.7646,18.6334,87.7323,84.9143,0.6515,0.847,27.0953,0.1947,93.2503,87.6923,79.3814,92.7835,12.7929,2.4432,14925
North East and North Cumbria ICB - 00P ,A89011,Joshi Na,6.8283,75.7396,75.6757,3.8574,4.9347,3.7948,4.9416,74.026,78.5714,97.7273,1.0425,2.037,26.884,10.0747,16.6389,84.8837,71.885,1.1051,1.4595,19.295,0.5155,91.4865,87.8788,82.4324,86.4865,12.4058,2.0225,5399
North East and North Cumbria ICB - 00P ,A89012,Galleries Medical Practice,7.8211,76.6827,72.7642,4.2039,2.6167,3.4483,4.3603,75.7979,74.5763,94.1861,0.6428,4.039,29.278,9.6349,18.5269,81.3559,65.2609,0.7817,0.8773,21.4767,0.6777,90.9514,89.9254,66.25,90.0,15.8141,2.1888,12190
North East and North Cumbria ICB - 00P ,A89013,The New City Medical Group,5.4706,69.0217,68.6957,4.8014,6.6721,4.1836,4.113,51.9774,74.4444,88.6364,0.7414,1.112,44.165,8.7487,19.7352,84.3374,65.9379,0.8297,1.4475,17.2867,0.3675,86.8357,93.1035,65.4762,83.3333,17.7712,2.1712,8361
North East and North Cumbria ICB - 00P ,A89015,Fulwell Medical Centre,7.8215,82.0972,83.5766,4.9892,7.0561,2.5108,6.6558,79.6,81.6143,96.7742,1.0065,1.429,13.825,7.7164,22.0779,87.4031,74.8688,0.5411,0.7684,16.5402,0.4137,89.8897,81.6239,77.7778,93.5185,6.1642,2.7489,10095
North East and North Cumbria ICB - 00P ,A89016,St Bede Medical Centre,7.3808,75.7764,76.9585,4.7231,5.8512,2.8016,4.5513,61.5132,75.2941,96.9697,0.9875,0.769,29.422,6.946,20.5453,87.1134,81.4548,0.7621,0.8265,15.0946,0.5599,86.7902,87.6289,77.3196,88.6598,11.7848,2.2112,10479
North East and North Cumbria ICB - 00P ,A89017,Millfield Medical Group,6.1488,70.6237,73.6686,4.1799,3.8276,3.0299,4.3245,64.3443,72.5191,90.9091,0.6404,2.041,38.123,8.7466,16.7677,77.4536,63.0224,1.2464,0.7506,18.9516,0.7851,85.6462,90.3409,76.3441,89.2473,14.5592,2.3206,16963
North East and North Cumbria ICB - 00P ,A89018,Ashburn Medical Centre,7.255,66.0819,65.7658,5.3733,4.8295,3.865,4.2798,58.3815,65.2174,97.561,0.5279,2.289,41.366,9.4195,18.0053,79.5238,72.8859,1.1312,1.3575,17.464,0.6579,84.4652,92.1569,90.5405,87.8378,18.1678,2.3944,7499
North East and North Cumbria ICB - 00P ,A89019,Bridge View Medical Group,7.6857,70.1521,69.6275,5.6619,7.7922,5.0507,4.7149,67.9592,71.4801,94.9275,1.2157,4.292,48.092,10.2879,18.7924,75.9443,64.9238,1.444,1.2627,22.1876,3.4299,90.6334,89.1945,72.2727,84.0909,19.384,3.0828,19816
North East and North Cumbria ICB - 00P ,A89020,Forge Medical Practice,6.7778,69.8925,71.6763,4.2667,5.0843,3.3159,4.0928,62.9344,76.0563,98.5294,0.6841,2.452,37.2,8.4433,20.2667,87.8049,75.4962,0.8928,0.9275,22.4962,0.5136,82.9192,87.0192,73.3333,96.1905,15.3258,2.0986,10230
North East and North Cumbria ICB - 00P ,A89021,Kepier Medical Practice,7.2914,74.8408,76.2136,4.8766,4.4677,3.0172,4.9351,76.6917,81.2121,96.1039,0.8888,1.712,27.979,10.0186,20.1965,76.506,66.8817,1.0408,1.0291,20.1625,2.1739,89.963,88.7218,77.8689,90.9836,13.4884,2.6196,9671
North East and North Cumbria ICB - 00P ,A89022,Concord Medical Practice,6.6518,74.0,74.5902,4.8579,7.6261,3.1682,4.7619,75.4717,75.2688,97.9592,0.9601,2.139,29.255,9.9449,23.3103,74.3243,64.7177,0.9601,1.1905,19.7396,0.5589,93.1168,79.2683,72.7273,85.7143,13.3947,2.7266,6150
North East and North Cumbria ICB - 00P ,A89023,"Houghton Medical Group,",7.1756,75.4209,73.6318,4.8952,7.9809,4.252,4.2401,78.7072,79.0541,97.3684,0.7146,2.442,28.846,9.9956,23.0348,87.0523,71.9287,1.1077,0.9528,22.4687,0.4575,91.999,89.7611,75.4237,94.0678,13.3448,2.6441,9428
North East and North Cumbria ICB - 00P ,A89024,The Broadway Medical Practice,7.2336,74.8936,75.7764,4.1936,6.2339,3.5206,3.7018,73.9669,77.2059,100.0,1.152,2.667,35.315,8.5443,18.9619,85.8209,69.9248,0.8025,0.9966,20.0032,1.3141,91.3215,81.9588,72.7273,87.5,12.7715,2.3427,8495
North East and North Cumbria ICB - 00P ,A89025,Sunderland GP Alliance Medical Practice,6.2585,73.6196,69.0583,4.132,5.1473,2.6258,3.4582,68.0912,72.3757,97.0149,0.8026,1.935,30.92,8.4449,15.6262,85.446,65.0293,0.7333,0.9512,20.2226,1.4517,87.017,87.395,68.9076,88.2353,14.7189,1.7935,10677
North East and North Cumbria ICB - 00P ,A89026,New Washington Medical Group,6.5397,73.6486,74.3455,3.8739,5.9141,3.2074,5.4568,75.4808,73.9726,94.7368,0.8331,0.758,31.19,9.8094,18.6198,84.4828,69.3418,0.9025,0.9858,15.6529,0.439,90.115,87.0968,73.7864,76.699,15.5398,2.5271,8506
North East and North Cumbria ICB - 00P ,A89027,Springwell Medical Group,9.604,77.7273,73.8372,4.4413,6.7035,3.3349,4.8309,77.4648,79.1045,92.7273,0.935,1.183,38.013,9.0733,17.9211,89.1089,76.5823,1.1844,1.0129,21.3328,1.5742,91.2759,91.2088,71.9512,93.9024,14.3339,2.431,7610
North East and North Cumbria ICB - 00P ,A89028,Grangewood Surgery,7.8805,76.494,76.2712,4.6797,7.7761,2.8591,5.4889,80.7339,80.2721,95.0,0.971,1.833,23.073,8.7126,19.5684,85.9375,82.2281,1.0115,0.7417,20.3731,1.4903,90.533,92.8571,77.0115,96.5517,10.0316,2.6163,7833
North East and North Cumbria ICB - 00P ,A89030,Westbourne Medical Group,7.5505,76.2712,75.817,4.8064,6.6087,3.6462,4.7913,79.7235,82.3529,96.4912,1.0396,1.462,28.19,9.9543,20.8829,84.2491,80.2336,0.9794,1.115,22.3251,0.9369,91.8568,86.6667,70.4082,91.8367,14.9061,2.6066,7502
North East and North Cumbria ICB - 00P ,A89031,Hylton Medical Group,4.905,67.9245,69.7248,2.7766,3.5859,2.5128,2.8044,52.069,74.1935,94.4444,0.4998,2.977,37.433,7.014,14.9382,70.5128,62.1739,1.0412,1.0135,17.6421,1.0769,89.2523,86.6667,69.1176,75.0,14.0362,1.4716,7254
North East and North Cumbria ICB - 00P ,A89032,New Silksworth Medical Practice,6.5245,76.7313,77.4194,5.1628,6.8381,2.8319,4.3024,77.0909,77.3869,95.7143,0.7624,1.802,26.08,8.3355,19.1918,84.8649,68.319,0.8169,0.9803,19.8118,1.5756,84.6121,85.3755,71.9298,87.7193,11.3818,2.4071,10613
North East and North Cumbria ICB - 00P ,A89034,Park Lane Practice,5.2581,74.1573,68.8525,2.291,3.466,1.5808,2.291,61.4907,76.9231,85.7143,0.1833,2.545,33.966,6.9381,12.2337,92.4051,78.2418,0.6186,1.0309,16.4636,0.5286,90.2457,96.0526,67.3913,91.3043,13.948,1.4204,4363
North East and North Cumbria ICB - 00P ,A89035,Southlands Medical Group,6.0171,75.6522,75.1037,4.0148,3.9075,3.3804,4.5829,77.3109,75.5319,97.2477,0.7007,0.899,26.402,8.8718,17.7635,84.8665,75.7635,0.9185,0.8522,19.2497,0.3997,90.1661,89.4942,75.0,89.5161,12.6594,2.0831,11271
North East and North Cumbria ICB - 00P ,A89036,Castletown Medical Centre,5.903,74.0741,75.4717,4.072,6.6121,3.6932,4.214,77.0492,73.1707,85.7143,0.5208,0.936,38.756,10.5324,18.75,72.8814,43.9169,1.4205,1.089,14.804,0.3322,88.4653,84.6154,60.0,88.5714,15.7272,1.7519,2568
North East and North Cumbria ICB - 00P ,A89040,Monkwearmouth Health Centre,6.0599,74.0331,77.3585,4.8265,5.506,3.5984,4.3741,65.873,71.25,95.4546,1.2928,0.521,32.931,8.4459,21.6979,77.2321,71.0089,0.7541,0.8619,15.6498,0.8228,85.5469,89.313,72.3077,84.6154,11.272,2.758,5688
North East and North Cumbria ICB - 00P ,A89041,Happy House Surgery,7.8833,72.2656,70.4545,4.4211,2.6551,3.0532,3.3708,75.6667,75.5102,93.913,0.7938,2.121,38.231,9.3451,17.9653,82.8571,70.2617,1.5755,1.661,20.0314,0.409,92.6023,77.8443,63.3929,90.1786,18.0964,1.9419,9800
North East and North Cumbria ICB - 00P ,A89614,Sunderland GP Alliance - South Hylton Surgery,7.9545,69.4444,69.9029,4.4366,7.72,3.6679,3.1408,72.973,75.0,100.0,1.3398,3.293,35.989,10.5049,20.7995,85.8896,69.5153,0.9005,0.9664,23.658,2.0362,89.2171,86.2069,75.3623,91.3043,16.3469,2.1964,5431
North East and North Cumbria ICB - 00P ,A89616,Rickleton Medical Centre,6.5605,82.4074,76.7123,3.4942,6.0134,2.3775,4.1427,85.0,85.7143,91.3044,0.3242,1.114,20.667,8.8596,19.0922,88.6793,69.8113,0.6844,0.7205,21.8263,0.1727,92.4051,93.8462,78.7879,93.9394,6.9228,1.513,2651
North East and North Cumbria ICB - 00P ,A89617,I J Healthcare,5.1948,71.4286,72.1649,4.509,7.1096,3.9004,5.0069,67.9612,67.5676,95.6522,0.6362,1.628,28.311,9.3443,20.6639,77.8524,57.3579,0.8299,0.7469,19.4352,0.2955,90.3481,86.2385,72.549,84.3137,14.8623,1.7151,4154
North East and North Cumbria ICB - 00P ,A89623,Chester Surgery,4.4491,70.5882,73.4694,2.9661,2.2876,1.1734,3.0313,54.0816,69.4444,100.0,0.2282,0.163,33.724,7.2177,11.0821,92.4051,79.6935,0.4563,0.6519,8.7827,0.1012,80.0848,90.7407,80.6452,96.7742,10.2073,1.6949,2902
North East and North Cumbria ICB - 01H ,A82004,Alston Medical Practice,7.5823,76.2712,61.8421,3.7693,8.3684,3.3152,6.6303,79.6296,78.1818,100.0,0.4995,1.421,23.341,8.7637,23.7511,86.5979,76.5258,0.6358,0.8629,22.6316,0.3241,94.6309,77.6119,92.8571,96.4286,14.469,2.9973,2396
North East and North Cumbria ICB - 01H ,A82006,Appleby Medical Practice,7.1546,78.5714,75.817,4.8438,4.4972,2.0313,6.582,78.5124,80.531,100.0,0.6836,1.153,18.93,8.7204,22.6563,85.4962,72.6058,0.7813,0.9375,16.4437,1.4508,91.1631,81.4815,90.7692,96.9231,10.5827,3.418,5440
North East and North Cumbria ICB - 01H ,A82012,Brampton Medical Practice,7.3846,80.3898,76.4368,5.4428,6.5793,1.8682,6.2152,78.9873,79.7436,91.0891,0.8922,1.558,16.183,8.1454,20.0287,82.9988,69.3755,0.5389,1.1856,16.4802,1.1638,92.0163,86.2445,75.9615,90.3846,7.7969,3.1735,17834
North East and North Cumbria ICB - 01H ,A82013,Upper Eden Medical Practice,7.7421,78.9474,73.1959,4.5786,9.0893,2.0383,6.1911,85.1613,83.7838,92.5,1.1256,1.839,20.792,9.1622,21.1439,85.7143,78.0252,0.3042,0.9431,18.4671,0.4993,92.2396,84.4749,93.4066,97.8022,10.1571,3.164,6918
North East and North Cumbria ICB - 01H ,A82014,Caldbeck Surgery,6.6391,79.7414,82.069,5.6101,6.22,2.1272,6.2646,80.0,81.982,100.0,0.935,0.561,18.072,7.4465,23.2352,80.7175,66.6667,0.4208,0.7948,13.9883,0.5495,90.9818,83.8983,97.9592,95.9184,6.9153,3.7634,4625
North East and North Cumbria ICB - 01H ,A82015,Warwick Road Surgery,5.3345,68.4211,59.4595,3.601,3.7913,1.9151,2.9725,65.3153,70.2128,82.4428,0.6433,2.384,28.022,6.9702,12.622,81.2325,66.6667,0.6063,1.2274,12.5891,0.197,84.8005,84.9315,67.5862,86.2069,18.046,1.9743,11598
North East and North Cumbria ICB - 01H ,A82016,Carlisle Healthcare,7.4834,76.7632,71.6685,4.4526,6.4786,2.3589,4.8903,78.7145,84.5934,91.716,0.9606,2.042,22.718,8.884,17.8303,83.3653,71.1051,0.7429,1.3808,19.0273,0.7146,90.0198,81.9204,85.2761,90.3885,14.6586,2.669,43063
North East and North Cumbria ICB - 01H ,A82018,Spencer St Surgery,6.961,77.2632,72.3926,4.1691,3.2673,2.2687,4.7289,75.7991,77.907,93.3333,0.8324,1.515,23.763,7.3734,15.3874,84.1202,71.6574,0.3536,1.5542,13.8177,0.3819,87.5636,87.8788,76.5957,91.4894,13.8444,2.5854,14615
North East and North Cumbria ICB - 01H ,A82020,Eden Medical Group,7.9065,72.8597,70.2778,4.9183,7.0222,2.5325,4.3825,65.8579,74.1379,92.0904,0.8548,2.341,24.47,8.7201,16.3562,84.4569,66.2562,0.6379,1.2248,17.2458,0.8892,89.89,85.138,79.1878,87.8173,15.2187,2.6027,17970
North East and North Cumbria ICB - 01H ,A82021,Castlegate and Derwent Surgery,7.3819,79.5256,83.3962,4.1942,6.8006,1.6436,6.173,80.3347,80.9639,99.1379,0.9675,1.427,13.264,7.22,18.1563,82.3675,73.3146,0.5112,0.8685,12.698,2.2225,91.5852,82.4719,88.601,93.7824,7.0475,2.7375,17465
North East and North Cumbria ICB - 01H ,A82022,Dalston Medical Group,7.1326,79.0698,77.4648,4.4834,8.5741,1.8713,5.4971,86.8852,79.8165,97.7273,0.6433,2.25,13.593,8.9427,19.883,83.4507,77.3098,0.3509,0.7797,14.5902,0.3348,93.3018,85.2564,83.0769,95.3846,6.7013,2.9435,5406
North East and North Cumbria ICB - 01H ,A82023,Distington Surgery,9.5412,77.037,79.1908,5.2789,8.5905,3.0728,5.3892,79.2899,77.6,93.617,0.7564,1.924,22.054,9.7685,19.0514,82.0,75.2475,0.6934,0.977,15.8286,0.5769,92.7059,84.5794,88.2353,85.8824,11.7809,3.2304,7140
North East and North Cumbria ICB - 01H ,A82024,Seascale Health Centre,8.446,77.027,77.9661,4.9992,8.1302,2.3982,6.8401,77.7027,75.0,93.5484,0.9627,2.058,17.53,10.0257,20.4695,87.5,76.9651,0.5067,0.5742,17.2793,0.7442,92.2644,80.597,73.8095,88.0952,8.8945,2.6854,6115
North East and North Cumbria ICB - 01H ,A82028,Castlehead Medical Centre,6.935,79.3296,75.4098,3.8116,6.3159,1.8818,6.5444,73.1707,81.5789,93.1818,1.1267,0.972,13.52,6.1602,17.7634,83.0097,63.9252,0.1918,0.875,8.8007,0.3157,85.8778,76.9231,86.4198,92.5926,11.2562,2.9726,8342
North East and North Cumbria ICB - 01H ,A82029,The Croft Surgery,8.1361,82.5843,80.1802,4.8378,8.4056,3.1019,5.8907,80.2632,80.6818,90.9091,0.5692,0.6,17.633,9.2404,24.6443,85.8639,68.7407,0.5122,0.6261,15.3769,0.1496,94.6108,74.5614,89.5833,95.8333,8.5264,2.9596,3675
North East and North Cumbria ICB - 01H ,A82031,Shap Medical Practice,8.0773,77.907,74.0385,3.8403,6.4769,1.7539,5.7756,81.7073,83.9506,94.4444,0.5141,2.42,19.593,9.0749,20.9858,93.5897,72.8625,0.3931,0.8467,14.6263,0.8929,95.1045,83.1461,89.1304,93.4783,9.5041,2.5098,3491
North East and North Cumbria ICB - 01H ,A82032,Maryport Health Services,7.9299,69.6498,76.8769,5.0615,6.0148,3.4056,4.7433,73.2143,72.0307,94.8718,1.2798,0.992,33.413,12.0886,21.3594,87.0968,72.5793,0.9038,0.9544,22.4596,0.7161,90.6117,84.5041,88.8889,91.8803,15.0064,3.0441,16555
North East and North Cumbria ICB - 01H ,A82035,Birbeck Medical Group,7.5879,79.4314,77.3537,4.5367,10.1531,1.8105,6.003,75.5263,77.7778,93.9394,0.8605,1.122,14.643,7.7103,20.0881,83.755,73.4656,0.4819,0.9776,15.4835,3.1398,89.1899,77.5862,90.0,94.7059,12.709,2.8363,14989
North East and North Cumbria ICB - 01H ,A82036,The Lakes Medical Practice,7.3749,79.4521,83.2215,3.9649,6.4297,1.9174,5.6568,81.7629,83.2636,94.382,0.7808,0.711,14.519,6.6632,17.1091,78.75,56.7024,0.642,0.9023,13.4867,0.6684,91.0425,81.8182,77.2727,86.3636,11.4966,2.7243,10907
North East and North Cumbria ICB - 01H ,A82037,Silloth Group Medical Practice,6.6635,75.5656,79.562,5.9451,10.9264,3.2448,5.4459,76.0417,72.9167,97.4359,1.5657,1.425,25.096,11.0849,28.6136,86.3333,76.4828,0.5219,1.0438,15.7561,1.6335,90.8924,81.0,91.7808,95.8904,11.6321,3.6987,5440
North East and North Cumbria ICB - 01H ,A82038,Temple Sowerby Medical Practice,7.8467,80.0926,77.3723,3.4734,8.9416,1.7581,5.6604,80.0,81.1966,100.0,0.5789,0.547,16.77,7.6034,20.5617,90.099,79.7886,0.5146,0.6647,16.8665,0.8464,91.6505,73.7226,96.0784,98.0392,8.123,2.1655,4282
North East and North Cumbria ICB - 01H ,A82041,Lowther Medical Centre,6.9505,73.0038,74.4318,4.7736,5.6327,3.1101,4.5494,73.2843,73.4767,95.1923,1.0198,1.608,26.695,10.873,17.7202,89.4539,75.6644,0.7667,1.0487,21.2478,0.4953,92.4843,88.8186,82.3009,91.5929,11.8839,2.8569,16719
North East and North Cumbria ICB - 01H ,A82044,Fellview Healthcare,7.7387,70.8617,70.1188,4.6773,6.0772,2.5155,4.509,74.9296,69.7368,95.3917,0.7076,2.781,27.119,9.5477,17.6346,86.0969,73.8117,0.9147,1.1003,21.4148,0.4274,90.8592,85.7753,76.9697,90.303,14.3931,2.6061,26615
North East and North Cumbria ICB - 01H ,A82045,Wigton Group Medical Practice,8.0847,79.3696,76.569,5.0509,6.2466,2.4652,5.292,77.0492,77.4869,98.4849,0.5478,1.325,22.173,9.1928,19.2944,82.3529,69.1063,0.7779,1.0628,22.6609,0.4437,90.6106,84.6154,90.5172,96.5517,11.3816,2.8268,9140
North East and North Cumbria ICB - 01H ,A82047,James Street Group Pract,7.3085,74.0304,70.6617,4.2931,7.9151,2.6306,4.5907,73.3673,73.7439,92.7336,1.1935,2.038,31.602,9.3175,16.5169,82.4938,70.8149,0.7125,1.1003,19.4238,0.5194,90.2815,85.6305,80.4721,90.7725,15.2807,2.6787,39402
North East and North Cumbria ICB - 01H ,A82055,Aspatria Medical Group,8.5348,77.8846,76.2626,5.4163,10.5263,3.3138,5.5277,78.8043,77.4194,94.2308,0.6266,1.056,25.197,10.6658,21.902,91.0345,73.2658,0.5709,0.8493,21.1889,0.5615,94.4699,77.0073,85.2174,93.913,12.1582,2.8683,7437
North East and North Cumbria ICB - 01H ,A82064,Westcroft House Surgery,9.3213,76.9231,77.8409,5.5412,7.8254,3.9371,5.4277,75.7962,77.0992,93.1035,0.9073,2.23,24.227,10.1353,20.4148,87.1698,73.1658,0.5347,0.7615,14.0742,0.5376,91.3883,91.6318,78.6517,88.764,11.7428,3.2242,6896
North East and North Cumbria ICB - 01H ,A82075,Mansion House Surgery,8.6914,72.4638,81.3187,4.4059,2.5382,3.1225,4.0487,77.7293,76.5152,88.0597,0.7542,1.365,27.926,9.5374,17.4914,88.9328,77.2685,0.688,1.032,21.4618,0.25,92.5398,84.375,90.0901,90.991,12.4865,2.4477,8334
North East and North Cumbria ICB - 01H ,A82617,Kirkoswald Surgery,8.4351,83.1081,83.3333,4.4203,5.5725,1.3768,6.413,87.3016,82.3529,100.0,0.5797,0.697,15.277,7.0416,19.4928,85.1485,70.7094,0.3261,0.4348,16.2821,0.7256,91.4958,80.0,81.25,96.875,6.1791,2.1739,2482
North East and North Cumbria ICB - 01H ,A82620,Glenridding Health Centre,5.2017,80.4878,75.8621,3.8105,2.9412,1.4418,5.0463,82.6087,83.3333,100.0,0.6179,0.824,16.431,5.3613,20.1854,88.8889,63.5762,0.206,0.7209,13.5294,0.6148,91.7733,85.7143,85.7143,85.7143,11.8993,1.6478,726
North East and North Cumbria ICB - 01H ,A82631,Court Thorn Surgery,7.4353,81.1429,78.8136,4.6481,7.6461,1.4343,5.8167,88.6598,91.3043,88.2353,0.8234,1.991,14.703,8.5053,22.1248,77.2727,70.1031,0.5046,0.7171,16.7141,0.85,90.9379,78.0702,80.9524,97.619,6.7708,3.3997,3713
North East and North Cumbria ICB - 01H ,A82646,Longtown Medical Centre,8.1549,76.3006,75.7895,4.7013,7.976,3.7143,5.1169,80.0,79.1667,100.0,1.2208,1.419,31.196,11.5553,22.1818,91.358,77.0231,0.5455,1.0649,19.3253,0.6948,93.0015,90.9091,80.0,95.3846,14.9772,2.8052,4241
North East and North Cumbria ICB - 01H ,A82654,Warwick Square Group Practice,6.9739,71.3768,71.875,4.6601,5.2287,2.7781,4.3144,72.9958,76.3975,90.0,0.8962,3.09,24.934,8.6729,17.8722,83.391,62.3306,0.5633,1.3955,15.2177,0.2966,90.957,85.1852,71.5789,88.4211,15.0992,2.4197,8720
North East and North Cumbria ICB - 13T ,A85001,Fell Tower Medical Centre,7.7818,75.9542,77.4194,3.5515,3.5434,2.075,4.2431,80.1688,80.0,98.4375,0.6119,1.551,20.142,7.0068,16.1745,84.9817,67.5504,0.6252,0.6784,14.9739,1.4808,84.3297,89.8734,92.1053,97.3684,9.6673,2.4342,8417
North East and North Cumbria ICB - 13T ,A85002,Bensham Family Practice,6.4542,71.7241,73.3333,4.1138,6.6544,3.467,4.89,71.6814,78.0822,94.7368,0.621,4.017,32.773,9.7361,20.2329,83.5366,71.8447,0.6727,0.8279,18.4913,1.1223,91.5381,88.0734,84.2105,94.7368,17.466,2.8978,5117
North East and North Cumbria ICB - 13T ,A85004,Longrigg Medical Centre,9.3004,72.9798,75.4647,3.7944,6.617,3.7944,4.3547,75.9146,75.2525,91.1392,0.5996,2.808,31.307,10.3104,22.8448,80.397,72.5664,0.58,0.983,22.2073,1.8863,89.8116,86.7133,86.5772,93.2886,14.179,2.2314,12571
North East and North Cumbria ICB - 13T ,A85005,Oxford Tce & Rawling Rd Medical Group,6.8629,65.4902,65.8824,3.5034,6.936,3.2007,3.8173,70.3072,73.2394,90.1316,1.9114,1.94,36.617,8.9833,17.0796,83.4437,62.0549,0.8296,1.9563,18.8193,1.8107,87.5836,82.9876,80.8696,93.0435,18.4244,2.8812,23279
North East and North Cumbria ICB - 13T ,A85006,Glenpark Medical Centre,8.0673,73.5974,74.7748,3.1054,6.6364,2.8093,4.2347,75.8389,73.4375,92.2414,0.5784,3.041,27.646,8.8797,18.5292,81.7568,69.1589,0.723,1.0397,18.2796,1.4735,89.7719,88.9807,91.453,96.5812,15.6126,2.527,10747
North East and North Cumbria ICB - 13T ,A85007,Fell Cottage Surgery,8.9759,79.3548,80.9091,4.2075,5.7609,2.0519,4.9337,76.6187,75.6906,100.0,1.0836,1.391,20.021,6.6009,17.3026,67.4157,59.214,0.4957,1.0029,15.0204,1.1448,89.4505,82.7586,84.3373,86.747,7.4144,2.7666,9729
North East and North Cumbria ICB - 13T ,A85008,Birtley Medical Group,7.4766,72.5632,74.5856,4.2456,7.7453,3.1091,5.1731,73.8661,75.6098,90.0901,1.3651,1.443,24.584,9.4933,21.1365,84.3243,67.7885,0.7446,0.921,19.9567,2.8729,89.2763,88.9625,80.5556,96.7593,13.9456,3.096,18323
North East and North Cumbria ICB - 13T ,A85009,Crowhall Medical Centre,8.63,70.4225,74.4681,3.5963,6.3874,3.8444,3.6894,73.7113,73.7705,95.082,1.4106,1.763,37.883,9.4534,17.2221,86.4865,66.3667,0.7286,1.0231,19.3897,1.1364,89.9476,86.6667,83.3333,91.6667,16.6788,2.3562,8063
North East and North Cumbria ICB - 13T ,A85010,Chainbridge Medical Partnership,8.2967,78.8945,76.6551,3.7214,6.9043,3.0519,4.7648,78.1163,80.6034,95.8333,1.1303,1.574,21.21,9.2178,19.9896,85.5319,77.2007,0.7565,0.9999,20.5426,1.3168,86.9679,86.7508,84.6154,95.1049,11.9325,2.6172,12809
North East and North Cumbria ICB - 13T ,A85011,St. Albans Medical Group,8.1965,72.7969,74.7126,4.1736,7.4604,3.8017,4.4215,70.5645,70.5036,96.1539,1.7906,1.378,37.946,10.8016,21.2397,78.2178,57.95,0.6198,1.5152,20.4859,2.0373,92.9359,85.1064,88.7931,93.1034,16.6092,3.3471,10134
North East and North Cumbria ICB - 13T ,A85013,Millennium Family Practice,7.9859,61.9403,67.5325,4.1269,3.3183,4.1011,4.359,62.5,69.2308,96.2963,0.4385,2.202,35.309,9.9131,21.5889,86.9231,76.5205,0.5932,1.0059,22.2021,0.3987,90.0,94.1748,88.8889,96.8254,19.3416,2.0377,5161
North East and North Cumbria ICB - 13T ,A85014,Crawcrook Medical Centre,7.5818,78.4423,74.8,3.5667,7.3404,2.4696,4.585,76.7123,75.7212,93.9227,1.0479,1.106,19.621,8.3615,18.1581,77.2109,56.8174,0.8904,0.8609,18.6786,1.5741,88.0823,80.6452,79.7571,90.6883,10.2546,2.4795,21633
North East and North Cumbria ICB - 13T ,A85016,Wrekenton Medical Group,8.9433,72.4138,72.6619,3.278,6.0675,3.2944,3.7956,75.7426,72.973,88.8889,0.9119,3.632,36.366,9.2298,18.6494,86.3517,68.7665,0.9037,1.2981,21.5045,2.0141,89.8081,89.5522,76.25,92.5,17.144,2.4482,15098
North East and North Cumbria ICB - 13T ,A85017,Bewick Road Surgery,5.0691,71.0345,73.4043,2.1333,2.6173,1.157,2.3141,61.3861,73.2394,85.2713,0.6508,1.047,42.839,5.1957,10.1,86.0927,68.4134,0.6026,1.0847,13.8989,1.0192,91.8784,87.6191,80.0,92.7273,8.0955,1.4222,8018
North East and North Cumbria ICB - 13T ,A85018,Oldwell Surgery,6.6828,75.7225,71.5517,3.7752,4.0906,3.9639,4.2366,72.6619,70.4082,94.2857,0.4614,1.544,26.136,8.8601,18.729,77.1552,62.3298,0.4404,0.776,16.0278,0.4233,89.4605,88.3929,82.2581,91.9355,14.984,3.104,5557
North East and North Cumbria ICB - 13T ,A85019,Central Gateshead Medical Group,7.1209,68.661,68.5106,3.4554,5.873,3.3236,4.0298,60.7735,67.6923,84.0426,0.7721,3.011,38.053,9.1298,14.7632,86.4754,71.8278,0.8191,1.2146,18.1891,1.2671,84.335,88.9655,69.1781,88.3562,18.1619,2.8623,13448
North East and North Cumbria ICB - 13T ,A85020,Whickham Cottage Medical Centre,7.8354,82.183,78.0105,3.8124,6.1262,1.8197,5.5744,82.8442,80.9028,97.2222,1.0124,1.279,14.047,7.9644,21.6377,77.398,67.8138,0.5062,0.7753,15.4889,1.6006,90.6687,86.4662,85.9459,95.1351,7.8117,3.0691,17682
North East and North Cumbria ICB - 13T ,A85021,Second Street Surgery,4.0784,61.9048,63.8889,1.5031,2.5732,1.4816,1.8896,60.9929,73.3333,80.0,0.2577,1.682,40.221,4.4283,9.3623,83.0769,70.62,0.3865,0.9878,11.5414,1.5019,91.9118,90.3846,84.8485,93.9394,11.7314,0.9233,4574
North East and North Cumbria ICB - 13T ,A85024,Chopwell Primary Healthcare Centre,7.0637,77.451,63.4921,4.1457,8.6534,3.0608,3.952,72.1519,76.7442,88.4615,0.5424,2.267,39.814,10.6081,19.2174,81.6092,70.6602,0.6199,1.2398,17.8158,0.8137,90.1929,80.2326,95.122,95.122,21.2013,2.5571,3168
North East and North Cumbria ICB - 13T ,A85026,Beacon View Medical Centre,7.2039,73.2143,75.0,3.3706,7.4025,3.65,3.9993,77.0053,78.8462,92.4528,0.489,2.957,32.924,8.9951,15.386,92.9578,84.0325,1.1002,1.3273,24.989,1.0397,95.4865,91.2162,89.0411,98.6301,15.7972,2.3053,6402
North East and North Cumbria ICB - 13T ,A85611,Pelaw Medical Practice,8.0731,76.1905,79.1045,2.9931,3.9059,2.6866,3.7324,78.4946,76.6355,94.2308,0.4868,2.153,22.898,8.7272,17.2376,63.2353,54.5122,0.3606,0.9016,18.198,0.7309,87.9057,86.3636,74.6269,92.5373,12.961,2.4702,5761
North East and North Cumbria ICB - 13T ,A85614,The Bridges Medical Practice,6.0239,71.519,66.9725,2.1142,4.0234,2.0535,2.7217,75.7962,78.8235,95.7143,0.6683,3.425,34.007,6.3242,13.1835,84.8921,74.63,0.5346,0.9478,17.4579,2.5316,93.033,98.2143,85.7143,100.0,13.7204,1.6403,9194
North East and North Cumbria ICB - 13T ,A85616,Hollyhurst Medical Centre,7.9151,77.1574,74.0157,4.394,9.5367,3.5561,4.5575,78.626,74.4898,93.9394,0.4496,1.306,20.696,10.7082,20.4578,75.7143,54.488,0.654,0.9401,17.6688,0.5202,89.6659,91.3979,84.0,92.0,11.8343,2.6773,5473
North East and North Cumbria ICB - 13T ,A85617,Sunniside Surgery,9.0103,79.1667,73.3333,3.0705,7.2978,2.3419,4.5798,82.7869,79.7468,96.4286,0.6766,1.446,16.097,8.5003,19.3339,78.9063,67.8049,0.9368,0.7806,17.883,2.4096,90.954,87.7359,76.7442,93.0233,10.3057,2.8103,4027
North East and North Cumbria ICB - 13T ,A86003,Saville Medical Group,4.0388,66.8675,63.1579,1.441,1.4826,1.1645,1.7386,36.9412,71.6783,93.5294,0.3468,1.556,27.154,3.2523,6.9191,81.7073,60.9508,0.3796,0.6233,7.9886,2.2753,79.6242,84.5209,68.0556,84.7222,12.918,0.9419,32547
North East and North Cumbria ICB - 13T ,A86004,Prospect Medical Centre,5.4986,62.963,51.9608,2.6527,4.1008,1.7909,1.9861,50.5725,62.9412,82.7778,0.4713,0.364,44.244,9.0472,10.7318,84.2294,72.7757,0.7137,1.1849,13.0037,0.2668,87.3029,91.9463,83.5821,87.0647,16.7918,1.6428,15936
North East and North Cumbria ICB - 13T ,A86006,Roseworth Surgery,7.9767,81.7778,80.5369,3.248,6.1624,1.3576,4.6572,85.1064,88.6792,90.7407,0.6187,0.66,11.264,7.1516,18.2849,91.342,84.7539,0.4468,0.5671,13.7263,0.5761,90.4313,91.9708,93.5484,96.7742,6.1498,2.0107,5788
North East and North Cumbria ICB - 13T ,A86008,Park Medical Group,6.6715,76.644,72.7891,3.1186,5.8239,1.8274,3.9039,71.1828,75.9657,93.1624,0.6041,1.932,19.645,7.7705,14.5435,85.8025,72.7216,0.8004,0.9817,15.5111,0.3745,90.4989,86.262,80.4054,90.5405,10.7789,1.7972,12997
North East and North Cumbria ICB - 13T ,A86010,Biddlestone Health Group,7.033,77.0833,72.6744,2.2027,4.1874,1.1014,2.9867,70.2882,80.4348,91.579,0.504,2.276,18.101,5.9576,12.9643,93.5345,74.8488,0.5133,0.8494,14.2857,0.8922,87.8531,85.5491,79.3478,96.7391,13.4996,1.4747,9949
North East and North Cumbria ICB - 13T ,A86011,Walker Medical Group,7.8394,67.033,62.5,4.1593,8.2187,4.0843,2.9602,72.093,70.0,90.8046,1.0211,1.139,50.041,11.0385,21.9578,88.5714,76.5797,1.5925,1.5269,24.8695,0.4016,90.5776,88.4615,93.8547,97.2067,24.0358,2.7635,14868
North East and North Cumbria ICB - 13T ,A86012,West Road Medical Centre,5.4812,59.3607,59.6154,2.2249,3.4326,1.6867,2.1767,58.4906,73.913,73.125,0.7229,0.763,42.963,9.2793,11.1727,81.9383,65.0344,1.3173,1.0281,17.5972,0.8377,83.952,89.1892,79.5181,89.759,19.5401,1.7028,11996
North East and North Cumbria ICB - 13T ,A86013,Denton Park Medical Group,8.459,76.2646,73.3333,4.6512,6.8034,3.0784,4.7856,77.7778,78.125,90.6667,0.6587,1.487,33.64,10.5999,18.524,82.2581,64.8876,0.941,0.9275,19.5385,0.564,91.5269,87.9845,84.9558,90.2655,16.6258,3.1725,9084
North East and North Cumbria ICB - 13T ,A86017,Cruddas Park Surgery,6.9197,65.5488,53.6232,3.4946,5.1187,3.8458,3.4176,60.2151,66.4596,80.0,1.0964,1.713,45.731,9.8992,12.7623,73.8776,55.1807,1.5931,2.0814,17.8355,0.2229,85.5563,83.421,77.2455,87.4251,22.7245,2.2955,15023
North East and North Cumbria ICB - 13T ,A86018,The Grove Medical Group,6.6422,81.0591,85.0153,3.3657,6.8744,1.084,5.4806,73.3333,80.8118,97.7012,0.8263,0.781,10.175,6.3127,14.9864,84.669,71.1333,0.4169,0.7959,10.4586,2.1834,88.9462,87.1795,80.5085,94.0678,6.3595,2.3575,12675
North East and North Cumbria ICB - 13T ,A86020,The Surgery-Osborne Road,5.9534,77.2829,76.7025,2.2382,3.8145,0.9405,3.4156,68.0412,80.0885,93.1373,0.915,0.63,10.628,4.5265,12.0038,83.0357,63.6509,0.4739,1.1555,8.3533,0.6954,88.4828,85.4111,82.4176,92.3077,7.5968,1.819,12786
North East and North Cumbria ICB - 13T ,A86021,Holmside Medical Group,6.2798,74.6667,72.2222,3.5697,7.9508,3.1346,3.9949,71.8447,75.7764,89.8305,1.1866,2.082,37.027,9.8875,17.3935,81.6092,68.3535,0.9196,1.1075,19.7015,0.8538,89.5422,87.3418,74.4681,90.7801,16.0528,2.5512,12034
North East and North Cumbria ICB - 13T ,A86022,Parkway Medical Group,7.4283,81.4241,82.7751,3.9023,7.476,2.0638,4.8274,77.6923,78.7879,91.1765,0.7947,0.525,18.375,8.3022,18.4438,86.2434,71.9626,0.8421,0.7947,16.8027,0.2397,91.6043,83.8565,82.1782,92.0792,10.993,2.7992,9088
North East and North Cumbria ICB - 13T ,A86023,Benfield Park Medical Group,8.3085,73.7654,71.831,3.4302,5.2158,2.7229,3.3043,77.7778,79.6178,85.2273,0.8527,0.982,32.213,8.3093,19.2442,77.9661,63.8084,1.2209,1.1628,15.9163,1.3337,88.9132,84.8148,78.8618,87.8049,14.9368,2.4419,11745
North East and North Cumbria ICB - 13T ,A86024,Heaton Road Surgery,7.1606,66.8639,62.0968,3.1744,4.342,2.9942,2.8001,68.5065,70.3704,85.2941,0.9842,3.147,39.53,7.175,14.7352,76.1658,51.8391,1.2753,1.5941,11.1579,1.07,88.7805,86.8571,64.4737,88.1579,22.0166,2.1486,9176
North East and North Cumbria ICB - 13T ,A86025,Westerhope Medical Group,6.5105,69.9052,68.4746,3.1448,4.4975,3.0065,3.4651,66.6667,72.0,87.8378,0.4877,1.429,36.596,9.4893,13.5474,83.4356,70.2932,0.8153,1.0264,19.3901,0.3055,90.7792,87.9765,85.6383,92.0213,17.9606,1.9873,15547
North East and North Cumbria ICB - 13T ,A86026,Throckley Primary Care Centre,7.9141,77.8243,76.8786,4.2496,4.0327,2.6391,3.3293,80.0847,76.1538,94.6667,1.1368,0.596,26.377,9.3351,16.7005,81.3149,52.4868,0.8797,1.0827,21.3714,0.4723,88.3022,85.1852,87.3684,92.6316,12.7975,3.0451,8231
North East and North Cumbria ICB - 13T ,A86027,Newcastle Medical Centre,1.6488,64.1509,60.5263,0.1748,0.2498,0.0782,0.4048,25.1553,65.7895,92.5926,0.0276,0.594,23.637,0.9449,1.3477,88.4615,72.2846,0.0552,0.3082,3.8081,0.7989,84.7716,85.7143,68.0,84.0,10.8338,0.1334,9983
North East and North Cumbria ICB - 13T ,A86028,Regent Medical Centre,6.221,71.9149,76.4286,2.7013,3.5449,1.1859,3.0834,66.6667,75.0,94.7368,0.672,0.412,14.942,8.6518,14.89,77.561,61.2973,0.6193,0.896,13.8335,0.3798,85.5894,84.3137,68.0412,88.6598,10.614,1.8316,7266
North East and North Cumbria ICB - 13T ,A86029,Thornfield Medical Group,5.5093,63.9908,67.7419,2.2738,3.618,2.863,2.7802,56.4014,70.9821,93.9394,0.3311,2.326,34.65,6.855,11.6224,84.4186,69.0342,0.8472,1.5337,13.6292,0.7538,88.244,92.4205,80.6167,88.5463,17.9992,1.6019,23072
North East and North Cumbria ICB - 13T ,A86030,Betts Avenue Medical Group,8.5903,67.8571,61.4035,3.5945,3.5603,3.5114,3.0309,73.0871,70.6806,90.991,1.1643,0.408,38.406,10.7185,14.2765,88.7218,78.7334,1.3491,0.9795,21.6375,0.053,89.8803,86.6197,86.4198,95.679,20.2588,2.2454,12616
North East and North Cumbria ICB - 13T ,A86031,Fenham Hall Surgery,6.4769,66.2602,56.1497,2.6048,5.2072,2.0783,3.2237,62.9921,72.6115,78.8618,0.4711,1.836,34.52,8.9052,12.3407,84.9138,63.8587,0.5542,0.859,15.972,0.6466,85.8395,85.0807,74.8148,88.8889,16.5652,1.598,10616
North East and North Cumbria ICB - 13T ,A86033,Brunton Park,5.6779,82.1656,78.8136,1.5873,3.9912,0.481,3.5233,82.243,85.0467,95.3125,0.7456,1.448,5.226,5.0817,10.6902,86.0,63.2801,0.3608,0.3968,11.3843,1.7841,88.0886,81.3084,83.0189,88.6792,4.2448,1.4069,5498
North East and North Cumbria ICB - 13T ,A86037,Elswick Family Practice,6.0892,56.2092,45.8333,2.4408,3.0893,2.6462,1.5466,59.1667,67.0455,87.8049,0.6283,2.132,51.557,9.9029,11.5031,81.0345,70.4546,1.2083,1.2083,13.1912,0.418,85.7143,95.6989,82.4,92.8,21.4882,1.5587,8912
North East and North Cumbria ICB - 13T ,A86038,Newburn Surgery,8.1675,71.6346,73.9437,3.4656,5.8952,3.2713,3.919,73.5294,69.6429,94.7368,1.1498,0.597,30.422,10.0334,16.8907,82.9596,72.3171,1.2146,1.2632,19.4583,1.2893,89.6613,86.5169,73.3333,94.4444,16.3285,2.7045,7144
North East and North Cumbria ICB - 13T ,A86040,St. Anthony's Health Centre,8.4343,60.0,52.4194,3.4035,6.1067,4.6574,3.4035,61.4754,62.2642,88.6076,1.3136,1.44,57.12,10.7114,14.629,91.2281,80.254,1.5077,1.433,22.3372,0.7591,89.0394,91.1458,84.5361,94.8454,29.2278,2.2242,9233
North East and North Cumbria ICB - 13T ,A86601,Denton Turret Medical Centre,7.9907,76.4516,78.2609,3.2677,8.2821,2.5195,4.1259,70.2797,77.8443,95.7447,0.7812,0.492,29.97,10.0189,16.7895,82.1053,64.867,1.0892,0.8692,21.4979,0.4431,89.9471,85.8736,78.125,89.0625,15.0236,2.2005,10156
North East and North Cumbria ICB - 13T ,Y00184,Dilston Medical Centre,3.6732,37.6471,45.7143,1.3706,1.527,0.6068,0.8788,53.9634,75.7143,82.6923,0.1674,0.592,43.856,7.6246,6.9471,90.566,67.7578,0.544,0.7951,8.5982,0.5486,87.5858,94.8905,93.4579,97.1963,16.6732,0.6487,7030
North East and North Cumbria ICB - 16C ,A81001,The Densham Surgery,8.7876,70.8955,68.2353,3.8422,6.464,2.459,3.6885,69.0909,72.973,72.5,0.6916,1.728,33.519,10.1198,18.0072,89.2216,71.2687,0.7941,1.2295,17.536,0.3086,94.4843,96.9388,91.2281,92.9825,14.1983,2.4078,4909
North East and North Cumbria ICB - 16C ,A81002,Queens Park Medical Centre,8.0392,72.6531,74.5342,4.574,4.7806,3.7904,4.3661,73.4545,75.9563,94.6429,1.0982,1.618,31.289,9.0416,19.4051,86.9919,76.7402,0.6984,0.9703,20.6418,1.1164,90.2463,89.1667,87.2428,88.8889,15.667,2.7348,23312
North East and North Cumbria ICB - 16C ,A81004,Acklam Medical Centre,6.5279,75.0,78.6026,3.2963,5.1816,2.4855,4.0367,77.6204,82.4561,91.129,1.0136,0.62,24.556,8.3671,16.4287,84.3342,76.2323,0.758,0.6963,21.2799,1.0206,91.2528,84.6154,90.9774,96.2406,10.6892,2.2034,11854
North East and North Cumbria ICB - 16C ,A81005,Springwood Surgery,6.8454,80.0,85.6459,4.2334,2.7449,2.527,6.031,76.7327,77.7778,89.7959,1.485,1.216,16.448,9.5143,21.3755,87.471,70.4959,0.7425,1.0681,13.4747,1.2244,85.2334,89.697,92.0,98.0,8.4883,3.2304,9121
North East and North Cumbria ICB - 16C ,A81006,Tennant Street Medical Practice,8.5671,70.428,70.1754,4.3851,4.6114,4.4123,3.746,72.8665,70.4545,82.7586,1.2713,1.03,34.168,10.1689,18.9544,86.0927,75.6317,0.979,0.9518,19.562,1.0638,90.0288,90.8884,84.0376,91.5493,17.2374,2.5699,17992
North East and North Cumbria ICB - 16C ,A81007,Bankhouse Surgery,7.623,71.5909,72.1774,4.0693,4.6942,3.9186,4.0976,69.1318,75.5208,88.172,0.9702,1.375,39.266,8.9988,17.6338,79.3388,65.0099,0.8478,1.0644,13.6202,0.1464,90.12,86.3454,66.4063,78.125,16.847,2.581,12354
North East and North Cumbria ICB - 16C ,A81009,Village Medical Centre,7.4247,70.2055,70.8134,3.4157,3.9723,2.5556,3.1085,65.019,74.375,91.3793,0.7986,0.554,37.658,10.0334,16.1322,88.8889,71.875,1.5481,1.671,21.1547,2.1363,86.6076,88.0734,91.3043,96.5217,15.9275,2.101,9667
North East and North Cumbria ICB - 16C ,A81011,Chadwick Practice,8.3163,70.0,74.1611,5.0177,6.5707,3.8138,4.4284,73.2955,73.2143,94.8276,1.0187,2.347,39.264,10.1418,20.6432,92.0668,82.3619,0.9513,1.1871,20.1189,0.0581,92.1317,87.4667,79.8817,91.1243,16.3098,2.7698,14936
North East and North Cumbria ICB - 16C ,A81012,Westbourne Medical Centre,7.1402,63.0573,60.177,2.8319,2.783,4.6195,2.3009,60.1064,67.7778,71.7391,0.531,1.731,52.819,10.227,16.0708,77.7778,62.9583,0.6726,1.0265,21.2582,0.4016,86.8996,95.5556,68.5714,88.5714,22.2864,1.7699,7151
North East and North Cumbria ICB - 16C ,A81013,Brotton Surgery,8.5429,73.7037,63.0208,3.5186,4.1972,3.4271,4.0419,74.0741,71.1538,90.411,0.811,2.31,33.112,11.1538,23.6364,84.2105,73.3866,0.8371,0.9156,16.7236,0.7134,91.6446,81.7259,86.9565,93.0435,14.8661,2.1714,8329
North East and North Cumbria ICB - 16C ,A81014,Queenstree Practice,9.387,70.9302,77.5701,5.3722,6.5867,4.2159,3.9509,75.8333,70.8333,100.0,1.0118,1.288,24.605,10.6328,21.7056,88.9401,81.579,0.5541,1.2768,22.1311,0.1532,94.3545,84.4961,86.6667,96.6667,9.8901,3.1077,4982
North East and North Cumbria ICB - 16C ,A81016,Park Surgery,6.9851,66.4207,66.1202,2.5614,2.5949,1.854,2.7565,58.4507,69.5035,84.3537,0.5123,1.861,48.445,7.8581,11.758,91.8182,80.1795,0.5936,1.0408,15.6439,1.0807,88.4646,93.1035,74.2188,92.1875,15.6357,1.3905,13943
North East and North Cumbria ICB - 16C ,A81017,Woodbridge Practice,6.347,71.4044,76.0,3.2796,2.5249,1.7161,3.7317,73.7733,74.8634,95.0704,0.6537,0.837,18.095,7.4436,15.5535,84.5494,69.4851,0.3432,0.6374,16.2562,0.2247,86.1577,90.3846,82.2335,91.3706,10.9326,1.9885,17514
North East and North Cumbria ICB - 16C ,A81018,Bentley Medical Practice,8.2946,69.9208,72.6891,4.0518,6.4717,4.7189,5.3762,73.3788,71.6667,88.5714,0.8731,1.028,30.83,11.3276,21.9464,81.8402,69.5175,0.9909,1.4912,18.8402,2.7413,89.3841,89.2537,90.4192,95.8084,15.7495,2.8843,12749
North East and North Cumbria ICB - 16C ,A81019,Crossfell Health Centre,7.4012,63.9456,68.2464,3.3933,2.1249,3.618,2.5955,65.493,65.4545,80.198,0.8652,2.55,52.403,10.1602,16.4607,76.9663,63.0925,0.8427,1.0674,19.7392,0.7884,91.4829,93.5135,78.7402,87.4016,20.0334,1.7978,12072
North East and North Cumbria ICB - 16C ,A81020,Martonside Medical Centre,7.2419,72.9323,71.8391,3.87,5.4037,2.4535,3.0479,62.0155,73.2283,82.0896,1.0118,1.133,34.039,10.2691,17.377,74.1433,61.3485,0.7462,0.8474,16.5507,1.0104,85.1088,90.1345,78.7037,91.6667,14.0623,2.1753,9595
North East and North Cumbria ICB - 16C ,A81021,Normanby Medical Centre,8.115,73.3506,68.7956,4.0412,4.8609,3.6222,4.6391,71.6738,74.2243,90.8367,0.9339,3.12,37.744,10.3309,18.0981,81.1164,70.2269,0.851,1.0518,18.0967,1.2087,87.6043,88.685,80.6061,93.9394,14.9547,2.4177,28231
North East and North Cumbria ICB - 16C ,A81022,Hillside Practice,8.2035,72.9443,66.1224,4.3765,3.0965,3.908,4.2594,73.4848,74.4898,94.3662,0.9051,2.121,30.908,10.6337,22.6813,86.3014,77.7337,1.0861,0.969,20.2836,0.7787,89.5647,89.916,87.3134,94.0299,13.8128,2.7047,11068
North East and North Cumbria ICB - 16C ,A81023,The Endeavour Practice,5.3889,64.7059,64.5833,2.4555,3.2299,2.6391,2.008,46.594,64.9123,86.3158,0.4131,1.707,49.491,7.1108,11.245,87.4016,75.7327,0.7229,1.1819,14.9545,0.8091,88.1192,92.7152,60.7143,90.4762,16.091,1.3425,11488
North East and North Cumbria ICB - 16C ,A81025,The Dovecot Surgery,6.9019,69.8529,65.9091,3.8358,4.7575,2.7608,3.958,71.7391,72.4638,90.4762,1.0506,1.657,35.479,8.5628,17.7132,91.6168,71.5054,0.6352,1.2949,15.7152,0.4397,91.2924,89.3617,86.7925,83.0189,15.2717,2.2477,5669
North East and North Cumbria ICB - 16C ,A81026,Linthorpe Surgery,6.8725,65.3266,67.9389,3.6192,4.5056,3.4089,2.3236,54.612,62.0339,75.2,0.5498,1.241,45.894,9.4226,14.7877,79.3991,62.5809,0.7506,0.8845,13.9958,2.0126,84.126,89.3309,68.7259,89.9614,18.6879,1.855,24657
North East and North Cumbria ICB - 16C ,A81027,Yarm Medical Practice,6.422,79.8599,79.726,3.5236,4.0176,1.4149,4.9179,76.0532,78.2007,85.9813,0.9204,1.055,9.338,5.8809,16.5808,79.046,72.1949,0.2473,0.6388,12.2468,0.8839,83.6381,82.6271,79.6748,85.3659,6.9655,2.5345,13530
North East and North Cumbria ICB - 16C ,A81029,Prospect Surgery,5.0458,63.6364,62.6263,2.6128,4.4691,2.7246,2.4172,55.5102,71.4286,82.6087,0.6427,0.866,51.902,7.5897,12.5891,89.916,78.133,0.6986,1.006,15.3473,0.5226,91.896,91.1565,76.25,91.25,19.2012,1.6487,8967
North East and North Cumbria ICB - 16C ,A81030,Borough Road & Nunthorpe Medical Group,7.6593,74.1551,77.2861,3.2274,5.5838,2.2514,2.1376,69.5906,73.2824,89.4444,0.8562,1.487,27.62,8.6713,17.3523,81.0945,66.7538,0.479,0.8562,14.3843,2.2388,91.7712,86.506,80.1047,89.0052,10.446,2.1136,18344
North East and North Cumbria ICB - 16C ,A81031,Havelock Grange Practice,8.4566,68.1716,68.4713,3.9463,4.5168,3.3263,3.5524,67.6404,68.0851,92.0635,0.9775,0.575,41.823,8.4619,17.4922,86.6799,71.0818,0.9118,1.2255,21.0629,0.1339,88.5058,87.0861,72.4551,95.2096,19.1066,2.2102,17107
North East and North Cumbria ICB - 16C ,A81032,The Garth,8.7484,76.1905,81.1881,4.2969,2.6346,3.1086,4.5122,79.4872,76.4192,91.6667,1.3778,2.062,19.97,8.5306,18.7462,77.2816,64.4404,0.5597,1.1194,14.4434,0.8111,89.6966,85.348,79.8611,92.3611,10.4904,2.6522,13029
North East and North Cumbria ICB - 16C ,A81034,Thornaby & Barwick Medical Group,8.047,74.4882,79.4055,3.2033,5.4484,2.2887,3.6821,75.3623,75.7732,95.4248,0.9289,2.053,19.839,8.1721,16.8877,85.2,74.331,0.632,0.7805,14.0012,0.5193,89.6913,89.1489,72.807,89.0351,11.4672,2.3175,21152
North East and North Cumbria ICB - 16C ,A81035,Newlands Medical Centre,6.502,63.9871,65.5,3.5982,4.4013,2.9728,3.6289,52.6144,65.8228,88.3721,0.6253,0.699,45.836,9.1013,14.8642,83.4711,75.9934,1.0661,1.0969,18.4207,0.9849,86.0084,86.8313,70.0787,87.4016,17.5361,2.3065,13025
North East and North Cumbria ICB - 16C ,A81036,Norton Medical Centre,8.8694,71.6028,66.5803,4.0793,6.7284,2.7582,4.3606,77.7143,77.027,93.007,1.2966,1.355,28.162,8.8083,20.7755,82.5513,63.4623,0.6483,1.3088,19.4963,3.654,90.0013,88.0668,75.3555,92.891,13.4513,2.7338,19886
North East and North Cumbria ICB - 16C ,A81037,The Erimus Practice,6.0304,56.9767,58.6777,2.9758,1.5966,4.1843,2.9154,51.8672,68.2243,82.9787,0.6798,0.551,48.365,9.7265,14.0181,80.9524,70.4225,0.8459,1.0574,10.4973,0.9018,90.0608,96.4286,85.8586,93.9394,14.7281,1.5559,8875
North East and North Cumbria ICB - 16C ,A81038,Hirsel Medical Centre,6.1909,48.913,47.619,2.9031,1.6721,3.0087,2.2169,50.0,48.9796,84.7826,1.2668,0.218,48.015,12.4733,11.0847,88.7097,58.3799,1.4252,1.0821,16.1032,0.3714,85.3604,84.7826,74.6032,77.7778,18.6499,1.9002,4808
North East and North Cumbria ICB - 16C ,A81039,Eaglescliffe Medical Practice,8.3976,76.7386,77.7778,3.1782,4.509,1.4984,4.3454,79.5396,79.0393,92.5234,0.97,1.152,9.704,6.6858,15.4259,90.7268,76.6217,0.5205,0.6782,13.0361,0.8541,89.3471,86.4629,88.0734,90.8257,7.8589,2.358,10678
North East and North Cumbria ICB - 16C ,A81040,Marsh House Medical Practice,7.3803,72.1068,70.6422,4.4494,6.3033,2.7119,5.0716,77.3946,74.5223,98.5507,0.9979,0.661,24.82,8.8184,17.5511,75.3731,49.4703,0.7044,0.8687,16.9115,1.4011,90.4242,84.689,69.7248,83.4862,12.1914,2.571,9698
North East and North Cumbria ICB - 16C ,A81041,Hart Medical Practice,6.2731,68.8776,65.873,4.3681,5.6967,3.4669,4.6756,76.5568,69.9454,82.1429,1.2405,0.746,36.937,9.6887,19.3278,89.4118,80.0405,0.6573,1.039,23.6773,0.2936,91.9415,91.9679,79.6992,92.4812,16.6164,2.3537,11493
North East and North Cumbria ICB - 16C ,A81042,South Grange Medical Group Practice,7.4948,66.9291,64.2651,3.19,5.4043,4.2664,3.4883,75.9494,73.5849,89.4737,0.6224,1.634,45.96,11.0561,17.033,88.7689,68.8078,0.8234,1.2643,16.3217,1.6181,90.9509,88.6836,78.4483,93.1034,20.4536,1.9062,18700
North East and North Cumbria ICB - 16C ,A81044,Mckenzie House Surgery,7.7848,68.4438,65.8747,3.8882,5.7334,3.7035,3.6191,70.2936,69.0141,93.6782,1.1237,0.622,38.436,8.9479,18.1852,92.393,77.7699,0.7861,1.0499,21.5066,0.6005,90.046,88.1356,85.4167,91.25,16.1403,2.2263,22983
North East and North Cumbria ICB - 16C ,A81045,The Coatham Road Surgery,8.2995,67.1296,75.3425,4.3723,5.5414,4.0669,4.308,77.7778,78.4483,93.617,1.5753,2.643,32.092,11.0402,18.1,80.786,77.9264,0.9484,1.2538,15.9193,2.9922,91.3737,83.6842,88.0435,95.6522,17.5,2.7005,7501
North East and North Cumbria ICB - 16C ,A81046,Woodlands Family Medical Centre,7.117,69.3735,64.9306,3.6764,2.3628,2.5994,3.0124,62.9921,66.0377,70.6422,1.1904,1.008,31.481,8.8011,17.135,73.374,48.5222,0.5507,1.0446,11.5389,0.3171,87.8538,86.1702,76.9231,88.4615,14.1312,2.397,14899
North East and North Cumbria ICB - 16C ,A81048,Zetland Medical Practice,6.965,75.945,76.5957,4.8763,8.7118,3.0316,5.577,75.8824,74.1497,93.0233,1.8447,2.364,16.789,10.9797,25.025,90.5738,76.5452,0.5577,1.1583,18.1665,3.7173,91.0091,84.5283,65.4206,93.4579,8.928,3.6465,8729
North East and North Cumbria ICB - 16C ,A81049,Kings Medical Centre,5.1509,63.4021,66.8966,3.8651,6.1237,3.8651,2.6178,78.7037,79.8246,93.5484,0.6314,2.449,49.632,10.7393,15.9686,91.6667,77.2152,0.6621,0.9547,17.7179,0.7124,91.402,93.1217,91.0,96.0,18.6011,1.7247,8322
North East and North Cumbria ICB - 16C ,A81051,Cambridge Medical Group,8.1144,70.1245,74.3902,2.8976,3.0287,2.3071,3.543,65.368,72.3077,75.3623,0.5218,1.514,30.957,10.1785,13.8973,76.4368,69.2124,0.5493,0.8102,17.2324,0.5564,88.041,92.2619,70.5263,89.4737,12.3835,1.8402,7848
North East and North Cumbria ICB - 16C ,A81052,The Green House Surgery,9.2134,74.2105,79.6935,3.5785,7.1437,3.2316,4.4607,74.1722,73.1707,96.3303,1.2292,1.549,27.355,10.7987,19.885,82.0144,69.163,1.1003,0.9417,22.7468,3.0201,91.737,80.9231,69.9346,94.7712,12.7316,2.5773,12108
North East and North Cumbria ICB - 16C ,A81053,Woodside Surgery,7.0582,71.1207,62.9371,4.2093,4.814,4.3797,4.107,69.8113,73.3945,83.3333,0.7498,2.144,38.762,11.1387,23.6708,86.0656,66.6376,1.2611,1.653,24.0067,1.1823,91.936,88.0208,82.4176,92.3077,20.0645,2.3858,7617
North East and North Cumbria ICB - 16C ,A81054,The Saltscar Surgery,8.4142,74.3034,76.652,3.8223,5.2836,4.1623,4.7837,78.0769,78.0347,95.0,0.9497,1.468,29.987,10.7316,20.1782,82.9787,67.6006,1.3249,1.02,21.1201,3.4501,91.7553,80.9339,90.625,93.75,14.8933,2.6263,10237
North East and North Cumbria ICB - 16C ,A81056,Melrose Surgery,5.4185,74.5614,77.6316,3.4468,4.1348,3.2787,3.8251,78.4615,82.7586,90.4762,0.3363,0.357,25.007,7.8007,25.2627,91.4729,87.5,0.5044,0.5464,23.7876,0.2525,95.8172,97.6191,96.2963,100.0,10.8082,2.9004,2903
North East and North Cumbria ICB - 16C ,A81057,Kingsway Medical Centre,8.5502,69.9422,73.4615,4.0417,6.1183,2.9882,3.363,78.7097,76.7196,94.6667,0.9522,1.324,27.31,9.0748,18.1118,87.3684,72.5882,0.6584,1.1447,21.3368,3.2266,91.0864,86.6412,86.4,89.6,13.707,2.3805,10983
North East and North Cumbria ICB - 16C ,A81058,Coulby Medical Practice,6.8408,73.0408,69.7368,3.9014,6.6842,3.1773,4.4094,76.9759,76.1905,96.0396,1.178,2.242,28.117,9.3248,17.4106,84.5912,69.5282,0.8214,1.1348,17.8522,1.7048,92.3923,79.4118,82.3009,93.8053,11.0951,2.9828,10500
North East and North Cumbria ICB - 16C ,A81060,The Koh Practice,7.5523,73.2218,73.125,3.881,3.2501,2.529,3.8969,74.0331,71.0744,81.8182,0.7317,0.832,36.759,8.8447,17.7191,79.1667,76.2473,1.2407,0.9544,21.6211,1.1537,91.8713,86.5079,71.6049,93.8272,14.5541,2.9426,7186
North East and North Cumbria ICB - 16C ,A81063,The Headland Medical Centre,8.6692,64.2105,56.5217,4.4573,2.7027,3.5994,3.0959,78.2051,73.9583,86.5385,0.9138,0.093,40.061,10.0573,19.4703,90.0,78.9593,0.8206,1.0817,19.7577,0.2273,88.4555,87.0504,82.4324,94.5946,17.6809,2.3685,6534
North East and North Cumbria ICB - 16C ,A81064,The Discovery Practice,4.7882,66.6667,69.5652,1.7665,1.8711,2.4684,2.1409,51.7964,74.7253,77.6471,0.5849,0.205,50.017,6.4232,8.6687,74.7968,58.2524,0.4913,0.7487,10.3494,0.7782,93.0556,87.8049,86.8421,93.4211,16.3108,0.9359,10259
North East and North Cumbria ICB - 16C ,A81065,The Eston Surgery,6.3094,66.9421,53.4884,3.4241,4.7518,4.6913,1.9951,68.254,69.697,80.9524,0.4853,2.057,49.487,10.773,16.2847,93.9759,84.6449,1.1324,0.9706,21.6312,0.9188,88.874,94.6429,91.6667,95.0,23.6762,1.8603,4753
North East and North Cumbria ICB - 16C ,A81066,Park Lane Surgery,7.7404,75.9259,74.4966,3.6941,5.8983,1.5331,4.433,78.8462,77.5862,100.0,0.628,1.695,17.563,6.3782,17.3809,95.4839,83.0789,0.6834,0.6095,17.3107,1.8356,89.8287,90.566,79.2453,94.3396,7.2281,1.8471,5175
North East and North Cumbria ICB - 16C ,A81067,Alma Medical Centre,8.2456,64.9231,61.7117,3.0793,3.0908,4.5145,2.0074,74.0525,71.0059,87.5,0.5813,1.592,39.069,8.5568,14.4972,89.3401,74.6247,1.1627,1.0264,14.2544,0.1721,90.9024,92.5439,62.1212,94.697,18.9023,2.2981,13365
North East and North Cumbria ICB - 16C ,A81070,Mckenzie Group Practice,6.6667,70.9877,66.6667,2.9621,2.8055,2.8326,3.0592,73.0233,75.4902,91.6667,0.5018,0.51,33.149,7.0505,14.7297,89.6552,78.1699,0.5989,1.0845,21.0627,0.2358,90.0509,85.7143,81.3559,91.5254,16.3082,1.651,7254
North East and North Cumbria ICB - 16C ,A81602,Dr Rasool,8.4754,78.7234,83.6066,4.6861,2.1937,3.3212,5.05,75.9259,78.7234,100.0,0.8644,0.696,22.051,9.5087,26.7516,92.3077,72.2707,1.1374,0.364,20.9738,0.0,91.0954,89.2857,75.7576,90.9091,10.7254,2.8207,2680
North East and North Cumbria ICB - 16C ,A81608,Elm Tree Surgery,5.4547,66.9725,59.0062,1.9863,2.5325,2.2386,1.7987,65.2968,76.1538,85.8696,0.6211,1.08,44.955,6.4121,13.8652,81.6568,64.4377,0.5629,0.6923,22.8896,0.3822,96.6686,89.8148,82.1138,96.748,15.648,1.3199,12514
North East and North Cumbria ICB - 16C ,A81610,The Roseberry Practice,7.922,73.8182,78.4211,3.8142,4.5156,2.3036,3.6128,77.9468,77.6316,95.3488,0.642,2.482,24.232,8.9043,15.2694,88.1057,78.2962,0.6546,0.8434,20.6405,0.359,90.0146,87.766,72.6316,94.7368,13.8106,2.3288,8497
North East and North Cumbria ICB - 16C ,A81611,Parkway Medical Centre,6.4176,75.4098,65.8416,3.3412,3.4734,2.7201,4.1872,76.4901,73.5849,92.9293,1.103,2.567,26.45,9.179,17.1771,81.25,69.2249,0.6961,0.7603,19.4399,2.0225,87.9614,89.4515,84.1121,92.5234,11.8879,2.3238,9263
North East and North Cumbria ICB - 16C ,A81612,The Patel Practice,6.8522,73.125,63.9175,5.0075,4.4248,2.3667,4.6089,79.3388,77.7778,100.0,1.2706,1.434,24.26,9.1674,21.425,89.172,79.6586,0.3488,0.8221,19.408,0.2781,93.1222,91.5888,82.3529,94.1176,9.5951,2.5909,4271
North East and North Cumbria ICB - 16C ,A81618,Huntcliff Surgery,7.3597,75.4505,76.1092,4.0432,5.9577,3.0925,5.2942,78.2443,78.7611,91.6667,1.5612,1.14,20.66,9.7728,22.1777,86.5699,77.6577,0.7006,1.3611,14.0541,1.8636,92.426,80.8511,87.7698,92.8058,8.9259,2.7622,12526
North East and North Cumbria ICB - 16C ,A81621,Thorntree Surgery,8.9328,50.8475,48.7805,2.5715,2.5926,3.7305,2.3542,59.596,62.1622,89.7436,1.2314,5.238,65.449,10.3822,10.8294,93.1035,80.0,1.0866,1.6298,17.5132,1.0786,91.5946,90.625,63.6364,90.9091,30.5027,1.992,3575
North East and North Cumbria ICB - 16C ,A81622,Gladstone House Surgery,8.0734,67.6471,63.1148,3.4367,3.5485,3.4191,3.0666,69.8925,68.3168,89.7059,0.9693,0.549,45.484,8.7005,15.8795,92.5926,76.3194,0.987,1.0575,18.2463,0.4895,91.2988,86.1789,83.3333,89.3939,20.2044,2.2207,7010
North East and North Cumbria ICB - 16C ,A81629,Riverside Medical Practice,8.3143,66.3212,65.6489,3.6428,2.9905,3.3026,3.0191,68.0769,73.0,90.2174,0.5953,1.933,41.238,8.8489,15.6627,85.6209,68.4874,0.8221,1.1765,12.2721,0.9495,88.9009,91.358,75.2809,84.2697,15.4249,2.0978,8255
North East and North Cumbria ICB - 16C ,A81631,West View Millenium Surgery A,10.0534,74.2537,71.9577,4.1065,5.7913,3.6694,3.6959,83.7004,82.3129,98.4127,1.0068,1.631,37.629,9.0939,22.5858,87.8327,74.2718,0.6623,0.7683,25.129,0.7899,92.169,91.3979,85.0,98.0,14.7567,2.3977,8696
North East and North Cumbria ICB - 16C ,A81634,The Arrival Practice,3.349,59.0909,47.3684,0.8942,0.6765,0.7401,1.0176,70.0787,75.0,89.3617,0.0925,2.388,,4.2386,4.9645,66.6667,54.1936,0.6475,0.555,5.3323,0.5479,85.9779,88.0,61.1111,88.8889,16.2648,0.4934,2798
North East and North Cumbria ICB - 16C ,A83005,Whinfield Medical Practice,7.999,76.7033,75.817,3.6176,4.6155,2.9254,4.4087,78.1671,77.6824,94.3925,1.0713,1.192,24.971,10.5476,19.588,87.5283,76.188,0.8735,1.2279,22.574,0.479,91.5986,86.4499,85.2459,95.6284,14.1284,2.5958,13532
North East and North Cumbria ICB - 16C ,A83006,Orchard Court Surgery,7.884,74.2857,75.3927,3.3465,6.2745,2.7791,3.937,78.157,81.3665,93.1818,0.7874,0.755,26.155,10.8982,19.0829,91.4754,75.6515,0.6948,0.799,21.2491,0.9652,92.1911,86.1702,79.2,94.4,13.5443,2.4548,9061
North East and North Cumbria ICB - 16C ,A83010,Moorlands Surgery,7.517,74.9499,73.9003,3.5809,7.0639,2.6743,4.9785,76.6404,79.1045,94.0476,0.967,0.749,22.253,9.9919,22.4522,91.9308,80.9043,0.6497,1.1256,19.7386,0.3902,91.1752,87.9177,76.9663,97.191,13.2385,2.3419,14935
North East and North Cumbria ICB - 16C ,A83013,Neasham Road Surgery,6.8888,68.5039,66.0377,2.5643,2.95,2.6914,2.4297,70.9812,73.8916,86.2069,0.8597,0.231,34.623,9.4223,15.8269,88.141,76.3435,0.6429,1.0018,17.4781,0.2479,91.2479,83.5664,79.2683,92.0732,18.9831,1.712,14880
North East and North Cumbria ICB - 16C ,A83031,Carmel Medical Practice,7.2307,77.6805,81.2709,3.8112,5.6007,1.9013,4.2652,78.5714,79.5652,96.2264,1.0877,0.822,15.315,8.0673,19.2446,92.0914,82.6579,0.6423,0.8565,12.8878,1.1403,91.5073,81.4433,78.5185,91.8519,7.9756,2.7578,11827
North East and North Cumbria ICB - 16C ,A83034,Blacketts Medical Practice,7.3444,73.4513,74.2489,2.8672,4.5687,1.9465,4.0684,71.0383,79.3478,91.8919,0.6138,1.956,28.261,8.6433,15.0899,82.9082,73.0625,0.719,1.21,14.6398,0.8413,89.3575,84.5188,75.0,92.4242,13.5101,2.043,11661
North East and North Cumbria ICB - 16C ,A83040,Clifton Court Medical Practice,8.2219,67.1835,65.9176,3.1,4.8338,2.9613,3.565,72.7711,76.9608,84.4828,1.0442,1.152,33.663,10.3389,14.9046,86.2275,72.2036,1.3053,1.2971,21.7724,1.3432,91.4853,85.9813,92.4419,97.093,19.3296,2.2924,14307
North East and North Cumbria ICB - 16C ,A83047,Denmark Street Surgery,7.0319,70.7627,64.7239,3.1316,4.426,2.4894,3.84,69.7531,72.0472,89.2405,1.013,1.839,31.337,9.6106,19.2797,80.7183,67.6878,0.6886,1.099,19.954,0.59,90.1893,89.0306,77.7228,92.0792,17.4318,2.0657,16783
North East and North Cumbria ICB - 16C ,A83048,Rockliffe Court Surgery,7.915,79.9197,81.7647,3.3537,4.3781,1.38,5.1669,83.3333,83.8462,95.8333,0.7381,0.407,13.443,8.0115,20.2664,92.674,83.2323,0.6418,0.6258,14.2193,0.5852,94.438,85.7143,94.2029,98.5507,6.6741,2.4711,5693
North East and North Cumbria ICB - 16C ,A83070,St George's Medical Practice,6.1832,80.7531,82.5806,4.0557,5.4828,2.0193,5.9392,82.3899,80.1653,97.9167,1.7648,0.777,15.726,9.1514,22.3316,87.5,79.7431,0.577,0.543,14.3412,1.2179,95.6721,89.759,90.411,94.5205,7.4867,3.0884,5655
North East and North Cumbria ICB - 16C ,A83641,Parkgate Surgery,6.5042,60.0,58.5366,2.8395,3.0829,2.9424,2.6543,64.881,68.6567,92.8571,0.7819,1.347,38.172,9.3893,15.0206,89.5833,78.3912,0.9259,1.2551,25.4145,1.087,88.1923,88.7931,81.6667,93.3333,25.2896,1.8107,5332
North East and North Cumbria ICB - 16C ,Y00286,The Ravenscar Surgery,7.961,71.3043,71.9512,3.0124,4.0486,3.3668,3.987,66.055,70.7692,87.5,0.8565,2.429,31.277,9.4011,18.3107,81.0,70.7692,0.5907,0.9746,18.9915,1.4793,92.1275,91.7808,90.4762,97.619,15.2542,1.5357,3744
North East and North Cumbria ICB - 84H ,A83001,St andrew's Medical Practice,7.4877,74.7232,67.1429,3.9212,4.2521,2.7353,3.5386,82.4701,77.5,95.7055,0.797,1.433,25.341,9.0773,17.7123,78.6469,69.0239,0.6567,1.1094,19.747,1.4791,90.1939,84.8718,83.4171,88.4422,12.8898,2.2061,16498
North East and North Cumbria ICB - 84H ,A83003,Willington Medical Group,8.4329,75.4617,63.8554,4.6002,4.5545,3.1789,4.828,74.3295,71.7277,89.2857,1.1283,0.546,36.135,11.302,20.5056,83.3898,67.5862,1.4864,1.2585,21.9603,0.4955,91.0388,83.7545,80.9211,88.1579,14.4329,2.9185,11224
North East and North Cumbria ICB - 84H ,A83007,Blackhall and Peterlee Practice,9.0489,74.3902,70.7407,5.9145,7.3479,4.4993,4.8214,77.3333,74.7475,94.2529,1.6104,1.713,40.828,10.0724,24.0972,87.3894,76.4502,1.1809,1.3078,23.9457,1.2484,92.9923,89.6552,90.1316,94.7368,17.0576,2.928,14132
North East and North Cumbria ICB - 84H ,A83008,Hallgarth Surgery,8.6153,67.7083,70.9677,4.3268,4.5644,4.4197,3.7697,73.4177,74.7475,93.617,1.1885,1.066,45.455,11.1162,18.7001,90.3226,75.5177,1.1328,1.3556,21.4551,1.6742,91.2309,83.2335,86.5854,95.122,20.9385,3.0455,6628
North East and North Cumbria ICB - 84H ,A83009,Bridge End Surgery,8.0102,75.0,78.3654,4.2463,5.9899,2.3619,5.8467,75.9091,80.7229,87.5,0.8131,2.561,21.995,9.2345,19.9277,83.0918,66.2832,0.5421,1.1358,20.7438,3.4691,87.8204,81.2227,80.198,93.0693,11.7803,3.0718,8956
North East and North Cumbria ICB - 84H ,A83011,Claypath & University Medical Group,4.0642,76.8889,78.2313,1.363,1.2087,0.5289,1.9976,52.1079,77.4336,96.3855,0.3868,1.771,10.293,2.4977,6.5127,82.9182,68.3616,0.1269,0.541,5.3518,1.167,89.4234,81.3765,78.3333,87.5,4.5691,1.0215,18359
North East and North Cumbria ICB - 84H ,A83012,William Brown Centre,7.3403,72.7928,75.1309,4.6299,6.9322,3.9785,3.1739,72.4696,72.0,95.0,1.1303,0.779,40.149,9.2532,19.4585,83.5088,74.3642,0.8302,1.1112,16.138,0.2961,91.7944,86.7416,83.1731,95.6731,17.4747,2.6566,20081
North East and North Cumbria ICB - 84H ,A83014,Belmont & Sherburn Medical Group,8.0918,73.5537,75.4839,4.3388,3.0368,2.3927,3.9241,73.224,73.6434,93.617,0.6381,1.412,21.479,9.4412,19.9553,85.3061,77.6342,0.5424,0.9411,12.4178,0.247,90.8404,82.2695,79.0698,91.8605,11.5643,2.616,6585
North East and North Cumbria ICB - 84H ,A83015,Station View Medical Centre,8.3415,76.8194,78.8845,4.1851,2.8232,3.5578,3.7429,76.0,80.102,85.8824,1.6144,0.5,34.998,11.2041,22.7044,85.2879,74.4681,1.1208,1.0488,16.1649,0.8958,91.8829,88.2143,90.625,96.25,12.4248,2.8792,12013
North East and North Cumbria ICB - 84H ,A83016,Tanfield View Medical Group,8.8622,72.7488,67.2474,4.5572,6.7694,3.9933,4.6127,75.641,77.512,98.0,1.2664,1.507,36.52,11.8347,25.7626,84.3478,68.5002,0.8412,1.1925,24.4635,2.362,91.8219,85.4271,87.5706,95.4802,16.3521,2.8471,13399
North East and North Cumbria ICB - 84H ,A83018,Consett Medical Centre,8.2612,73.6682,71.789,4.3329,6.3946,2.7956,4.0895,72.5773,74.7851,97.3214,1.1396,1.303,25.15,10.5438,23.5043,85.2673,63.7645,0.7301,1.2346,21.5825,1.8802,90.9363,81.5486,81.6092,91.954,14.1456,2.76,19014
North East and North Cumbria ICB - 84H ,A83020,North House Surgery,9.6306,75.4221,62.7566,4.7054,6.443,4.4609,5.5576,76.7089,73.3591,94.8276,1.1041,1.925,31.292,10.8201,23.7866,86.233,75.7552,0.9856,1.2004,19.6866,2.3206,90.1409,84.9885,87.6847,94.5813,15.0877,3.3642,16168
North East and North Cumbria ICB - 84H ,A83021,Auckland Medical Group,8.6308,74.4643,67.6393,3.9424,4.816,4.1939,4.1751,78.2051,77.7397,95.9732,0.8991,0.963,35.641,11.2872,18.9261,82.5911,72.2576,0.9243,1.3896,19.3036,0.7058,91.697,87.5494,87.3518,96.4427,15.5385,2.8609,18286
North East and North Cumbria ICB - 84H ,A83022,The Medical Group,8.066,74.1807,71.9821,3.9291,4.0028,2.6757,3.8841,72.8365,72.1248,96.8326,0.9495,0.653,27.994,10.3459,18.0546,84.0596,69.6877,0.668,0.987,20.5281,0.77,90.4963,87.5513,73.4694,92.8571,14.3671,2.5106,29433
North East and North Cumbria ICB - 84H ,A83023,Stanley Medical Group,9.5088,74.2647,67.3993,3.8911,5.2812,3.3947,3.3867,75.5501,77.5785,94.3548,0.9287,0.788,37.669,10.9039,19.3995,80.7317,64.2822,1.3451,1.0649,22.2155,0.7664,89.489,84.596,77.0408,92.3469,17.7382,2.49,14708
North East and North Cumbria ICB - 84H ,A83024,West Rainton Surgery,8.7904,75.7991,72.4138,4.9845,5.4345,3.4019,5.9123,75.3247,76.3636,97.561,1.0733,1.782,27.071,11.4354,23.2127,84.3636,72.7273,0.5821,1.1097,20.0,1.1039,90.1356,87.2449,79.0698,94.186,11.7398,3.6202,6463
North East and North Cumbria ICB - 84H ,A83025,Bishopgate Medical Centre,8.4683,72.1893,69.3642,4.2364,2.8217,3.2138,4.2144,75.1861,74.8175,98.2456,1.176,0.171,38.81,11.4581,17.8584,87.8571,78.7161,0.7742,1.2052,18.6017,0.4409,91.3541,88.4237,79.2793,96.3964,16.757,3.002,16218
North East and North Cumbria ICB - 84H ,A83026,Sacriston Medical Centre,8.4245,71.6667,71.8876,3.9396,4.9533,2.5519,3.9303,74.1573,72.0379,97.0874,0.4657,1.786,26.01,9.0733,18.0311,79.5252,59.0369,0.9872,0.9407,19.8825,2.2238,89.5145,87.7551,80.1527,89.313,13.5543,2.8779,11509
North East and North Cumbria ICB - 84H ,A83027,Coxhoe Medical Practice,7.7149,77.5591,80.0,3.5212,3.0923,2.1942,4.2833,81.746,79.1946,98.5916,0.5781,1.804,20.97,9.3049,16.4762,82.9268,67.9695,0.4993,0.9854,19.7133,0.3602,90.6644,90.0524,84.5361,94.8454,11.6405,2.0759,7393
North East and North Cumbria ICB - 84H ,A83028,Middle Chare Medical Group,7.628,78.5542,79.5539,3.8482,6.4172,2.2705,5.5751,69.4853,73.2323,95.3846,0.8101,1.966,21.642,9.3856,21.0212,82.3096,73.0351,0.5756,1.034,19.9873,1.5324,92.1881,83.0882,82.3077,90.0,10.1405,3.0594,10482
North East and North Cumbria ICB - 84H ,A83029,Great Lumley Surgery,8.408,79.0698,79.7297,4.4123,6.0794,2.1681,5.6866,80.2548,82.906,90.625,1.1411,2.019,18.858,9.416,20.4831,77.4039,67.2037,0.3994,1.2552,22.2528,2.5088,93.5336,82.0359,84.058,94.2029,9.9912,3.3283,5904
North East and North Cumbria ICB - 84H ,A83030,Dunelm Medical Practice,7.5499,74.1071,70.5128,3.0562,3.0206,2.2422,3.4495,72.1311,75.7085,93.3884,0.8486,1.792,21.477,8.7513,16.8541,80.3357,68.46,0.7382,1.1245,15.38,2.1379,97.182,88.255,71.1864,93.7853,11.9974,2.0145,13947
North East and North Cumbria ICB - 84H ,A83032,Woodview Medical Practice,10.3823,80.0,80.5195,5.4869,7.1751,4.0958,5.6028,84.4828,80.0,100.0,1.8934,1.579,29.943,11.2795,22.7589,91.25,89.0443,0.7342,1.1206,26.6245,0.5606,95.0355,95.098,95.5556,100.0,10.1001,3.7094,3094
North East and North Cumbria ICB - 84H ,A83033,Pelton & Fellrose Medical Group,8.6329,73.6842,75.9825,4.0557,4.9392,3.0119,3.9662,73.1392,77.095,98.2456,0.7555,1.094,25.952,10.0327,18.7972,80.6202,69.7473,0.666,0.8648,17.8892,2.2549,87.9707,87.8893,81.5603,89.3617,13.2884,2.4354,10725
North East and North Cumbria ICB - 84H ,A83035,The Weardale Practice,8.5094,79.2244,70.2128,4.8971,3.8919,3.3667,6.5248,81.6456,78.4091,100.0,0.8765,0.354,23.026,9.9364,25.8486,88.191,73.3562,0.4313,1.0156,19.3471,0.2133,90.9863,86.6995,95.098,97.0588,7.9193,3.172,8043
North East and North Cumbria ICB - 84H ,A83036,Chastleton Medical Group,7.1421,81.5385,81.5498,4.5651,5.8429,1.778,6.4777,75.4448,78.2828,98.6301,1.4032,0.602,8.812,8.4293,21.5762,89.3401,76.058,0.4709,1.038,17.76,1.8068,87.2502,86.0806,94.4444,98.4127,6.2687,3.0082,10840
North East and North Cumbria ICB - 84H ,A83037,Bewick Crescent Surgery,8.4778,76.0536,73.9837,5.1233,3.732,3.4538,5.4143,73.4247,72.4638,92.4528,1.2559,1.722,28.189,11.5385,22.1244,85.626,76.2712,0.6203,1.0338,14.1461,0.7726,90.9052,83.1296,89.7674,95.3488,11.2805,3.1398,15461
North East and North Cumbria ICB - 84H ,A83038,Cedars Medical Group,8.2178,78.2178,68.8312,3.1371,4.7677,1.8435,4.7219,87.6238,85.4839,94.5455,0.8409,0.852,19.23,7.9896,17.044,89.5928,79.2317,0.7439,0.7115,20.9982,1.9616,93.422,84.2105,84.375,93.75,9.9652,1.9728,5692
North East and North Cumbria ICB - 84H ,A83041,Murton Medical Centre,8.2603,74.8148,69.1099,5.4936,7.1524,4.7457,4.4466,70.9821,73.9726,93.2203,1.1422,1.055,35.619,11.1589,20.8186,86.6907,76.6161,1.2918,1.659,22.5796,2.6582,90.6892,89.2,84.4262,94.2623,15.4959,2.6516,9630
North East and North Cumbria ICB - 84H ,A83043,Old Forge Surgery,8.3972,76.5101,73.0337,4.4486,9.1065,2.6916,5.1589,77.7778,76.9231,90.0,0.8224,2.18,23.236,12.2466,29.9439,94.079,78.2743,0.6355,1.4206,20.3933,0.9919,93.3448,81.9672,87.234,95.7447,6.4182,3.2523,3031
North East and North Cumbria ICB - 84H ,A83044,The Horden Group Practice,6.8961,71.3333,76.1682,4.9331,5.3633,4.1853,3.9079,77.3438,78.882,90.6977,1.1217,0.449,43.883,10.7174,18.9241,85.1351,73.6842,0.7357,1.0011,21.9326,0.2611,92.6136,85.9922,84.2975,95.0413,17.6758,2.5087,10540
North East and North Cumbria ICB - 84H ,A83045,Ferryhill and Chilton Medical Practice,7.9287,71.5044,67.5393,4.9095,5.0882,4.4131,4.3125,69.5652,70.0,85.5073,1.1737,0.706,42.69,10.6961,18.8062,86.0113,71.956,0.9524,1.3682,21.5511,2.2803,90.1827,85.4209,72.1973,90.1345,17.8213,3.1791,18424
North East and North Cumbria ICB - 84H ,A83046,Barnard Castle Surgery,7.6629,80.2734,78.6145,4.5911,3.1158,2.0537,5.3487,81.2977,81.8548,95.3846,1.0497,0.926,17.14,9.2529,20.272,86.0781,75.5515,0.502,1.0131,16.407,0.3024,91.7577,85.6643,88.2759,95.1724,9.3848,3.5779,11876
North East and North Cumbria ICB - 84H ,A83049,Queens Road Surgery,9.0221,78.0399,74.4898,3.1532,4.6579,2.2128,4.3334,81.8868,79.7546,96.3504,0.7007,0.916,22.522,8.386,20.6835,82.9787,67.9043,0.6884,0.8605,19.1127,1.9228,92.6753,85.8311,86.2637,95.6044,11.1933,1.9608,15314
North East and North Cumbria ICB - 84H ,A83050,Cestria Health Centre,8.1808,77.9167,81.1594,4.1377,5.4179,2.2189,4.951,79.7403,82.5926,97.5309,0.916,0.749,20.759,8.6222,18.2565,80.8036,67.382,0.4106,1.0028,18.0211,2.4577,90.9655,82.4713,79.1946,89.2617,8.9204,3.0875,13375
North East and North Cumbria ICB - 84H ,A83051,Marlborough Surgery,8.6204,76.4128,70.7407,4.6369,7.2546,3.5479,5.3482,75.2874,74.1627,96.2264,1.4666,1.433,31.725,9.8109,21.788,85.5649,70.2946,1.2909,1.1065,23.7116,0.634,90.6745,88.4507,87.3418,93.6709,14.1222,2.4063,13728
North East and North Cumbria ICB - 84H ,A83052,Bishops Close Medical Practice,8.6154,76.9452,74.1784,5.2059,5.2023,3.7714,5.0324,81.0078,80.3681,93.0233,1.1337,0.677,26.661,10.0014,21.7492,81.6568,74.5136,1.0759,1.18,17.3833,2.7806,91.8007,84.5238,87.395,95.7983,14.2469,2.8922,10058
North East and North Cumbria ICB - 84H ,A83054,Skerne Medical Group,9.072,76.555,70.9459,4.5677,6.5254,2.7347,4.4364,76.6667,79.1304,97.4026,0.8777,0.625,21.247,9.8803,20.2412,87.8519,77.7901,0.621,1.0688,23.0781,2.667,89.9314,84.9315,85.0877,94.7368,10.5905,2.9914,19281
North East and North Cumbria ICB - 84H ,A83055,Cheveley Park Medical Ctr,7.8591,80.1047,83.3333,3.6274,4.9081,1.8831,5.3915,79.085,82.0225,97.7273,1.0109,1.112,13.84,8.6697,19.7423,81.6239,69.685,0.4361,1.0505,18.206,0.4758,91.7463,86.5079,88.5246,95.082,6.499,2.5966,5063
North East and North Cumbria ICB - 84H ,A83057,East Durham Medical Group,7.9441,72.1793,69.0045,4.6486,4.6272,4.2111,4.2767,74.5946,73.5211,84.5714,0.9407,2.263,39.84,11.3491,19.4476,84.7826,74.9657,0.8313,1.1813,23.8449,0.8351,93.4513,88.6487,75.0,90.7895,18.0802,2.5048,23916
North East and North Cumbria ICB - 84H ,A83060,Pinfold Medical Practice,8.9455,78.6765,78.7879,4.2694,4.5361,2.3256,4.7553,81.4286,82.2785,100.0,0.6595,1.196,28.117,10.7843,19.8889,91.2621,81.0638,0.7636,0.9719,18.1031,2.2121,94.1812,87.1795,88.6364,95.4545,8.8118,2.3603,3123
North East and North Cumbria ICB - 84H ,A83061,Gainford Surgery,8.2819,79.6512,76.1062,3.6512,5.3219,1.7711,5.4768,81.6092,83.908,100.0,0.6812,1.593,16.904,7.7918,20.545,87.027,81.5466,0.2997,0.4905,13.5755,0.2463,89.7297,75.0,95.0,100.0,6.016,3.1063,3634
North East and North Cumbria ICB - 84H ,A83066,Jubilee Medical Group,7.3013,70.8763,66.7939,3.9001,2.6603,2.7824,3.7654,80.1034,83.0918,92.1429,1.0067,2.832,34.694,9.7391,16.9481,86.9688,81.1205,0.8006,1.2049,21.0601,0.6071,89.2072,83.4921,80.4878,93.2927,16.1135,2.4178,13221
North East and North Cumbria ICB - 84H ,A83071,The New Seaham Medical Group,7.8413,77.381,68.9655,4.3684,7.4025,3.0342,4.1963,76.7742,73.7374,91.8919,0.5595,1.951,30.81,10.0685,18.3559,94.4882,86.2259,0.9038,0.9899,24.1849,1.1746,91.573,92.9578,94.0299,94.0299,12.8999,2.0874,5063
North East and North Cumbria ICB - 84H ,A83072,Lanchester Medical Centre,7.3663,82.2785,78.7037,3.9721,5.9605,1.5648,6.259,82.8571,82.5581,90.3226,1.7092,0.236,17.451,8.0697,24.2898,90.5512,76.5563,0.7944,0.9629,19.6813,1.7208,93.4483,86.2385,91.6667,95.8333,5.5477,3.3462,4269
North East and North Cumbria ICB - 84H ,A83073,Drs Lambert & Ng,9.5134,74.5,70.4545,5.6207,7.1362,4.0878,4.2203,68.5535,70.1031,97.0588,1.2301,0.324,38.262,11.8466,22.3316,84.4621,68.3531,0.9084,1.0787,22.4745,1.0504,88.2486,86.5,79.5455,92.0455,17.1657,3.4254,6793
North East and North Cumbria ICB - 84H ,A83074,Pease Way Medical Centre,8.3686,72.0183,67.9054,3.5499,2.3541,3.0381,3.5912,75.827,75.5556,92.3077,0.7265,2.702,33.51,10.1683,16.4204,83.8509,70.3059,0.8916,1.1723,21.081,0.3628,88.4572,88.4615,86.1272,93.6416,14.8104,2.7904,13478
North East and North Cumbria ICB - 84H ,A83075,Byron Medical Practice,6.867,71.4286,69.4444,4.9176,6.9982,4.1722,4.2924,75.0988,72.0497,95.3846,1.2144,2.597,33.088,10.6642,20.6084,87.291,77.6678,1.2144,1.1783,23.6502,1.0213,91.319,93.3333,91.6031,96.1832,12.6374,2.7654,10413
North East and North Cumbria ICB - 84H ,A83610,Wingate Medical Practice Intrahealth,9.6852,74.7826,68.2927,4.6215,5.9622,3.856,3.6575,80.9091,76.1194,96.7742,0.5387,1.0,34.943,10.5097,19.9603,91.3979,81.9967,0.7655,1.4743,20.3142,0.7123,93.4864,96.1165,87.7551,95.9184,14.869,1.8429,4200
North East and North Cumbria ICB - 84H ,A83616,Bevan Medical Group,8.3375,74.6622,75.0,4.6928,4.2913,4.5882,4.5998,75.8621,77.2414,94.4444,0.7086,1.241,39.983,9.8746,18.3413,87.8049,80.9452,0.8828,1.6262,23.5002,1.1343,92.7928,92.8889,65.2542,95.7627,17.6512,2.2651,10428
North East and North Cumbria ICB - 84H ,A83617,Browney House Surgery,7.6228,75.0,62.6667,5.1186,4.9642,2.6722,4.14,73.9726,84.2105,93.3333,0.8656,0.224,24.982,10.3143,21.6786,84.0426,55.1867,1.2044,1.8065,19.7674,0.6504,90.2778,89.8734,82.5,92.5,15.9845,3.2744,2815
North East and North Cumbria ICB - 84H ,A83618,Oakfields Health Group,8.12,80.0,71.2871,3.8176,6.8651,3.1401,3.557,80.7377,79.085,96.6102,1.4202,0.736,27.268,10.7312,21.3029,89.3836,79.449,0.456,1.0293,23.6038,1.9613,93.136,79.2157,83.7607,95.7265,10.8245,2.8274,8432
North East and North Cumbria ICB - 84H ,A83619,Southdene Medical Centre,8.6629,68.0672,70.3704,3.8031,3.3879,4.9823,3.9505,79.646,79.6875,94.5946,0.4127,2.01,40.04,10.8831,17.2759,98.8235,82.2355,0.7665,1.3561,20.6999,0.6849,91.834,93.8272,90.7407,96.2963,18.6146,2.7123,4460
North East and North Cumbria ICB - 84H ,A83622,The Haven Surgery,8.7793,73.3333,71.1111,4.2343,7.3446,2.8422,4.8724,85.4167,85.2941,100.0,0.9861,2.825,32.45,12.4826,28.1903,93.3333,83.455,3.0742,1.1021,18.2203,4.6972,97.8046,80.9524,93.75,100.0,15.3846,3.2483,1957
North East and North Cumbria ICB - 84H ,A83626,Evenwood Medical Practice,7.3557,73.6264,71.9298,5.1429,2.1207,3.2967,3.6044,84.127,80.0,96.0,1.0549,0.109,39.182,13.6266,21.0989,92.6471,86.165,0.8791,0.8791,25.6117,0.0984,93.6481,91.5663,90.4762,97.619,18.8866,3.1209,2564
North East and North Cumbria ICB - 84H ,A83627,Silverdale Family Practice,8.7055,72.3077,69.3431,4.6967,6.316,4.8472,3.1763,78.0083,78.3784,94.7368,0.557,1.74,34.937,10.0847,18.1394,91.7722,84.7182,1.114,1.2494,24.7947,0.1752,94.3741,90.2439,81.7204,94.6237,14.626,2.5591,7260
North East and North Cumbria ICB - 84H ,A83634,West Cornforth Medical Centre,10.3315,66.3636,63.7681,5.3014,5.885,4.1757,4.2484,78.75,76.4706,93.1035,1.4887,0.724,43.247,13.8208,23.7836,86.1539,69.9048,0.581,1.4887,28.1123,2.3654,94.8905,86.4865,79.6296,92.5926,17.5858,2.9412,3873
North East and North Cumbria ICB - 84H ,A83635,Bowburn Medical Centre,6.2798,72.5664,76.1905,2.4293,2.0875,1.7005,2.5398,68.2353,74.2424,89.5833,1.1042,0.944,22.583,7.5775,13.1846,89.1473,83.1197,0.3534,0.8613,11.61,0.2138,89.4353,85.2459,75.5556,84.4444,11.8996,1.6343,3910
North East and North Cumbria ICB - 84H ,A83636,Leadgate Surgery,7.3631,77.512,72.0,3.5647,6.4558,4.2674,5.0557,80.6283,78.1818,98.2456,1.1311,0.577,29.307,10.4487,24.7129,91.1765,79.7342,0.874,0.8398,28.9654,1.8961,92.9088,89.4737,82.5,93.75,14.2624,2.7078,6526
North East and North Cumbria ICB - 84H ,A83637,Villages Medical Group,8.0686,69.0058,65.4867,4.755,7.1657,4.1999,4.0309,71.9298,69.2308,93.9394,1.0138,0.903,33.976,11.2773,21.7475,75.0,67.5567,0.7965,0.7965,24.7306,2.1421,90.1547,83.5443,86.7647,91.1765,16.0559,3.1137,5164
North East and North Cumbria ICB - 84H ,A83644,Annfield Plain Surgery,8.6166,73.0159,64.6341,4.0212,7.4515,2.9321,4.468,79.4643,78.6885,100.0,1.3404,3.675,38.691,11.8298,20.888,89.916,81.717,0.9215,1.2566,27.5604,1.1881,93.8079,92.1429,94.9153,96.6102,16.77,2.5412,4370
North East and North Cumbria ICB - 99C ,A86005,West Farm Surgery,7.5502,70.5556,67.1875,3.3234,6.0612,3.4888,3.6541,73.3624,73.4694,96.1539,1.2235,1.531,22.337,9.6201,17.4603,81.2155,72.5714,0.9755,1.2401,20.8109,1.5429,87.7427,88.3041,90.3614,95.1807,14.3284,2.3975,7006
North East and North Cumbria ICB - 99C ,A86016,Lane End Surgery,7.1724,80.758,77.686,3.1497,5.5212,1.5696,5.267,80.0604,81.4815,94.5055,0.8217,0.322,13.456,7.9635,17.7815,82.0261,68.741,0.5056,0.7479,16.4865,1.8399,89.7727,85.9813,84.5455,92.7273,8.0841,2.2438,9442
North East and North Cumbria ICB - 99C ,A86041,Swarland Avenue Surgery,6.9812,78.2805,76.7606,3.5607,3.4689,1.7804,4.2938,74.2739,75.4717,95.6522,0.7032,1.1,13.442,8.0642,14.5123,85.1282,73.6774,0.7929,0.763,15.5912,1.0421,88.2207,84.6154,92.5926,96.2963,8.9225,2.1694,6381
North East and North Cumbria ICB - 99C ,A87002,Spring Terrace Health Centre,7.0623,72.9839,66.4557,4.5818,6.0635,4.0153,4.7984,73.2484,69.9187,97.0588,1.2829,1.085,20.848,9.9021,21.4595,73.9777,64.0824,0.983,1.3995,19.3142,0.2759,90.7516,84.466,79.3478,91.3043,17.1058,3.6988,7724
North East and North Cumbria ICB - 99C ,A87004,Collingwood Health Group,8.4816,73.7962,67.2819,4.2374,5.432,3.071,4.7553,74.5271,74.6781,95.3846,1.0808,1.811,26.227,8.951,18.4543,77.1018,62.7451,0.8483,1.1011,16.8795,1.0499,91.1256,80.3053,79.878,91.1585,14.132,2.8344,29333
North East and North Cumbria ICB - 99C ,A87005,Whitley Bay Health Centre,7.7614,79.8872,78.0415,4.1268,3.0153,1.9788,5.4951,82.6087,84.0,94.8276,0.971,0.547,12.36,7.3897,16.3307,83.2423,73.1299,0.6179,0.9269,12.4832,0.3867,91.9394,85.3147,88.1481,94.0741,7.7063,3.1337,14751
North East and North Cumbria ICB - 99C ,A87006,49 Marine Avenue Surgery,6.5178,79.3103,75.5102,4.1882,6.3851,1.9131,6.0496,78.2609,80.1653,100.0,1.5857,0.53,,7.1673,18.4074,76.7123,66.1083,0.7067,1.0341,13.8923,0.6986,89.4704,86.8613,87.6923,93.8462,9.5322,3.5505,6548
North East and North Cumbria ICB - 99C ,A87007,Forest Hall Medical Group,7.6581,75.2308,69.7941,4.0312,6.7793,3.3472,4.1041,71.8261,70.5714,94.7712,0.6952,0.57,21.363,9.4014,19.8699,83.758,72.9767,0.841,1.0092,20.5326,1.1974,89.9478,83.4587,58.9212,93.361,13.7396,2.5959,19446
North East and North Cumbria ICB - 99C ,A87008,Marine Avenue Medical Ctr,7.1557,78.7755,78.3333,2.7391,4.1587,1.5167,3.9955,83.2753,81.25,100.0,0.9508,0.955,9.376,5.7436,13.4465,79.9353,61.8885,0.6225,0.7583,9.2432,0.7806,89.407,75.5725,70.3125,79.6875,5.9593,1.6978,7982
North East and North Cumbria ICB - 99C ,A87009,Priory Medical Group,7.1838,75.043,69.4444,3.4389,5.0969,2.3056,4.5658,74.9529,72.6688,97.7273,0.7189,1.46,20.898,7.3232,15.4329,77.951,70.9411,0.9196,1.2046,15.5141,1.9478,89.6743,86.0399,89.2216,94.6108,12.4541,2.7395,16727
North East and North Cumbria ICB - 99C ,A87011,Beaumont Park Surgery,7.9049,79.8479,79.8851,3.517,5.5058,1.4628,5.7423,81.3559,84.3972,96.7742,1.0738,2.42,7.618,6.9872,20.0436,75.8741,66.8663,0.4513,0.498,14.0789,0.2589,91.0699,81.25,81.25,92.1875,4.7194,2.7389,6344
North East and North Cumbria ICB - 99C ,A87012,Wideopen Medical Centre,7.9334,71.831,67.1717,4.8389,8.3022,3.0624,4.0567,76.1702,71.519,95.7746,1.3125,0.276,21.796,9.6505,20.2439,79.4479,68.443,1.2329,1.0871,20.3574,0.856,87.9544,77.7344,58.8785,83.1776,13.1587,3.195,8847
North East and North Cumbria ICB - 99C ,A87013,Bewicke Medical Centre,8.8069,72.3602,67.4009,4.62,6.2842,3.666,4.4271,72.8155,72.8916,91.6667,1.1577,1.815,32.764,10.6162,20.1737,82.4841,72.2577,0.9755,1.2113,25.7638,1.9364,93.0072,87.0663,91.7808,96.5753,17.7025,2.862,11739
North East and North Cumbria ICB - 99C ,A87016,The Village Green Surgery,7.8217,73.1415,71.1744,3.5256,5.0273,2.9472,3.9009,72.8632,74.6479,95.7627,0.813,1.746,27.432,8.1472,18.9572,82.2823,73.3748,1.0163,1.2899,19.0252,2.2374,90.5313,83.5484,85.6164,92.4658,14.378,2.2749,14303
North East and North Cumbria ICB - 99C ,A87017,Woodlands Park Health Ctr,8.1361,80.9717,77.2152,3.8712,7.0205,3.3419,5.0204,80.5687,81.5126,88.6364,0.9224,0.764,14.147,9.0055,22.6675,80.0,66.1578,0.4688,1.0132,18.8641,2.0711,90.6154,86.5169,91.954,96.5517,8.8251,2.8883,7140
North East and North Cumbria ICB - 99C ,A87019,Nelson Medical Group,6.8389,70.7447,64.6154,4.1675,6.6732,2.9334,4.5721,69.4805,78.8462,94.2857,0.8901,0.974,,9.4689,18.9763,80.3922,62.8065,1.0925,1.4971,17.2674,0.6446,89.8515,82.069,60.5634,81.6901,17.1154,2.9132,6352
North East and North Cumbria ICB - 99C ,A87020,Monkseaton Medical Centre,7.6965,81.8444,80.2632,4.0428,4.9003,2.0327,4.9085,76.0504,80.3191,97.4684,1.0163,0.128,11.463,7.5819,16.299,81.4531,65.8344,0.6625,0.7453,13.0704,0.7373,85.8811,76.8966,82.1429,73.8095,8.8602,2.7855,10289
North East and North Cumbria ICB - 99C ,A87022,Northumberland Park Medical Group,7.2009,73.9837,73.0337,2.4624,4.0217,1.8364,3.4641,81.7722,81.3793,94.6903,0.4591,0.664,16.941,7.52,12.7191,76.9231,59.1429,0.6886,0.6156,17.9824,1.8932,89.8645,88.9503,89.3617,94.6809,11.0636,1.7634,8810
North East and North Cumbria ICB - 99C ,A87029,Hadrian Health Centre,7.357,71.7697,68.3544,3.6625,4.7995,2.8206,4.1381,70.4067,70.6704,96.2264,0.9751,1.349,29.349,8.7701,18.0889,83.8499,69.6552,0.9751,1.2319,18.9859,1.9872,84.5529,84.1905,74.6212,88.2576,16.2976,2.597,25216
North East and North Cumbria ICB - 99C ,A87030,Redburn Park Medical Centre,7.9446,70.068,60.9756,2.7378,3.7844,3.138,3.4742,72.6872,73.3333,95.1613,0.5764,4.376,43.528,9.2508,16.4265,80.4878,55.2602,1.2328,1.3609,19.1332,1.0177,89.4427,84.507,88.0,96.0,20.5644,2.1454,7437
North East and North Cumbria ICB - 99C ,A87600,Park Parade Practice,7.0129,79.4872,74.5614,3.1723,5.1054,1.6795,4.9969,76.129,80.3922,95.3488,0.7464,1.041,,6.9389,15.3846,79.1444,71.1712,0.6428,1.016,11.3538,1.3481,89.3289,80.0,94.1176,98.0392,7.4507,2.7991,4873
North East and North Cumbria ICB - 99C ,A87612,Wellspring Medical Pract.,9.1489,75.4545,71.3333,4.9707,7.0807,3.1182,4.6774,76.1905,76.9231,98.4615,1.2813,2.921,16.494,9.713,20.7163,87.1111,78.2453,0.849,1.1578,22.0739,2.1156,90.8263,86.3014,89.8876,97.7528,11.972,2.578,7187
North East and North Cumbria ICB - 99C ,A87615,Mallard Medical Practice,7.7058,75.4717,69.7248,3.5525,5.3071,2.82,4.523,74.0541,74.4186,96.2264,0.7874,1.159,17.259,8.3105,17.8722,80.5714,55.8052,0.8057,0.8423,14.0209,1.3568,89.1997,84.7328,79.6875,92.1875,12.1655,2.1058,5344
